X (chunk coord),Z (chunk coord),Count
41,-15,37
38,-13,36
40,-12,36
39,-12,35
39,-13,35
40,-13,35
41,-11,35
47,-18,35
12,-9,34
37,-12,34
37,-13,34
38,-14,34
40,-14,34
41,-12,34
42,-12,34
42,-14,34
-44,13,34
-44,14,34
46,-18,34
47,-17,34
48,-16,34
47,-19,34
17,-11,33
-37,-12,33
38,-12,33
40,-10,33
39,-14,33
40,-11,33
40,-15,33
41,-13,33
41,-14,33
42,-11,33
44,-17,33
47,-16,33
48,-17,33
49,-17,33
50,-17,33
49,33,33
81,34,33
-83,-50,33
99,-32,33
99,-33,33
-97,-74,33
-98,-74,33
-98,-75,33
-92,90,33
-91,92,33
11,-9,32
13,-8,32
13,-9,32
15,-11,32
15,-12,32
37,-14,32
39,-10,32
39,-11,32
39,-15,32
-42,-6,32
42,-10,32
-43,-6,32
41,-16,32
-44,-6,32
44,-18,32
44,-19,32
45,-17,32
46,-16,32
49,-15,32
49,-16,32
48,-19,32
50,-16,32
-8,55,32
-7,59,32
53,27,32
-75,56,32
-76,56,32
-82,-53,32
60,81,32
64,79,32
98,-30,32
98,-31,32
98,-32,32
99,-30,32
-95,-71,32
-96,-71,32
-96,-74,32
-99,-73,32
-100,-74,32
-91,91,32
-92,91,32
14,-8,31
13,-11,31
14,-10,31
14,-11,31
15,-10,31
16,-10,31
16,-11,31
18,-11,31
-23,15,31
-23,16,31
-24,17,31
-36,-5,31
36,-14,31
36,-15,31
-17,36,31
38,-15,31
-43,-5,31
-43,-7,31
-43,-8,31
-43,-9,31
42,-13,31
-44,-7,31
42,-15,31
-44,-8,31
-44,-9,31
43,-13,31
43,-15,31
44,-14,31
46,-17,31
46,-19,31
47,-20,31
48,-18,31
49,-18,31
50,-18,31
52,-16,31
-6,58,31
49,32,31
48,34,31
48,35,31
49,34,31
-30,-55,31
-69,-33,31
81,33,31
-91,-13,31
-74,56,31
-76,58,31
-82,-50,31
-81,-53,31
-82,-52,31
-83,-52,31
60,78,31
-83,-53,31
61,78,31
-84,-54,31
60,80,31
96,-31,31
63,79,31
61,81,31
97,-31,31
61,82,31
99,-31,31
99,-34,31
99,-37,31
-63,92,31
-99,-71,31
-93,82,31
-100,-75,31
-96,84,31
-4,7,30
-5,7,30
-4,8,30
-5,10,30
10,-8,30
11,-7,30
3,14,30
12,-8,30
14,-5,30
14,-7,30
14,-9,30
12,-12,30
13,-13,30
17,-7,30
15,-13,30
16,-12,30
17,-12,30
18,-12,30
19,-11,30
-23,14,30
-29,6,30
-23,19,30
-25,20,30
-34,-14,30
34,-14,30
-34,-15,30
-35,-15,30
35,-15,30
-38,-6,30
37,-11,30
-36,-14,30
-36,-15,30
-37,-13,30
37,-15,30
-17,37,30
38,-16,30
-41,-5,30
-41,-6,30
-41,-7,30
39,-16,30
-42,-5,30
-42,-7,30
40,-16,30
40,-17,30
40,-18,30
-43,-10,30
-43,-11,30
41,-17,30
43,-12,30
42,-16,30
-45,-6,30
-43,15,30
43,-16,30
-44,15,30
44,-16,30
-45,13,30
-45,14,30
45,-14,30
45,-15,30
45,-16,30
46,-13,30
44,-20,30
45,-18,30
47,-13,30
45,-20,30
-21,45,30
48,-20,30
50,-15,30
48,-21,30
39,35,30
49,-20,30
51,-15,30
51,-16,30
50,-19,30
-6,54,30
52,-17,30
46,32,30
-12,55,30
-7,56,30
49,28,30
-8,56,30
48,30,30
-9,56,30
49,30,30
-8,57,30
50,29,30
49,31,30
51,28,30
48,33,30
51,29,30
53,26,30
-6,59,30
52,29,30
-6,60,30
-7,60,30
50,35,30
-30,-54,30
-30,-56,30
-65,-31,30
-66,-31,30
-33,-66,30
-67,-31,30
-34,-66,30
-68,-32,30
-71,-32,30
30,-75,30
-82,-14,30
-82,-15,30
-83,-15,30
80,34,30
81,32,30
82,33,30
-72,54,30
-70,57,30
-72,56,30
15,-90,30
-91,-12,30
-72,57,30
-75,53,30
-74,55,30
-75,54,30
-73,57,30
-92,-12,30
-75,55,30
-92,-14,30
-76,57,30
-77,56,30
-81,-51,30
-81,-52,30
-80,-54,30
-82,-51,30
-81,-54,30
-81,-55,30
-82,-54,30
-82,-55,30
-81,-57,30
60,79,30
-77,63,30
-81,-58,30
61,79,30
-81,-59,30
-82,-58,30
-83,-57,30
-84,-56,30
56,84,30
57,84,30
97,-30,30
-79,64,30
63,80,30
95,-38,30
98,-34,30
97,-37,30
96,-40,30
98,-36,30
-61,91,30
-62,91,30
-63,93,30
-96,-72,30
-97,-71,30
-95,-74,30
-96,-73,30
-97,-72,30
-97,-73,30
-98,-72,30
-96,-75,30
-97,-75,30
-97,-76,30
-100,-73,30
-99,-75,30
-98,-77,30
-99,-76,30
-99,-77,30
-100,-76,30
-99,-79,30
-100,-78,30
-90,90,30
-100,-79,30
-91,90,30
-90,91,30
-100,-80,30
-97,85,30
-92,92,30
-3,8,29
0,9,29
-2,11,29
5,10,29
4,11,29
9,-8,29
9,-9,29
2,13,29
10,-9,29
11,-8,29
10,-10,29
11,-10,29
14,-6,29
12,-10,29
12,-11,29
13,-10,29
15,-7,29
15,-8,29
15,-9,29
14,-12,29
17,-8,29
18,-10,29
-13,-19,29
-14,-19,29
-6,-26,29
-10,-26,29
-27,7,29
-7,-27,29
-28,7,29
-29,3,29
-23,18,29
-24,18,29
-9,-32,29
31,-13,29
33,-14,29
-35,-13,29
-34,-16,29
-37,-7,29
-36,-13,29
36,-13,29
-35,-16,29
35,-16,29
-35,-17,29
38,-10,29
-39,-6,29
38,-11,29
-39,-7,29
-36,-17,29
-37,-15,29
-38,-13,29
-40,-6,29
-40,-7,29
40,-9,29
-39,-13,29
38,-17,29
-39,-15,29
38,-18,29
-39,-16,29
41,-10,29
-40,-14,29
-11,41,29
-42,-8,29
-42,-9,29
-12,42,29
-44,-5,29
43,-11,29
41,-18,29
-44,-10,29
43,-14,29
42,-17,29
-45,-7,29
-45,-8,29
-43,16,29
44,-13,29
42,-19,29
43,-17,29
44,-15,29
-45,12,29
-44,16,29
40,25,29
43,-20,29
41,25,29
-20,44,29
45,-19,29
42,25,29
48,-15,29
-23,45,29
-21,46,29
46,-21,29
-23,46,29
-21,47,29
47,-21,29
-23,47,29
49,-19,29
39,36,29
47,25,29
42,33,29
-8,53,29
40,36,29
48,25,29
-7,54,29
-9,54,29
43,34,29
44,33,29
-6,55,29
-7,55,29
53,-17,29
-14,54,29
50,25,29
50,26,29
50,27,29
45,35,29
-16,55,29
47,33,29
-14,56,29
52,26,29
50,30,29
-8,58,29
52,27,29
-5,59,29
50,33,29
49,35,29
54,27,29
50,34,29
55,27,29
55,28,29
-29,-55,29
51,36,29
-29,-56,29
-31,-55,29
-31,-56,29
56,32,29
57,31,29
-30,-58,29
57,32,29
50,-46,29
50,-47,29
51,-47,29
-66,-29,29
-66,-30,29
-66,-32,29
-67,-32,29
-34,-67,29
-70,-32,29
-70,-33,29
-42,-68,29
31,-75,29
-81,-15,29
-81,-18,29
-82,-18,29
-83,-14,29
78,34,29
-83,-19,29
-84,-14,29
-84,-15,29
33,-79,29
-81,-28,29
-82,-27,29
80,33,29
-82,-28,29
-86,-16,29
-83,-28,29
-26,-84,29
82,32,29
15,-87,29
-72,52,29
-85,-27,29
15,-88,29
-28,-85,29
13,-89,29
-86,-27,29
15,-89,29
16,-89,29
17,-89,29
18,-89,29
-74,53,29
16,-90,29
17,-90,29
-74,54,29
-73,56,29
-91,-14,29
-92,-10,29
-92,-13,29
-92,-15,29
-74,57,29
-93,-12,29
-75,57,29
-80,-52,29
-82,-49,29
-77,57,29
-24,-93,29
-83,-49,29
89,37,29
-77,58,29
89,38,29
-80,-55,29
-84,-49,29
-83,-51,29
-84,-50,29
59,78,29
61,77,29
-84,-51,29
-81,-56,29
-85,-50,29
-83,-54,29
-82,-56,29
59,80,29
62,78,29
-82,-57,29
-80,-60,29
60,-80,29
63,78,29
-99,-17,29
96,-30,29
-82,-59,29
-83,-58,29
-100,-16,29
56,85,29
-83,-59,29
62,81,29
97,-32,29
57,85,29
-84,-59,29
59,84,29
-85,-58,29
65,80,29
64,81,29
96,-38,29
98,-33,29
97,-38,29
62,84,29
64,83,29
97,-40,29
98,-38,29
67,82,29
99,-38,29
-64,86,29
-64,87,29
-60,91,29
-62,90,29
-60,92,29
-61,92,29
-64,90,29
-63,91,29
-62,92,29
-61,93,29
-62,93,29
-61,94,29
-97,-70,29
-98,-71,29
-98,-73,29
-99,-72,29
-99,-74,29
-98,-76,29
-93,83,29
-98,-78,29
-98,-79,29
-99,-78,29
-100,-77,29
-89,91,29
-97,87,29
-94,91,29
-2,9,28
-5,8,28
-3,9,28
-4,9,28
-6,8,28
-1,10,28
1,10,28
7,-9,28
-6,11,28
4,12,28
7,-11,28
3,13,28
12,-6,28
12,-7,28
0,14,28
1,14,28
-2,14,28
13,-7,28
5,14,28
1,15,28
2,15,28
4,15,28
13,-12,28
16,-8,28
14,-13,28
17,-10,28
17,-13,28
-11,-19,28
19,-12,28
-14,-18,28
-20,15,28
-22,14,28
-8,-25,28
-5,-26,28
-7,-26,28
-22,16,28
-22,17,28
-25,15,28
-9,-28,28
-29,8,28
-9,-29,28
-26,16,28
-26,17,28
-24,20,28
-25,19,28
-8,-31,28
-26,19,28
-26,21,28
-11,-33,28
32,-14,28
-12,-33,28
-34,-9,28
-32,15,28
33,-13,28
-35,-7,28
-35,-8,28
-35,-9,28
-36,-4,28
-33,-15,28
-35,-10,28
-34,13,28
34,-13,28
-36,-6,28
33,-16,28
-34,14,28
-35,-12,28
-36,-9,28
-37,-4,28
-36,-10,28
36,10,28
-37,-6,28
35,-14,28
-36,-12,28
36,-12,28
-38,-4,28
-37,-10,28
37,-10,28
-35,16,28
-38,-7,28
-38,-9,28
-39,-4,28
-39,-5,28
-18,35,28
35,-18,28
-16,36,28
36,-16,28
-38,-11,28
-37,-14,28
36,-17,28
39,-9,28
-18,36,28
36,-18,28
-37,-16,28
-38,-14,28
36,-19,28
37,-17,28
-40,-8,28
-39,-12,28
-15,38,28
-18,37,28
37,-19,28
-38,-17,28
-41,-8,28
-42,-4,28
38,-19,28
39,-17,28
-12,41,28
39,-18,28
-10,42,28
-11,42,28
-44,-4,28
-41,17,28
-42,15,28
-43,12,28
-43,13,28
-42,16,28
-41,19,28
-14,43,28
-45,-5,28
-44,12,28
41,-20,28
-45,-9,28
-45,-10,28
-14,44,28
45,-12,28
43,-18,28
-46,-8,28
45,-13,28
-46,-9,28
39,26,28
42,-21,28
-14,45,28
-45,15,28
46,-14,28
-24,42,28
46,-15,28
-21,44,28
47,-14,28
47,-15,28
48,-12,28
48,-13,28
48,-14,28
-22,45,28
-20,46,28
-22,46,28
-10,51,28
-10,52,28
-6,53,28
-10,53,28
-8,54,28
48,26,28
46,30,28
49,25,28
-11,54,28
44,34,28
47,30,28
45,33,28
49,27,28
53,-18,28
43,36,28
-19,53,28
47,31,28
-6,56,28
45,34,28
46,33,28
47,32,28
49,29,28
51,26,28
50,28,28
-7,57,28
-17,55,28
48,32,28
52,25,28
51,27,28
-15,56,28
47,34,28
-7,58,28
52,28,28
50,32,28
-17,57,28
-8,59,28
54,26,28
-5,60,28
-8,60,28
55,26,28
-29,-54,28
53,31,28
51,35,28
52,34,28
55,31,28
-29,-57,28
53,36,28
-31,-57,28
50,-42,28
-29,-59,28
58,32,28
-33,-58,28
58,35,28
51,-46,28
-32,61,28
-70,-3,28
-35,-62,28
-65,-32,28
-67,-29,28
-67,-30,28
-68,-29,28
-68,-30,28
-35,-66,28
-43,62,28
-35,-67,28
-69,-31,28
-34,-68,28
-70,-30,28
59,-49,28
-39,68,28
-36,71,28
-40,69,28
-37,71,28
-81,-16,28
-43,-71,28
77,32,28
78,31,28
69,-48,28
-38,-75,28
29,-79,28
-82,-19,28
-83,-16,28
78,33,28
-83,-18,28
-81,-27,28
78,35,28
-84,-18,28
34,-79,28
-26,-82,28
-84,-19,28
-80,-32,28
80,32,28
-85,-15,28
79,35,28
-85,-16,28
-85,-17,28
-38,-78,28
-83,-26,28
-69,53,28
-83,-27,28
-86,-15,28
-28,-83,28
-86,-17,28
-38,-79,28
-84,-27,28
27,-84,28
81,35,28
-87,-15,28
-87,-16,28
-84,-28,28
53,-71,28
82,34,28
-88,-14,28
-82,-35,28
-72,53,28
-85,-28,28
-82,-36,28
-86,-25,28
-73,52,28
17,-88,28
-71,55,28
-86,-26,28
-74,51,28
-71,56,28
-86,-28,28
-74,52,28
-87,-25,28
-72,55,28
-87,-26,28
-73,54,28
-90,-13,28
-71,57,28
-90,-14,28
-73,55,28
-91,-11,28
-92,-11,28
-76,53,28
-91,-18,28
-76,54,28
93,10,28
-91,-22,28
-76,55,28
86,38,28
-77,54,28
-78,53,28
-80,-50,28
94,10,28
-79,-52,28
-77,55,28
-81,-49,28
18,-93,28
-12,94,28
89,33,28
87,38,28
95,5,28
-81,-50,28
58,76,28
-79,-54,28
-23,-93,28
88,38,28
-83,-48,28
-80,-53,28
82,-50,28
60,-75,28
62,-74,28
90,35,28
61,-75,28
58,78,28
90,37,28
-85,-48,28
60,77,28
-80,-56,28
90,38,28
-73,65,28
91,36,28
58,79,28
-85,-49,28
-80,-57,28
59,79,28
-84,-52,28
-80,-58,28
-86,-49,28
-84,-53,28
-86,-50,28
63,77,28
-83,-55,28
-86,-51,28
56,83,28
59,81,28
-84,-55,28
62,79,28
-100,-10,28
60,-81,28
-87,-51,28
-78,64,28
-99,-21,28
61,-81,28
-100,-17,28
-84,-57,28
-100,-18,28
95,-37,28
-84,-58,28
58,84,28
96,-35,28
-79,65,28
65,79,28
-83,-60,28
64,80,28
97,-33,28
62,82,28
96,-37,28
95,-40,28
97,-35,28
-84,-60,28
-82,63,28
63,82,28
-85,-59,28
59,85,28
96,-39,28
-85,-60,28
97,-39,28
-85,-61,28
65,82,28
99,-35,28
97,-41,28
-86,-61,28
98,-40,28
62,86,28
64,85,28
99,-39,28
66,84,28
65,85,28
67,84,28
66,85,28
-65,86,28
65,86,28
-60,90,28
-62,89,28
68,85,28
72,-83,28
-60,93,28
-64,91,28
-69,88,28
-62,94,28
-63,94,28
-92,-68,28
-93,-68,28
-94,-69,28
-94,-70,28
-95,-70,28
-96,-70,28
-95,-72,28
-95,-73,28
-98,-70,28
-95,-75,28
-100,-71,28
-100,-72,28
-92,82,28
-97,-77,28
-95,84,28
-96,83,28
-91,89,28
-95,85,28
-95,86,28
-96,85,28
-97,84,28
-96,86,28
-93,90,28
-95,88,28
-97,86,28
-93,91,28
-96,88,28
-95,92,28
-5,6,27
-6,7,27
5,-8,27
0,10,27
-2,10,27
2,10,27
-5,9,27
3,10,27
-4,10,27
6,-9,27
0,11,27
-1,11,27
8,-8,27
9,-7,27
0,12,27
1,12,27
-2,12,27
7,-10,27
-5,12,27
0,13,27
5,12,27
-1,13,27
9,-10,27
4,13,27
13,-5,27
13,-6,27
14,-4,27
7,13,27
0,15,27
9,-12,27
15,-6,27
11,-12,27
16,-6,27
12,-13,27
13,-14,27
17,-9,27
18,-7,27
13,-15,27
18,-9,27
16,-13,27
-13,-18,27
20,-11,27
-15,-19,27
-7,-24,27
-6,-25,27
-8,-26,27
-5,-27,27
-27,6,27
-6,-27,27
-24,14,27
-28,3,27
-24,15,27
-21,19,27
-22,18,27
-9,-27,27
-23,17,27
-28,6,27
-10,-27,27
-24,16,27
-28,8,27
-8,-28,27
-11,-27,27
-25,16,27
-22,20,27
-10,-28,27
-29,7,27
-7,-29,27
-11,-28,27
-25,17,27
-22,21,27
-30,6,27
-24,19,27
-10,-29,27
-30,7,27
-25,18,27
-30,8,27
-8,-30,27
-22,22,27
-10,-30,27
-7,-31,27
-9,-31,27
-10,-31,27
-25,21,27
-26,20,27
-11,-31,27
-14,-30,27
-33,-9,27
-34,-4,27
-34,-5,27
32,-13,27
-34,-8,27
-35,-4,27
-34,-10,27
-33,-13,27
-33,16,27
-35,-11,27
-32,18,27
-36,-8,27
36,9,27
-33,17,27
33,-17,27
-37,-5,27
-36,-11,27
-35,-14,27
-35,14,27
-37,-8,27
-34,17,27
-35,15,27
-38,-3,27
-38,-5,27
37,10,27
-34,18,27
-16,35,27
-37,-11,27
37,11,27
37,12,27
35,-17,27
38,-9,27
-39,-3,27
-38,-10,27
-36,-16,27
-39,-8,27
-36,17,27
-19,35,27
-38,-12,27
38,12,27
-15,37,27
-40,-4,27
-36,-18,27
-37,-17,27
40,-8,27
-38,-15,27
-40,-9,27
37,-18,27
-41,-4,27
-40,-10,27
-38,-16,27
-41,-9,27
-40,-13,27
42,3,27
-19,38,27
-39,-17,27
-40,-15,27
-20,38,27
38,-20,27
-9,42,27
-16,40,27
-43,-3,27
43,3,27
39,-20,27
-40,18,27
-13,42,27
-44,-3,27
43,-10,27
-12,43,27
-45,-4,27
-43,14,27
-42,18,27
-43,17,27
-46,-5,27
-45,11,27
45,-11,27
-46,-6,27
42,-20,27
-13,45,27
43,-19,27
-44,17,27
46,-11,27
-24,41,27
-44,18,27
40,26,27
-45,16,27
-46,14,27
-22,43,27
-46,15,27
-15,46,27
41,26,27
-13,47,27
41,27,27
-22,44,27
-20,45,27
41,28,27
45,-21,27
42,27,27
46,-20,27
-15,49,27
43,28,27
38,35,27
-22,47,27
-20,48,27
-22,48,27
-11,52,27
40,35,27
-23,48,27
-12,52,27
47,26,27
39,37,27
51,-17,27
41,35,27
42,34,27
52,-15,27
-11,53,27
43,33,27
-12,53,27
46,29,27
44,32,27
40,37,27
41,36,27
51,-20,27
53,-15,27
45,32,27
52,-19,27
49,26,27
-13,54,27
52,-20,27
-9,55,27
48,29,27
54,-17,27
-14,55,27
51,25,27
44,36,27
-10,56,27
54,-18,27
-15,55,27
48,31,27
-12,56,27
-9,57,27
-5,58,27
-13,57,27
-17,56,27
53,25,27
50,31,27
-9,59,27
51,31,27
53,28,27
52,30,27
51,32,27
-29,-53,27
52,31,27
-28,-54,27
54,28,27
-30,-53,27
51,34,27
-31,-53,27
42,-45,27
-28,-55,27
-15,60,27
-31,-54,27
-28,-56,27
56,28,27
-15,61,27
43,-46,27
-30,-57,27
53,37,27
-29,-58,27
58,29,27
-32,-57,27
50,-43,27
54,-38,27
51,-42,27
-30,-59,27
-28,-60,27
56,36,27
54,-39,27
-29,-60,27
59,31,27
51,-43,27
58,33,27
-32,59,27
-34,-58,27
50,-45,27
51,-44,27
55,-39,27
49,-47,27
51,-45,27
56,-39,27
48,-49,27
59,36,27
49,-49,27
50,-48,27
51,-48,27
-66,-24,27
-64,-32,27
-34,-63,27
-66,-28,27
-67,-28,27
-65,-33,27
-68,-28,27
-35,-65,27
-32,-67,27
-33,-67,27
-68,-31,27
59,-47,27
-68,-33,27
66,37,27
-69,-32,27
-36,-67,27
-70,-31,27
60,-48,27
-41,65,27
-71,-30,27
-73,-25,27
60,-49,27
-41,66,27
-70,-34,27
-38,68,27
-74,-25,27
-37,69,27
-44,65,27
-38,-69,27
-72,-32,27
-37,-70,27
-39,69,27
-41,-68,27
-38,-70,27
-40,-69,27
-44,67,27
-41,-69,27
29,-75,27
-43,-70,27
-81,-14,27
-80,-19,27
-42,-71,27
-81,-17,27
-41,-72,27
-45,-70,27
-42,-72,27
-80,-24,27
-44,-71,27
-82,-16,27
-37,-75,27
-45,-71,27
79,29,27
77,34,27
78,32,27
-79,-31,27
79,31,27
70,-48,27
-38,-76,27
-80,-29,27
29,-80,27
32,-79,27
-39,-76,27
30,-80,27
70,-49,27
-68,52,27
79,33,27
-84,-17,27
-82,-25,27
79,34,27
-82,-26,27
-81,-29,27
-69,52,27
35,-79,27
-68,54,27
-85,-18,27
-82,-29,27
-26,-83,27
13,-86,27
-85,-19,27
-86,-14,27
79,37,27
80,35,27
-25,-84,27
12,-87,27
-84,-26,27
13,-87,27
-86,-19,27
14,-87,27
80,37,27
-27,-84,27
-81,-35,27
-71,53,27
-81,-36,27
18,-87,27
-85,-26,27
13,-88,27
-73,51,27
14,-88,27
-71,54,27
-74,50,27
16,-88,27
-75,49,27
-70,56,27
12,-89,27
18,-88,27
-89,-13,27
-82,-37,27
14,-89,27
-75,50,27
-73,53,27
-83,-36,27
-90,-12,27
-76,50,27
-82,-40,27
42,81,27
-91,-8,27
55,-73,27
-90,-16,27
-91,-9,27
-91,-10,27
54,-74,27
-90,-18,27
18,-90,27
19,-90,27
-83,-40,27
-91,-15,27
16,-91,27
-92,-9,27
-72,58,27
17,-91,27
-91,18,27
-77,52,27
86,36,27
-73,58,27
-92,-16,27
-91,-21,27
-77,53,27
17,-92,27
86,37,27
-93,-11,27
-92,-18,27
-93,-13,27
-92,19,27
-93,-14,27
94,5,27
87,36,27
-93,-15,27
94,8,27
-93,-17,27
17,-93,27
87,37,27
94,11,27
-75,58,27
90,30,27
-80,-51,27
19,-93,27
-24,-92,27
-79,-53,27
61,-73,27
-25,-92,27
95,9,27
55,78,27
89,35,27
-90,-33,27
-13,95,27
-76,59,27
-79,-55,27
-25,-93,27
58,77,27
91,32,27
-26,-93,27
60,76,27
-27,-93,27
90,36,27
-72,65,27
59,77,27
-78,58,27
-25,-94,27
62,-75,27
64,-74,27
55,81,27
63,-75,27
58,-79,27
57,80,27
91,37,27
56,81,27
-74,65,27
-76,63,27
58,80,27
62,77,27
56,82,27
-76,64,27
-80,-59,27
58,81,27
61,-79,27
-98,-20,27
-83,-56,27
-77,64,27
-85,-53,27
59,-81,27
-78,63,27
-87,-50,27
-100,-9,27
61,-80,27
61,80,27
57,83,27
-85,-54,27
-81,-60,27
64,78,27
59,-82,27
62,-80,27
-99,-22,27
60,-82,27
-88,-51,27
-80,63,27
59,83,27
-81,62,27
94,-40,27
61,-82,27
60,83,27
-80,64,27
-81,63,27
63,-81,27
95,-39,27
97,-34,27
58,85,27
-79,66,27
66,79,27
61,83,27
-80,65,27
62,83,27
-80,66,27
66,80,27
-86,-58,27
-81,65,27
65,81,27
64,82,27
60,85,27
98,-35,27
-86,-59,27
59,86,27
96,-41,27
-81,66,27
61,85,27
98,-37,27
99,-36,27
61,86,27
98,-39,27
65,84,27
-64,85,27
99,-40,27
-65,85,27
-41,99,27
64,86,27
68,83,27
67,85,27
73,-80,27
-61,90,27
67,86,27
73,-81,27
72,-82,27
-59,92,27
73,-82,27
-63,90,27
-59,93,27
-68,88,27
-88,-69,27
-64,92,27
-65,92,27
-64,93,27
-63,95,27
-64,95,27
-91,-70,27
-93,-70,27
-97,-66,27
-100,-63,27
-97,-68,27
-98,-67,27
81,-90,27
-95,-76,27
-100,-70,27
-96,-76,27
-86,88,27
-91,83,27
-92,83,27
-87,89,27
-97,-78,27
-94,82,27
-87,90,27
-94,83,27
-94,84,27
-95,83,27
-88,91,27
-99,-80,27
-94,86,27
-99,-81,27
-92,89,27
-89,92,27
-100,-81,27
-90,92,27
-95,87,27
-98,84,27
-100,-82,27
-94,89,27
-96,87,27
-98,85,27
-98,86,27
-92,93,27
-95,90,27
-96,89,27
-98,87,27
-94,92,27
-95,91,27
-96,90,27
-97,91,27
-100,88,27
-4,6,26
-2,7,26
-3,7,26
-6,6,26
-1,9,26
1,9,26
-7,6,26
-3,10,26
-7,8,26
-6,9,26
2,11,26
-7,9,26
3,11,26
10,-6,26
-4,11,26
-1,12,26
8,-9,26
-5,11,26
5,11,26
2,12,26
-7,10,26
10,-7,26
-3,12,26
3,12,26
11,-6,26
8,-10,26
1,13,26
-3,13,26
-6,12,26
8,-11,26
8,11,26
5,13,26
-1,14,26
2,14,26
9,-11,26
-6,13,26
8,-12,26
4,14,26
-5,14,26
10,-11,26
-12,-9,26
-2,15,26
6,14,26
3,15,26
15,-3,26
10,-12,26
5,15,26
9,-13,26
15,-5,26
10,-13,26
10,13,26
9,14,26
16,-7,26
16,-9,26
-18,4,26
19,-7,26
-21,2,26
16,-14,26
19,-10,26
-14,-17,26
17,14,26
18,-13,26
20,-10,26
-15,-18,26
-13,-20,26
-15,-20,26
-21,14,26
-22,13,26
-21,15,26
-7,-25,26
-20,17,26
-4,-26,26
-21,16,26
-9,-26,26
-21,18,26
-28,2,26
-27,8,26
-28,5,26
-5,-28,26
-6,-28,26
-7,-28,26
-22,19,26
-29,4,26
-29,5,26
-8,-29,26
-23,20,26
-11,-29,26
-23,21,26
-21,23,26
-26,18,26
-24,21,26
-27,17,26
-24,22,26
29,15,26
-32,-7,26
-28,17,26
-32,-8,26
30,-14,26
-24,23,26
-12,-31,26
-25,22,26
-33,-5,26
-10,-32,26
-33,-7,26
-7,33,26
-33,-8,26
-25,23,26
31,-14,26
-26,22,26
32,-12,26
-33,-10,26
-30,-18,26
-35,-3,26
-9,-34,26
32,-15,26
-35,-5,26
-31,-17,26
-35,-6,26
-30,-19,26
-32,16,26
-31,-18,26
-31,18,26
32,-17,26
-33,15,26
33,-15,26
-34,-13,26
-13,-34,26
-10,-35,26
-6,36,26
-30,-21,26
-36,-7,26
-33,-16,26
-35,12,26
-33,-17,26
-34,15,26
32,-19,26
-35,13,26
35,-13,26
34,-16,26
36,-11,26
36,11,26
-32,20,26
-34,-17,26
-33,19,26
-36,13,26
-34,-18,26
-7,38,26
-17,35,26
-39,-2,26
-14,37,26
-39,-9,26
-40,-5,26
-16,37,26
35,-20,26
37,-16,26
-14,38,26
-19,36,26
35,-21,26
-41,-3,26
-20,36,26
-16,38,26
-39,-14,26
-19,37,26
-17,38,26
36,-21,26
-12,40,26
41,-9,26
-18,38,26
37,-20,26
-16,39,26
36,-22,26
42,4,26
-41,-11,26
-15,40,26
42,-9,26
-13,41,26
-41,14,26
39,-19,26
-42,-11,26
-40,17,26
-42,-12,26
-16,41,26
-42,-14,26
-42,14,26
-14,42,26
-17,41,26
-11,43,26
40,-20,26
-13,43,26
-42,17,26
-44,-11,26
-44,11,26
44,-11,26
38,25,26
44,-12,26
42,-18,26
38,26,26
-42,19,26
39,25,26
-15,44,26
-46,-7,26
-43,18,26
-42,21,26
-43,19,26
-25,40,26
-47,-5,26
-46,11,26
-43,20,26
-47,-7,26
46,-12,26
-47,-8,26
-13,46,26
-21,43,26
43,-21,26
43,-22,26
-18,45,26
47,-12,26
44,-21,26
-47,13,26
-48,-10,26
-48,10,26
-47,14,26
-47,15,26
42,26,26
-44,23,26
-23,44,26
-24,44,26
43,26,26
42,28,26
44,25,26
-19,47,26
49,-13,26
43,27,26
-14,49,26
49,-14,26
38,34,26
46,-22,26
-20,47,26
44,26,26
46,-23,26
45,25,26
-16,49,26
-9,51,26
40,33,26
-24,46,26
47,-22,26
50,-14,26
44,28,26
-11,51,26
-15,50,26
-6,52,26
38,36,26
46,25,26
-21,48,26
-7,52,26
40,34,26
41,33,26
-24,47,26
48,-22,26
46,26,26
-14,51,26
-52,-10,26
-5,53,26
49,-21,26
-7,53,26
43,32,26
-9,53,26
50,-20,26
52,-14,26
45,30,26
-23,49,26
-5,54,26
-10,54,26
52,-18,26
48,27,26
53,-16,26
46,31,26
-17,53,26
54,-14,26
-18,53,26
-46,32,26
-15,54,26
-11,55,26
44,35,26
-16,54,26
-13,55,26
53,-20,26
-11,56,26
46,34,26
-6,57,26
44,37,26
55,-17,26
46,35,26
-47,34,26
-4,58,26
-16,56,26
47,35,26
-15,57,26
-4,59,26
51,30,26
-42,42,26
-41,-43,26
54,25,26
-14,58,26
-18,57,26
-15,58,26
48,36,26
-30,-52,26
-13,59,26
55,25,26
-17,58,26
-14,59,26
-18,58,26
51,33,26
49,36,26
40,-46,26
52,32,26
-4,61,26
-5,61,26
-8,61,26
50,36,26
-26,-56,26
54,30,26
53,32,26
-27,-56,26
56,27,26
55,29,26
42,-46,26
55,30,26
57,26,26
41,-48,26
52,36,26
53,35,26
47,-43,26
57,29,26
-27,-58,26
56,31,26
-28,-58,26
48,-43,26
49,-42,26
50,-41,26
47,-45,26
49,-43,26
58,30,26
-31,-58,26
58,31,26
49,-44,26
-33,-57,26
-32,-58,26
55,37,26
-34,-57,26
47,-47,26
48,-46,26
50,-44,26
-30,-60,26
49,-46,26
58,34,26
56,-38,26
48,-48,26
47,-49,26
55,-40,26
-34,-59,26
-68,-4,26
58,36,26
54,-42,26
59,35,26
47,-50,26
56,-40,26
-69,-4,26
48,-50,26
52,-46,26
59,-37,26
-32,62,26
-63,-30,26
-34,-61,26
60,36,26
50,-49,26
52,-47,26
-70,-4,26
-33,-62,26
-66,-25,26
-32,63,26
-34,-62,26
50,-50,26
51,-49,26
-65,-28,26
61,-36,26
-67,-23,26
-66,-26,26
60,-38,26
-71,-4,26
-64,-31,26
-33,63,26
-67,-24,26
-71,-5,26
-65,-29,26
-66,-27,26
-65,-30,26
-67,-26,26
-36,63,26
-35,-64,26
-34,-65,26
-36,-65,26
-69,-28,26
58,-48,26
-33,-68,26
-36,67,26
59,-48,26
-38,66,26
-42,64,26
-71,-29,26
-69,-34,26
-36,-68,26
-67,-38,26
-37,-68,26
-71,-31,26
-39,67,26
-74,-24,26
-36,-69,26
-75,-21,26
-68,-38,26
60,-50,26
-66,-42,26
-42,66,26
-70,-35,26
-35,70,26
-37,-69,26
-76,-20,26
-36,70,26
-75,-24,26
-69,-38,26
-43,66,26
-38,69,26
-21,-76,26
-42,-67,26
-35,71,26
-37,70,26
70,37,26
-73,-31,26
-75,-26,26
29,-74,26
-43,-67,26
-70,-38,26
-38,70,26
-76,-24,26
-79,-11,26
30,-74,26
-39,-70,26
-44,-67,26
31,-74,26
-43,-68,26
-71,-38,26
-40,70,26
-45,67,26
-44,68,26
-78,-24,26
-44,69,26
-80,-18,26
-38,-73,26
-45,69,26
-76,-32,26
11,-82,26
-38,74,26
-45,70,26
-82,-17,26
28,-79,26
79,28,26
-43,-72,26
-45,71,26
-42,-73,26
-44,-72,26
-82,-20,26
30,-79,26
-39,-75,26
-46,71,26
-69,49,26
69,-49,26
-83,-17,26
-80,-28,26
28,-80,26
80,28,26
31,-79,26
77,36,26
-81,-26,26
80,29,26
14,-84,26
-79,-32,26
79,32,26
27,-81,26
-46,72,26
-84,-16,26
80,31,26
-69,51,26
-38,-77,26
-85,-14,26
32,-80,26
71,-49,26
-37,-78,26
-27,-82,26
-81,-30,26
30,-81,26
81,30,26
-81,-31,26
81,31,26
79,36,26
-80,-34,26
34,-80,26
-70,52,26
-39,-78,26
-37,-79,26
-27,-83,26
-82,-30,26
35,-80,26
-84,-24,26
-71,51,26
-69,54,26
-82,-31,26
82,31,26
11,-87,26
-80,-36,26
80,36,26
-81,-34,26
18,-86,26
66,58,26
-83,-29,26
26,-84,26
-71,52,26
52,-71,26
-87,-14,26
-69,55,26
-82,-33,26
-28,-84,26
28,-84,26
-85,-25,26
81,36,26
-87,-17,26
-86,-22,26
12,-88,26
-84,-29,26
26,-85,26
83,32,26
-86,-23,26
82,35,26
27,-85,26
-83,-33,26
82,36,26
-77,46,26
-87,-22,26
-85,-29,26
-29,-85,26
83,35,26
-76,49,26
28,-86,26
-85,-31,26
-89,-17,26
-90,-11,26
-87,-27,26
27,-87,26
-83,-38,26
84,36,26
-90,16,26
-76,51,26
-90,-17,26
-71,58,26
-88,-26,26
84,37,26
-77,50,26
85,35,26
-76,52,26
-84,-38,26
85,36,26
-91,-16,26
-89,-25,26
-91,-17,26
11,-92,26
85,37,26
-89,-26,26
18,-91,26
-86,-35,26
-90,-23,26
-91,-19,26
27,-89,26
55,-75,26
-84,-40,26
-90,-24,26
-91,21,26
-90,-25,26
-93,-10,26
93,11,26
94,4,26
20,-92,26
94,6,26
-89,-31,26
-94,-10,26
90,29,26
-92,-22,26
-11,94,26
-94,-12,26
-90,-30,26
-78,54,26
-89,-33,26
-88,-36,26
88,36,26
81,-50,26
90,31,26
60,-74,26
95,8,26
-75,59,26
88,37,26
-90,-32,26
90,32,26
82,-49,26
95,10,26
-26,-92,26
-89,-35,26
-11,95,26
95,11,26
-12,95,26
57,77,26
61,-74,26
89,36,26
96,2,26
20,-94,26
96,5,26
55,79,26
-64,-72,26
96,8,26
63,-73,26
96,10,26
-94,-22,26
-62,-74,26
-78,57,26
57,78,26
-95,-18,26
-12,96,26
-94,-23,26
-91,-33,26
-76,60,26
-79,-56,26
56,79,26
-24,-94,26
55,80,26
63,-74,26
-95,-21,26
-75,62,26
-79,-57,26
57,79,26
61,76,26
-95,-22,26
56,80,26
-96,-18,26
-75,63,26
-24,-95,26
-79,58,26
-98,-2,26
-98,-3,26
-98,-4,26
-25,-95,26
-73,66,26
-86,-48,26
65,-74,26
59,-79,26
63,76,26
-77,62,26
-93,-34,26
-78,61,26
-85,-51,26
59,-80,26
-26,-96,26
55,83,26
95,-30,26
-85,-52,26
54,84,26
-75,66,26
-100,-5,26
-98,-21,26
-100,-7,26
-99,-16,26
-100,-8,26
-77,65,26
-99,-20,26
59,82,26
-100,-15,26
96,-32,26
62,80,26
-87,-52,26
-81,-61,26
-77,66,26
-78,65,26
-82,-60,26
60,82,26
-41,93,26
64,-79,26
-100,-19,26
-85,-56,26
59,-83,26
91,-46,26
62,-81,26
-78,66,26
-85,-57,26
60,-83,26
92,-45,26
96,-36,26
63,81,26
-76,69,26
59,-84,26
62,-82,26
57,86,26
60,84,26
-81,64,26
-77,69,26
97,-36,26
58,86,26
-84,-61,26
61,84,26
-40,96,26
63,83,26
-84,-62,26
66,81,26
-87,-58,26
-82,65,26
-86,-60,26
-87,-59,26
-85,-62,26
63,85,26
-88,-59,26
97,-43,26
-65,84,26
-41,98,26
98,-41,26
63,86,26
67,83,26
-89,-59,26
-89,-60,26
-63,87,26
-42,99,26
68,84,26
72,-81,26
-59,91,26
-65,87,26
74,-80,26
-63,89,26
-66,87,26
71,-83,26
-64,89,26
-68,87,26
-88,-67,26
-89,-66,26
-59,94,26
-88,-68,26
-60,94,26
-68,89,26
-66,91,26
-89,-69,26
-61,95,26
-90,-69,26
-62,95,26
-92,-67,26
-93,-66,26
75,86,26
-63,96,26
-72,90,26
-71,91,26
-62,98,26
-96,-66,26
76,-89,26
-99,-63,26
-95,-69,26
-92,-73,26
76,-90,26
-92,-74,26
-98,-66,26
-100,63,26
-96,-69,26
74,-93,26
-94,-73,26
-97,-69,26
-98,-68,26
75,-93,26
-94,-74,26
79,-90,26
-94,-75,26
-99,-69,26
80,-92,26
-91,82,26
-96,-77,26
-86,89,26
-97,-79,26
-97,-80,26
-89,89,26
-98,-80,26
-89,90,26
-94,85,26
-80,-99,26
-88,92,26
-97,83,26
-88,93,26
-94,87,26
-89,93,26
-90,93,26
-99,84,26
-91,93,26
-94,90,26
-95,89,26
-99,85,26
-93,92,26
-99,86,26
-100,87,26
-95,93,26
-96,92,26
-96,93,26
1,6,25
0,7,25
-1,8,25
4,7,25
2,9,25
4,9,25
6,-8,25
5,9,25
7,-8,25
1,11,25
-3,11,25
-6,10,25
11,-4,25
-8,9,25
8,9,25
11,-5,25
6,11,25
12,-5,25
-7,11,25
13,-3,25
6,12,25
13,-4,25
-5,13,25
-3,14,25
6,13,25
14,-3,25
-7,13,25
-1,15,25
-6,14,25
8,13,25
15,-4,25
11,-11,25
-14,-7,25
7,14,25
-1,16,25
8,14,25
-15,-6,25
6,15,25
16,-3,25
16,-4,25
-15,-7,25
7,15,25
11,-13,25
10,14,25
-16,-7,25
17,-5,25
17,-6,25
12,-14,25
-19,3,25
18,-8,25
14,-14,25
-13,-15,25
-20,1,25
14,-15,25
13,-16,25
-12,-17,25
19,-9,25
-14,-16,25
-13,-17,25
20,-8,25
-15,-16,25
16,-15,25
-12,-19,25
17,15,25
-23,2,25
-16,-17,25
18,-15,25
18,15,25
19,14,25
21,-11,25
-7,-23,25
-14,-20,25
-3,-25,25
-8,-24,25
-4,-25,25
-11,-23,25
-5,-25,25
-20,16,25
-25,8,25
-26,4,25
-23,13,25
-26,5,25
-9,-25,25
-22,15,25
-26,6,25
-10,-25,25
-27,2,25
-3,-27,25
-26,8,25
-27,4,25
-24,13,25
-2,-28,25
-8,-27,25
-3,-28,25
-4,-28,25
-12,-26,25
-25,14,25
-20,21,25
-29,1,25
-29,2,25
-4,-29,25
-28,9,25
-12,-27,25
-20,22,25
-30,1,25
-30,2,25
-30,5,25
-21,22,25
-13,-28,25
29,-11,25
28,14,25
-30,9,25
-9,-30,25
29,-12,25
-31,7,25
-13,-29,25
-11,-30,25
-31,-8,25
-31,8,25
-14,-29,25
29,14,25
-31,9,25
-12,-30,25
-27,18,25
-32,-6,25
-13,-30,25
30,-13,25
31,-11,25
-8,32,25
-31,12,25
-23,24,25
31,-12,25
-32,-10,25
-33,-6,25
30,-15,25
-27,20,25
-13,-31,25
-11,-32,25
-12,-32,25
-10,-33,25
-34,-6,25
-32,-13,25
-13,-32,25
33,-11,25
-32,14,25
-14,-32,25
-30,18,25
33,-12,25
-4,35,25
-31,17,25
-5,35,25
-24,26,25
-10,-34,25
-11,-34,25
34,-11,25
32,-16,25
-33,-14,25
-8,-35,25
-34,-12,25
-30,-20,25
-12,-34,25
34,-12,25
-36,-3,25
35,9,25
-32,17,25
-5,36,25
-31,-19,25
-31,19,25
31,-19,25
-13,34,25
35,10,25
-32,-18,25
32,-18,25
-31,-20,25
35,12,25
-37,-3,25
34,-15,25
-34,16,25
-33,18,25
-36,11,25
-36,12,25
36,12,25
34,-17,25
-37,-9,25
-33,-19,25
33,-19,25
37,-9,25
36,13,25
-33,20,25
-38,-8,25
-35,17,25
34,-19,25
-13,37,25
-35,-18,25
-34,20,25
-6,39,25
38,11,25
35,-19,25
-13,38,25
38,13,25
-36,18,25
-39,-11,25
41,2,25
41,3,25
36,-20,25
35,-22,25
-40,-12,25
-8,41,25
-15,39,25
-38,-18,25
42,2,25
-20,37,25
-42,-3,25
-39,16,25
-41,-10,25
-14,40,25
-42,6,25
-39,17,25
-17,39,25
37,-21,25
-34,-26,25
-18,39,25
-41,-13,25
-42,-10,25
-43,-4,25
-41,-14,25
-14,41,25
-21,38,25
-41,-15,25
-41,15,25
-15,41,25
-41,16,25
40,-19,25
39,-21,25
-37,-25,25
-41,18,25
-45,-2,25
-45,-3,25
41,-19,25
-41,20,25
-13,44,25
41,-21,25
45,-10,25
-24,40,25
-23,41,25
-42,22,25
-15,45,25
39,27,25
-46,12,25
-16,45,25
-47,-9,25
-43,21,25
-23,42,25
-44,19,25
-19,44,25
-25,41,25
48,-3,25
-45,17,25
-17,45,25
48,-4,25
40,27,25
-47,12,25
-46,16,25
-16,46,25
40,28,25
-25,42,25
49,-4,25
44,-22,25
-43,24,25
48,-11,25
-18,46,25
44,-23,25
-13,48,25
45,-22,25
-49,11,25
41,29,25
-18,47,25
38,33,25
39,32,25
45,-23,25
-13,49,25
-24,45,25
42,29,25
-18,48,25
41,31,25
-19,48,25
50,-13,25
39,34,25
-51,-9,25
-51,-10,25
45,26,25
41,32,25
-18,49,25
47,-23,25
-12,51,25
45,27,25
-8,52,25
-13,51,25
51,-13,25
-52,-9,25
47,-24,25
42,32,25
51,-14,25
45,28,25
-4,53,25
44,30,25
41,34,25
-21,49,25
45,29,25
48,-24,25
-22,49,25
44,31,25
51,-18,25
-43,33,25
47,27,25
50,-21,25
-24,49,25
-13,53,25
45,31,25
-43,34,25
-14,53,25
-18,52,25
-15,53,25
47,29,25
-12,54,25
-19,52,25
-16,53,25
-24,50,25
-20,-52,25
-41,38,25
-10,55,25
42,37,25
54,-15,25
52,-21,25
-5,56,25
53,-19,25
54,-16,25
-24,51,25
-45,34,25
-41,39,25
-46,33,25
-17,54,25
42,38,25
-20,53,25
43,37,25
-18,54,25
55,-15,25
-4,57,25
-5,57,25
54,-19,25
-42,-39,25
43,38,25
-47,33,25
-20,54,25
45,36,25
-18,55,25
-10,57,25
55,-18,25
55,-19,25
-12,57,25
-42,41,25
-41,42,25
-14,57,25
-44,-39,25
-18,56,25
56,-19,25
-30,51,25
-16,57,25
47,36,25
-2,60,25
-3,60,25
-42,-43,25
-4,60,25
41,-44,25
40,-45,25
-25,55,25
-26,-55,25
-15,59,25
41,-45,25
-50,35,25
-3,61,25
39,-47,25
-27,-55,25
-6,61,25
56,25,25
-7,61,25
-14,60,25
-61,-11,25
43,-45,25
54,31,25
-6,62,25
41,-47,25
-26,-57,25
52,35,25
54,32,25
-62,-11,25
-42,-47,25
42,-47,25
56,29,25
57,27,25
-41,-48,25
40,-49,25
-28,-57,25
56,30,25
55,32,25
44,-46,25
52,-37,25
-41,-49,25
49,-41,25
-40,-50,25
47,-44,25
41,-50,25
-33,-56,25
-28,-59,25
-26,-60,25
54,37,25
47,-46,25
48,-45,25
-61,-25,25
52,-41,25
55,-37,25
53,-40,25
49,-45,25
-31,-59,25
-27,-61,25
52,-42,25
55,-38,25
57,-35,25
57,35,25
59,32,25
54,-40,25
57,36,25
60,31,25
-35,-58,25
-32,-60,25
59,34,25
49,-48,25
55,-41,25
58,37,25
61,32,25
60,34,25
54,-43,25
-69,-3,25
59,-36,25
-69,-5,25
61,33,25
-35,-60,25
60,35,25
54,-44,25
55,-43,25
-36,-60,25
60,-36,25
49,-50,25
-70,-5,25
-33,62,25
-64,-29,25
-35,-61,25
61,35,25
-65,-27,25
60,-37,25
60,37,25
-64,-30,25
55,-45,25
-33,-63,25
-35,62,25
-37,61,25
61,37,25
51,-50,25
-67,-25,25
-34,63,25
-35,63,25
-68,-24,25
52,-50,25
-37,62,25
58,-43,25
-64,-34,25
-34,-64,25
57,-45,25
58,-44,25
-33,-65,25
-31,-66,25
-40,61,25
59,-43,25
-37,63,25
56,-47,25
-68,-27,25
57,-46,25
-32,-66,25
-36,-64,25
-36,64,25
56,-48,25
-40,62,25
-66,-33,25
-42,61,25
-69,-27,25
-41,62,25
-38,-64,25
58,-47,25
-67,-33,25
-69,-29,25
-67,-34,25
-32,-68,25
-36,-66,25
-36,66,25
-69,-30,25
-72,-22,25
70,28,25
-33,68,25
-37,-66,25
-37,66,25
-70,-29,25
-41,64,25
-68,-34,25
-75,-13,25
66,38,25
60,-47,25
-71,-28,25
-68,-35,25
-35,-68,25
-67,-37,25
-37,67,25
67,37,25
-34,-69,25
-36,68,25
-38,67,25
28,-72,25
59,-50,25
-35,69,25
69,35,25
-65,-42,25
-42,65,25
-37,68,25
-69,-36,25
68,38,25
-77,-12,25
-43,65,25
-40,-67,25
-71,-33,25
-33,-71,25
-19,-76,25
-65,-44,25
-41,-67,25
-41,67,25
-36,-70,25
-43,-66,25
-40,68,25
-75,-25,25
-76,-22,25
-74,-28,25
-70,-37,25
-44,66,25
-76,-23,25
-77,-20,25
-20,-77,25
-43,67,25
-34,-72,25
24,76,25
32,-73,25
-77,-21,25
-45,66,25
-79,-12,25
12,79,25
-76,-25,25
28,-75,25
-37,-71,25
-70,-39,25
-39,70,25
-80,-6,25
-77,-23,25
-46,66,25
-80,-10,25
-74,-32,25
-70,-40,25
-78,-21,25
-75,-30,25
-69,-42,25
-42,-69,25
-79,-17,25
-72,-37,25
-77,-25,25
-76,-28,25
-44,-68,25
-39,-71,25
-39,71,25
33,-74,25
-43,-69,25
-78,-23,25
-81,-8,25
-80,-15,25
-38,-72,25
-38,72,25
34,-74,25
-45,68,25
32,-75,25
-80,-16,25
-24,-78,25
-42,-70,25
-79,-21,25
11,-81,25
-80,-17,25
-39,-72,25
-75,-33,25
33,-75,25
-41,-71,25
-41,71,25
-79,-22,25
22,-79,25
-43,70,25
34,-75,25
-80,-20,25
-20,-80,25
10,-82,25
-44,-70,25
-44,70,25
-39,-73,25
-76,-33,25
22,-80,25
-77,-31,25
-79,-26,25
-36,-75,25
-81,-19,25
78,29,25
68,-48,25
-81,-20,25
-79,-27,25
69,-47,25
24,-80,25
-39,-74,25
-39,74,25
-46,70,25
-77,-33,25
77,33,25
-83,-13,25
-80,-26,25
-81,-23,25
6,84,25
27,-80,25
-81,-24,25
79,30,25
-37,-76,25
-39,75,25
77,35,25
-46,-71,25
-78,-33,25
-22,-82,25
-84,-13,25
1,-85,25
-82,-23,25
-69,50,25
-44,-73,25
-83,-20,25
-82,-24,25
80,30,25
-35,-78,25
10,-85,25
81,28,25
11,85,25
-80,-31,25
31,-80,25
-36,-78,25
78,36,25
26,-82,25
81,29,25
-23,-83,25
-68,53,25
-84,-20,25
-83,-24,25
52,-69,25
-74,45,25
-70,51,25
-25,-83,25
11,-86,25
31,-81,25
-73,47,25
71,-50,25
-23,-84,25
27,-83,25
-85,-20,25
-75,45,25
10,-87,25
28,-83,25
-84,-25,25
-40,-78,25
-74,47,25
-70,53,25
-73,49,25
-49,73,25
-75,46,25
-74,48,25
-83,-30,25
-76,45,25
-70,54,25
54,-70,25
16,-87,25
-40,-79,25
-38,-80,25
-25,-85,25
17,-87,25
-74,49,25
-82,-34,25
34,82,25
-76,46,25
-87,18,25
-69,56,25
-26,-85,25
-88,-13,25
-83,-32,25
-75,48,25
-81,-37,25
-84,-30,25
54,-71,25
-88,-15,25
-88,15,25
-87,20,25
-86,-24,25
33,83,25
53,-72,25
-88,-16,25
-88,16,25
-87,-21,25
-69,57,25
-88,-17,25
-89,-11,25
-83,-34,25
-89,-12,25
-81,-39,25
82,37,25
54,-72,25
-88,-19,25
19,-88,25
-83,-35,25
27,-86,25
85,30,25
-87,-24,25
-89,-15,25
-88,-21,25
-88,21,25
83,36,25
-90,-10,25
-89,17,25
-75,51,25
-29,-86,25
-81,-41,25
-82,-39,25
54,-73,25
-85,-32,25
37,83,25
83,37,25
13,-90,25
14,-90,25
-85,-33,25
-90,-15,25
-75,52,25
8,-91,25
-88,-25,25
-85,-34,25
-90,17,25
-89,22,25
-82,-41,25
56,-73,25
-86,-33,25
-90,20,25
55,-74,25
-92,-8,25
28,-88,25
88,28,25
-77,51,25
-90,-21,25
-90,21,25
54,-75,25
-91,17,25
-90,-22,25
-88,29,25
88,29,25
-85,-37,25
12,-92,25
56,-74,25
86,35,25
-79,-49,25
19,-91,25
-88,-30,25
89,27,25
14,-92,25
-72,59,25
93,4,25
-85,-38,25
85,38,25
93,5,25
15,-92,25
-80,-48,25
89,28,25
16,-92,25
93,9,25
-79,-50,25
-92,-17,25
56,-75,25
89,29,25
-91,22,25
12,-93,25
87,35,25
-80,-49,25
-91,-23,25
89,30,25
-83,-44,25
19,-92,25
-74,58,25
58,-74,25
-79,-51,25
94,3,25
89,31,25
90,28,25
94,7,25
-88,-34,25
88,34,25
-93,-16,25
16,-93,25
94,9,25
-73,60,25
60,-73,25
89,32,25
-94,-11,25
-74,59,25
11,-94,25
-88,-35,25
-92,-23,25
-62,-72,25
95,3,25
95,4,25
20,-93,25
-79,53,25
-73,61,25
-90,-31,25
95,6,25
91,28,25
95,7,25
16,-94,25
-78,55,25
-70,65,25
17,-94,25
-93,-22,25
-79,54,25
62,-73,25
91,30,25
90,33,25
-27,-92,25
-74,61,25
19,-94,25
96,6,25
90,34,25
-71,65,25
-94,-21,25
-95,-16,25
-95,-17,25
-23,-94,25
-95,-19,25
-94,-24,25
-95,-20,25
64,-73,25
-28,-93,25
97,5,25
91,34,25
97,8,25
-76,61,25
-80,56,25
-95,-23,25
-23,-95,25
65,-73,25
-74,64,25
-98,0,25
-86,-47,25
14,-97,25
-76,62,25
-80,57,25
-96,-21,25
-96,-22,25
98,10,25
-75,64,25
64,-75,25
91,38,25
-93,-33,25
-23,-96,25
92,36,25
58,-80,25
13,-98,25
-99,-1,25
20,-97,25
-99,-3,25
57,81,25
-99,-5,25
-74,66,25
-37,92,25
-25,-96,25
60,-79,25
-99,-9,25
-99,-11,25
58,-81,25
-78,62,25
93,36,25
99,-13,25
57,82,25
-100,-3,25
-37,93,25
64,77,25
-97,-25,25
-100,-6,25
95,-32,25
-40,92,25
-79,62,25
62,-79,25
58,-82,25
58,82,25
-38,93,25
-75,67,25
18,-99,25
-76,66,25
-98,-23,25
54,85,25
-39,93,25
95,-34,25
-79,63,25
63,-79,25
90,-46,25
-88,-50,25
-80,-62,25
95,-35,25
58,83,25
-76,67,25
17,-100,25
96,-33,25
91,-45,25
65,78,25
95,-36,25
-99,-23,25
63,-80,25
-87,-53,25
-75,69,25
-100,-20,25
-42,93,25
-77,67,25
-82,-61,25
-88,-52,25
91,-47,25
64,-80,25
90,-49,25
-75,70,25
56,86,25
-78,67,25
65,-80,25
64,-81,25
-76,70,25
-99,-30,25
95,-41,25
-78,68,25
-79,67,25
-83,-62,25
-39,96,25
57,-87,25
-82,64,25
-80,67,25
-39,97,25
92,50,25
-83,64,25
60,86,25
69,79,25
-80,-68,25
63,84,25
62,85,25
-82,66,25
-88,-58,25
-83,65,25
-65,83,25
65,83,25
-39,98,25
64,84,25
-87,-60,25
-60,87,25
-85,-63,25
-40,98,25
66,83,25
-87,-61,25
-39,99,25
-88,-60,25
-63,86,25
-100,-37,25
-40,99,25
-59,89,25
-62,87,25
-100,-38,25
-61,88,25
99,-41,25
68,-83,25
-100,-39,25
-60,89,25
99,-42,25
-66,85,25
-88,-62,25
-100,-40,25
70,-82,25
-43,99,25
69,-83,25
69,83,25
-63,88,25
-67,85,25
-66,86,25
66,86,25
69,-84,25
69,84,25
-58,92,25
-68,85,25
43,-100,25
-67,86,25
99,-46,25
44,-100,25
69,85,25
-58,93,25
-67,87,25
70,85,25
-65,89,25
73,-83,25
-67,88,25
-87,-69,25
-89,-67,25
-70,87,25
-91,-65,25
-89,-68,25
-90,-67,25
-60,95,25
-88,-70,25
-70,88,25
-68,90,25
-91,-67,25
-67,91,25
77,-83,25
-92,-66,25
-66,92,25
-89,-70,25
-70,89,25
-89,-71,25
71,-89,25
77,-84,25
-90,-70,25
-66,93,25
-60,97,25
-91,-69,25
-62,96,25
-61,97,25
-93,-67,25
-60,98,25
-92,-69,25
-62,97,25
-61,98,25
-97,-63,25
-93,-69,25
-96,-65,25
-94,-68,25
-91,-73,25
-97,-65,25
-71,93,25
-98,-64,25
-96,-67,25
75,-90,25
74,-91,25
73,-92,25
-93,-72,25
-94,-71,25
-71,94,25
-99,-64,25
-97,-67,25
75,-91,25
80,-87,25
-93,-73,25
78,-89,25
-94,-72,25
77,-90,25
-71,95,25
75,-92,25
-100,64,25
-93,-74,25
81,-87,25
78,-90,25
-100,65,25
-85,84,25
-86,83,25
-99,-67,25
81,-88,25
80,-89,25
-98,-69,25
78,-91,25
-85,85,25
-86,84,25
-87,83,25
-100,-67,25
80,-90,25
-84,87,25
-88,83,25
80,-91,25
-99,-70,25
79,-92,25
-90,82,25
82,-90,25
81,-91,25
-95,-77,25
-87,86,25
87,86,25
-90,83,25
-92,81,25
81,-92,25
80,-93,25
-87,87,25
73,-100,25
-94,81,25
74,-100,25
-88,88,25
-92,84,25
-88,89,25
-93,84,25
-88,90,25
-87,91,25
-93,85,25
-87,92,25
-93,87,25
-98,83,25
-99,-82,25
-93,89,25
-94,88,25
-88,94,25
-91,-92,25
-89,94,25
-100,-83,25
-90,94,25
-90,95,25
-100,-85,25
-93,93,25
-97,89,25
-99,87,25
-93,94,25
-96,91,25
-95,94,25
-98,91,25
-99,90,25
-96,94,25
-97,93,25
95,-100,25
0,6,24
-1,6,24
-5,5,24
-1,7,24
-7,3,24
-6,5,24
0,8,24
1,8,24
-2,8,24
6,-6,24
-8,3,24
-9,2,24
3,9,24
-10,2,24
4,10,24
10,-5,24
7,9,24
-12,-1,24
-7,-10,24
-4,12,24
12,-4,24
9,9,24
-8,10,24
-7,-11,24
-13,2,24
-2,13,24
9,10,24
-8,11,24
-4,13,24
7,-12,24
10,10,24
-9,-11,24
-13,-6,24
-12,-8,24
9,12,24
10,12,24
9,13,24
-13,-10,24
-14,-9,24
8,15,24
11,13,24
10,-14,24
17,-3,24
-15,-9,24
9,15,24
-16,-9,24
11,15,24
-17,-8,24
18,-6,24
-19,2,24
12,15,24
-10,-17,24
-11,-17,24
-14,-15,24
-21,1,24
-11,-18,24
15,-15,24
-12,-18,24
-22,0,24
-22,1,24
-22,2,24
-18,13,24
13,-18,24
18,13,24
-22,4,24
16,-16,24
18,14,24
-11,-20,24
-23,1,24
13,-19,24
21,-10,24
-12,-20,24
20,-12,24
17,-16,24
-8,-22,24
-5,-23,24
-19,14,24
14,-19,24
-6,-23,24
-20,13,24
-12,-21,24
-19,15,24
-8,-23,24
-20,14,24
14,-20,24
-5,-24,24
-21,13,24
-13,-21,24
-9,-23,24
-12,-22,24
-2,-25,24
-14,-21,24
-13,-22,24
-16,-20,24
-9,-24,24
21,-15,24
-10,-24,24
-2,-26,24
-11,-24,24
-21,17,24
-1,-27,24
-1,27,24
-27,-2,24
-27,-3,24
-27,3,24
-13,-24,24
-26,9,24
-20,19,24
-28,1,24
-28,4,24
-27,9,24
-29,0,24
-21,20,24
-19,22,24
-2,-29,24
-3,-29,24
-5,-29,24
-6,-29,24
-21,21,24
-30,0,24
-26,15,24
-30,-2,24
-30,4,24
-12,-28,24
-20,23,24
-7,-30,24
27,15,24
-31,3,24
-14,-28,24
-27,16,24
-12,-29,24
-6,-31,24
28,15,24
29,-13,24
-21,24,24
-32,0,24
-8,31,24
29,-14,24
30,-12,24
-23,23,24
-15,-29,24
-7,-32,24
-7,32,24
-29,16,24
-33,-3,24
-32,-9,24
-28,18,24
-32,10,24
32,-10,24
-6,-33,24
17,-29,24
32,-11,24
-24,24,24
-8,-33,24
-30,16,24
-14,-31,24
-32,-12,24
-9,-33,24
-28,20,24
31,-15,24
-33,10,24
-30,-17,24
-25,24,24
-24,25,24
-29,-19,24
-34,-7,24
-33,11,24
-27,22,24
-8,-34,24
30,-18,24
-28,21,24
-35,-2,24
34,9,24
-29,-20,24
-25,25,24
34,-10,24
34,10,24
-33,13,24
-34,-11,24
-32,-16,24
-33,14,24
-14,-33,24
-36,-1,24
-34,12,24
-12,34,24
34,12,24
-9,-35,24
-32,-17,24
-11,-35,24
35,-11,24
35,11,24
-31,20,24
35,-12,24
-37,-2,24
-36,9,24
36,-9,24
-17,33,24
-32,19,24
-10,-36,24
-31,-21,24
-33,-18,24
-18,33,24
-14,35,24
-8,37,24
-17,34,24
-18,34,24
34,-18,24
-37,11,24
-36,14,24
-32,-22,24
-8,38,24
-34,19,24
-36,15,24
38,9,24
-33,21,24
-37,13,24
-13,-37,24
37,13,24
38,10,24
-35,18,24
-36,16,24
34,-20,24
-37,14,24
-39,7,24
-7,39,24
-8,39,24
-35,19,24
-32,-24,24
-40,-3,24
-39,-10,24
39,11,24
-37,17,24
39,12,24
-35,-21,24
38,15,24
-13,39,24
-37,-18,24
-16,-38,24
-11,40,24
-38,17,24
-17,-38,24
41,-8,24
-9,41,24
-38,18,24
-13,40,24
-10,41,24
36,-23,24
-37,22,24
43,2,24
-40,-16,24
-40,16,24
43,4,24
-36,-24,24
43,5,24
-19,39,24
38,-21,24
43,6,24
-40,-17,24
-17,40,24
-39,20,24
-36,-25,24
-20,39,24
-41,-16,24
-44,-2,24
44,3,24
44,5,24
-21,39,24
44,6,24
-38,23,24
-42,-15,24
-15,42,24
-43,-12,24
-40,20,24
-43,-13,24
-45,0,24
45,3,24
40,-21,24
45,4,24
-12,44,24
40,-22,24
-44,-13,24
-46,-2,24
-41,-21,24
-41,21,24
-46,-3,24
-42,20,24
-12,45,24
-19,43,24
-46,10,24
-47,-6,24
-20,43,24
-46,13,24
38,29,24
39,28,24
47,-11,24
-45,18,24
-12,47,24
39,29,24
-43,23,24
43,-23,24
36,33,24
37,32,24
-46,17,24
-48,11,24
-24,43,24
49,-5,24
-46,18,24
40,29,24
36,34,24
-49,-8,24
-47,16,24
-16,47,24
-48,13,24
43,25,24
-49,-9,24
-14,48,24
-49,-10,24
44,-24,24
50,-4,24
49,-11,24
-15,48,24
-49,12,24
49,-12,24
-16,48,24
-50,-9,24
41,30,24
39,33,24
-11,50,24
-12,50,24
50,-12,24
-8,51,24
-43,29,24
-14,50,24
-51,10,24
-26,45,24
-3,52,24
-4,52,24
-51,-11,24
51,-12,24
-19,49,24
44,29,24
-9,52,24
-20,49,24
43,31,24
38,37,24
52,-11,24
-53,-7,24
-19,-50,24
-24,48,24
-15,52,24
-23,-49,24
51,-19,24
39,38,24
-26,48,24
-17,52,24
53,-14,24
-4,55,24
-21,-51,24
-5,55,24
41,37,24
-42,36,24
43,35,24
-22,-51,24
48,28,24
-20,52,24
-45,33,24
-25,50,24
-42,37,24
-29,48,24
-31,47,24
-42,-38,24
55,14,24
-27,-50,24
-47,32,24
-21,53,24
-48,31,24
-46,34,24
-19,54,24
-41,-40,24
-41,40,24
55,-16,24
-42,39,24
-13,56,24
-27,-51,24
-46,35,24
-42,40,24
-43,-39,24
-11,57,24
-3,58,24
44,38,24
-22,54,24
-20,55,24
55,-20,24
-42,-41,24
-41,-42,24
-9,58,24
57,14,24
-43,-40,24
-40,-43,24
-28,-52,24
-28,52,24
-3,59,24
-12,58,24
-22,55,24
-42,-42,24
-43,-41,24
-43,41,24
58,13,24
-44,-40,24
-44,40,24
-20,56,24
40,-44,24
-25,54,24
-49,34,24
-38,-46,24
58,14,24
-19,57,24
-43,-42,24
42,-43,24
-44,-41,24
-44,41,24
-41,-44,24
-16,58,24
-45,-40,24
-45,40,24
-12,59,24
39,-46,24
-29,53,24
53,-29,24
-9,60,24
-44,-42,24
-26,55,24
-45,-41,24
53,30,24
-19,58,24
-2,61,24
-60,-12,24
-27,55,24
54,-29,24
54,29,24
-25,-56,24
-17,59,24
49,37,24
44,-43,24
52,33,24
41,-46,24
40,-47,24
56,26,24
-61,-10,24
-39,-48,24
39,-48,24
-16,60,24
50,37,24
-7,62,24
-40,-48,24
40,-48,24
-14,61,24
-39,-49,24
44,-45,24
-11,62,24
62,11,24
-27,-57,24
-62,-12,24
-40,-49,24
54,33,24
-7,63,24
39,-50,24
57,28,24
-26,-58,24
-63,-9,24
46,-44,24
43,-47,24
48,-42,24
52,37,24
41,-49,24
40,-50,24
53,-36,24
46,-45,24
54,35,24
52,38,24
58,28,24
57,-30,24
57,30,24
-32,-56,24
-42,-49,24
53,-37,24
51,-40,24
54,36,24
56,33,24
46,-46,24
45,-47,24
48,-44,24
55,35,24
53,-38,24
59,28,24
7,-65,24
51,-41,24
-34,-56,24
55,36,24
46,-47,24
60,27,24
53,-39,24
54,38,24
-65,-12,24
59,30,24
60,28,24
-26,-61,24
46,-48,24
56,-36,24
-35,-57,24
53,-41,24
60,30,24
-32,-59,24
56,-37,24
56,37,24
47,-48,24
48,-47,24
-63,-24,24
57,-36,24
52,-43,24
-29,-61,24
59,33,24
-63,-25,24
54,-41,24
57,-37,24
-32,60,24
60,32,24
-68,-3,24
53,-43,24
57,-38,24
57,38,24
-35,-59,24
-64,-25,24
52,-45,24
58,-37,24
-67,16,24
-32,-61,24
-34,-60,24
-69,-2,24
-64,-26,24
55,-42,24
-31,62,24
58,38,24
-33,-61,24
-33,61,24
61,-33,24
57,-40,24
-65,-25,24
-37,59,24
59,37,24
-34,61,24
-66,-23,24
-65,-26,24
-70,-2,24
59,-38,24
-63,-31,24
55,-44,24
-37,-60,24
-37,60,24
56,-43,24
-63,-32,24
-32,-63,24
-34,62,24
-36,-61,24
61,36,24
60,38,24
-71,-3,24
-31,64,24
62,-35,24
-37,-61,24
61,-37,24
-36,-62,24
-36,62,24
61,-38,24
-33,-64,24
-33,64,24
72,1,24
-35,-63,24
-72,-4,24
-40,60,24
62,-37,24
61,-39,24
59,-42,24
-32,-65,24
-30,-66,24
-36,-63,24
62,-38,24
-35,64,24
-69,-24,24
63,-37,24
73,3,24
-41,61,24
-35,65,24
-31,-67,24
57,-47,24
-37,64,24
57,-48,24
-43,61,24
-33,67,24
-31,-68,24
-37,65,24
59,-46,24
-42,62,24
64,-39,24
60,-45,24
-34,67,24
-41,63,24
-44,61,24
-35,67,24
-66,-37,24
-10,-75,24
-73,-20,24
-42,63,24
70,29,24
-39,65,24
-72,-24,24
58,-49,24
-75,-12,24
-73,-21,24
-21,-73,24
-64,-41,24
-67,-36,24
67,36,24
-40,65,24
76,9,24
-37,-67,24
-72,-26,24
-64,-42,24
-74,-20,24
-39,66,24
-65,-41,24
-72,-27,24
-21,-74,24
67,38,24
-43,64,24
-69,-35,24
-35,-69,24
-45,63,24
73,26,24
-20,-75,24
-66,-41,24
62,-47,24
-34,-70,24
-36,69,24
69,36,24
-21,-75,24
-65,-43,24
-72,-30,24
30,-72,24
-40,67,24
60,50,24
-22,-75,24
-42,-66,24
-35,-70,24
70,35,24
-69,-37,24
69,37,24
-72,-31,24
-68,-39,24
-39,-68,24
31,-72,24
-74,-26,24
29,-73,24
-20,-76,24
70,36,24
-34,-71,24
-34,71,24
24,75,24
-78,-11,24
69,38,24
-76,-21,24
-68,-40,24
-78,-12,24
30,-73,24
-45,65,24
-42,67,24
-22,-76,24
-35,-71,24
-72,-33,24
-69,-39,24
-39,-69,24
-79,-7,24
-19,-77,24
31,-73,24
-74,-29,24
-36,-71,24
-34,72,24
34,-72,24
72,34,24
-75,-27,24
-21,-77,24
-35,-72,24
-35,72,24
-28,-75,24
-71,-37,24
-22,-77,24
-73,-33,24
33,-73,24
-78,-19,24
-76,-26,24
-36,72,24
-38,-71,24
34,-73,24
-40,-70,24
32,-74,24
-77,-24,24
-76,-27,24
-80,-11,24
-42,69,24
-21,-78,24
-37,-72,24
-25,-77,24
-71,-39,24
-79,-18,24
-74,-33,24
-80,-13,24
13,80,24
-41,-70,24
-41,70,24
-75,-31,24
-81,-6,24
-77,-26,24
-72,-38,24
-71,-40,24
-40,-71,24
-40,71,24
-75,-32,24
-44,-69,24
-81,-12,24
-81,-13,24
-76,-31,24
74,36,24
-82,-7,24
-75,-34,24
-40,-72,24
-45,-69,24
-82,-8,24
-48,67,24
9,-82,24
-78,-27,24
-79,-24,24
-24,-79,24
77,30,24
-80,-21,24
-37,-74,24
-39,73,24
75,35,24
-33,-76,24
-79,-25,24
12,-82,24
78,28,24
-43,71,24
-1,-83,24
77,31,24
-82,-13,24
-38,-74,24
-48,68,24
-80,-23,24
-40,-73,24
23,-80,24
-77,-32,24
-69,47,24
9,-83,24
27,-79,24
79,27,24
-44,71,24
78,30,24
10,-83,24
-37,75,24
-35,-76,24
-73,-41,24
-41,-73,24
-80,-25,24
-79,-28,24
25,-80,24
68,-49,24
12,-83,24
-81,-22,24
-78,-31,24
0,-84,24
-38,75,24
-40,-74,24
-23,-81,24
-78,-32,24
-70,47,24
-80,-27,24
11,-84,24
-43,-73,24
-81,-25,24
25,-81,24
-70,48,24
-45,-72,24
-68,51,24
-40,-75,24
-36,-77,24
0,-85,24
-34,-78,24
5,85,24
15,-84,24
8,-85,24
-37,-77,24
-80,-30,24
9,-85,24
52,-68,24
-45,73,24
12,85,24
-85,-13,24
1,-86,24
-70,50,24
29,-81,24
-67,54,24
14,-85,24
14,85,24
-39,-77,24
15,-85,24
78,37,24
8,86,24
-24,-83,24
9,-86,24
9,86,24
-48,72,24
33,-80,24
-45,-74,24
-28,-82,24
82,28,24
17,-85,24
-79,-36,24
-36,-79,24
36,-79,24
12,-86,24
26,-83,24
82,29,24
-81,-32,24
32,-81,24
-74,46,24
-46,74,24
14,-86,24
52,-70,24
66,57,24
-80,-35,24
-24,-84,24
-68,55,24
-81,-33,24
33,-81,24
-85,-21,24
25,-84,24
31,-82,24
74,-47,24
79,38,24
-85,-22,24
34,-81,24
-86,-18,24
-87,-13,24
-82,-32,24
32,82,24
-85,-23,24
-23,-85,24
-37,-80,24
35,-81,24
30,-83,24
33,-82,24
-87,16,24
-73,50,24
-75,47,24
-86,-21,24
10,-88,24
25,-85,24
11,-88,24
-87,-18,24
-29,-84,24
29,-84,24
-70,55,24
55,-70,24
81,37,24
-77,45,24
66,-60,24
7,-89,24
33,-83,24
83,33,24
8,-89,24
-68,58,24
-84,-31,24
-31,-84,24
10,-89,24
34,-83,24
83,34,24
29,-85,24
55,-71,24
-88,-18,24
-84,-32,24
-76,48,24
37,82,24
-87,-23,24
78,-45,24
-89,-14,24
-85,-30,24
-90,-6,24
-88,20,24
-81,-40,24
8,-90,24
-89,-16,24
-89,16,24
-28,-86,24
86,28,24
9,-90,24
10,-90,24
55,-72,24
72,-55,24
11,-90,24
-88,-22,24
12,-90,24
-89,-18,24
-87,26,24
-26,-87,24
-83,-37,24
-88,23,24
53,-74,24
-78,-47,24
-78,47,24
78,-47,24
86,30,24
87,27,24
-88,-24,24
56,-72,24
-90,15,24
-91,-7,24
-87,-28,24
-28,-87,24
28,-87,24
87,28,24
73,-55,24
-86,-31,24
-89,-21,24
-89,21,24
9,-91,24
-78,48,24
-87,-29,24
-29,-87,24
87,29,24
-86,-32,24
86,32,24
-90,18,24
-84,-37,24
-89,-23,24
-90,-19,24
-87,-30,24
-87,30,24
-88,-27,24
27,-88,24
88,27,24
14,-91,24
92,4,24
-78,49,24
42,82,24
-81,-44,24
-90,-20,24
20,-90,24
84,38,24
15,-91,24
-91,16,24
-79,-48,24
92,9,24
86,34,24
-84,-39,24
13,-92,24
-71,60,24
-89,-27,24
42,83,24
44,82,24
-91,20,24
20,-91,24
93,6,24
-86,-36,24
58,-73,24
28,-89,24
88,31,24
93,8,24
21,-91,24
-87,-34,24
57,-74,24
87,34,24
-84,-41,24
79,-50,24
-10,93,24
29,-89,24
-86,-37,24
-78,-52,24
18,-92,24
93,12,24
-87,-35,24
49,80,24
80,-49,24
-91,23,24
59,-73,24
-84,-42,24
-89,-30,24
30,-89,24
-92,-19,24
-85,-40,24
-88,-33,24
-88,33,24
88,33,24
-86,-38,24
-46,-82,24
94,2,24
-91,-24,24
-81,-48,24
81,-48,24
15,-93,24
57,-75,24
31,-89,24
-78,-53,24
80,-50,24
-92,-21,24
-84,-43,24
-91,-25,24
-85,-41,24
-83,-45,24
-94,-9,24
-82,-47,24
-10,94,24
10,-94,24
29,-90,24
52,79,24
-22,-92,24
-91,-26,24
-26,-91,24
59,-74,24
88,35,24
-93,-18,24
94,12,24
-69,65,24
-85,-42,24
58,-75,24
-23,-92,24
-70,64,24
-94,-13,24
-83,-46,24
-91,-27,24
-89,33,24
-63,-71,24
-27,-91,24
-82,-48,24
62,-72,24
95,2,24
-92,-24,24
-61,-73,24
-28,-91,24
-74,60,24
-89,-34,24
89,34,24
-93,-21,24
21,-93,24
-83,-47,24
52,80,24
59,75,24
-69,66,24
91,29,24
-90,32,24
-94,-17,24
-92,-26,24
-63,-72,24
63,-72,24
-84,-46,24
-73,62,24
-93,-23,24
56,78,24
14,-95,24
-75,60,24
-94,-20,24
-91,-31,24
91,31,24
-92,-28,24
-28,-92,24
-90,-34,24
59,76,24
96,7,24
16,-95,24
96,9,24
-73,63,24
-63,-73,24
-91,-32,24
54,80,24
-94,22,24
-22,-94,24
-11,96,24
96,11,24
-75,61,24
-84,-48,24
96,12,24
-38,-89,24
91,33,24
-13,96,24
96,13,24
-86,-45,24
-95,20,24
-80,55,24
-64,-73,24
-91,-34,24
-63,-74,24
-96,-16,24
-79,57,24
-29,-93,24
57,-79,24
93,29,24
91,35,24
-77,60,24
-72,66,24
-92,-33,24
-65,-73,24
-78,59,24
-27,-94,24
19,-96,24
36,-91,24
-95,24,24
-79,-58,24
-92,-34,24
15,-97,24
57,-80,24
-77,61,24
-37,91,24
94,29,24
-35,92,24
92,35,24
-22,-96,24
-26,-95,24
-79,59,24
-38,91,24
94,30,24
-96,-23,24
-96,23,24
55,82,24
-36,92,24
-96,-24,24
-24,-96,24
-99,-2,24
54,83,24
-72,68,24
-97,-20,24
15,-98,24
92,37,24
-79,-60,24
-99,-7,24
-97,-21,24
-75,65,24
-65,-75,24
65,-75,24
99,-7,24
16,-98,24
88,-46,24
-87,-48,24
-96,-26,24
-97,-22,24
-99,-10,24
-38,92,24
-98,-18,24
18,-98,24
52,-85,24
-23,-97,24
-99,-12,24
-98,-19,24
-74,67,24
-99,-13,24
-87,-49,24
-97,-24,24
95,31,24
-100,0,24
-76,65,24
-100,-4,24
-99,-15,24
15,-99,24
-25,-97,24
-44,90,24
16,-99,24
55,84,24
-72,70,24
-97,-26,24
-98,-22,24
17,-99,24
-86,-52,24
-74,68,24
95,-33,24
-100,-11,24
-80,-61,24
90,-45,24
99,-18,24
-100,-12,24
65,77,24
19,-99,24
-100,-14,24
-86,-53,24
-37,94,24
53,86,24
-79,-63,24
91,-44,24
-73,70,24
-75,68,24
-40,93,24
58,-83,24
16,-100,24
-98,-26,24
-38,94,24
94,-38,24
97,30,24
54,86,24
-39,94,24
94,-39,24
96,-34,24
-76,68,24
90,-48,24
-89,-50,24
-99,-25,24
65,-79,24
57,-85,24
-99,-26,24
-100,-22,24
94,-41,24
-89,-51,24
-39,95,24
-77,68,24
58,-85,24
66,-79,24
-83,-61,24
61,-83,24
-99,-29,24
-86,-57,24
91,-49,24
63,-82,24
59,-85,24
-83,62,24
92,-48,24
91,-50,24
65,-81,24
95,-42,24
-77,70,24
-38,97,24
-65,82,24
64,-83,24
57,-88,24
-80,68,24
68,80,24
-84,-63,24
-63,84,24
-81,67,24
66,-82,24
66,82,24
93,50,24
-64,84,24
96,-44,24
-100,-34,24
-80,69,24
69,80,24
67,-82,24
-100,-35,24
-86,-62,24
-62,86,24
96,-45,24
-83,66,24
-66,83,24
-89,-58,24
-100,-36,24
-80,-70,24
91,-55,24
69,-81,24
68,-82,24
-42,98,24
98,-42,24
-67,83,24
-66,84,24
69,-82,24
-67,84,24
73,-79,24
-90,-59,24
-61,89,24
43,-99,24
99,-43,24
44,-99,24
70,-83,24
-64,88,24
-86,-67,24
70,-84,24
-65,88,24
-91,-61,24
-68,86,24
68,86,24
-100,-45,24
74,-81,24
71,-84,24
-88,-66,24
-66,88,24
-69,86,24
72,-84,24
-70,86,24
-65,90,24
-69,87,24
76,-81,24
73,-84,24
-67,89,24
-66,90,24
-65,91,24
-67,90,24
-91,-66,24
77,-82,24
76,-83,24
-69,89,24
-92,-65,24
-90,-68,24
71,-88,24
-69,90,24
-93,-65,24
-68,91,24
-64,94,24
-95,63,24
-70,90,24
-65,94,24
-72,89,24
77,-85,24
76,-86,24
-70,91,24
-59,99,24
-64,96,24
-98,61,24
-92,-70,24
-63,97,24
-95,-66,24
-60,99,24
-69,93,24
73,-90,24
-98,-62,24
-98,62,24
-68,94,24
-72,91,24
-92,-71,24
-71,92,24
-95,-67,24
76,-88,24
-61,99,24
-70,93,24
-98,-63,24
73,-91,24
-65,97,24
-99,62,24
-92,-72,24
72,-92,24
-95,-68,24
-93,-71,24
-100,61,24
-70,94,24
83,83,24
79,-87,24
78,-88,24
-96,-68,24
77,-89,24
-99,64,24
-70,95,24
74,-92,24
-100,-64,24
85,83,24
80,-88,24
-100,-66,24
-88,82,24
82,-88,24
81,-89,24
79,-91,24
-86,85,24
86,85,24
-87,84,24
-89,82,24
82,-89,24
75,-95,24
-90,81,24
-100,-69,24
87,85,24
-84,88,24
-89,83,24
-91,81,24
-92,80,24
73,-98,24
-86,87,24
-85,88,24
-89,84,24
-95,-78,24
-88,86,24
-93,81,24
-87,88,24
75,-99,24
-96,-79,24
-89,87,24
-90,86,24
-86,90,24
76,-99,24
75,-100,24
-89,88,24
-91,86,24
-86,91,24
-92,85,24
-95,82,24
79,-98,24
-91,87,24
-92,86,24
-96,82,24
-92,87,24
-93,86,24
-97,82,24
-79,-100,24
-98,82,24
-80,-100,24
-89,-93,24
-91,-93,24
-100,-84,24
-91,94,24
-97,88,24
-92,94,24
-91,95,24
-94,93,24
-92,95,24
-97,90,24
-94,94,24
-92,-96,24
-97,92,24
-91,-98,24
-98,92,24
-96,95,24
-98,93,24
-92,-100,24
-2,6,23
-6,3,23
-3,6,23
1,7,23
-6,4,23
2,8,23
-7,5,23
5,-7,23
6,-7,23
4,-9,23
-8,6,23
6,8,23
8,-6,23
5,-9,23
9,-5,23
-10,3,23
-8,7,23
8,-7,23
10,-4,23
6,9,23
-8,8,23
-11,-3,23
6,-10,23
6,10,23
-12,1,23
-9,8,23
-10,7,23
7,10,23
-12,-3,23
6,-11,23
-8,-10,23
8,10,23
10,8,23
-11,-7,23
-10,-9,23
-9,-10,23
10,9,23
7,12,23
-13,-5,23
-14,0,23
-11,-9,23
9,11,23
-8,-12,23
7,-13,23
-10,-11,23
-9,-12,23
-14,-6,23
-15,3,23
-4,15,23
-7,14,23
-13,-9,23
-14,-8,23
-6,15,23
-10,-13,23
-9,14,23
9,-14,23
16,-5,23
-15,-8,23
-16,-6,23
-10,-14,23
12,13,23
11,14,23
-16,-8,23
10,-15,23
-18,2,23
-18,3,23
-9,-16,23
-17,-7,23
-13,-13,23
13,13,23
11,-15,23
-10,-16,23
-13,-14,23
12,-15,23
-19,4,23
12,-16,23
-20,3,23
-20,4,23
15,-14,23
-10,-18,23
-13,-16,23
-21,3,23
14,-16,23
13,-17,23
17,13,23
-10,-19,23
20,-9,23
17,-14,23
-7,-21,23
12,-19,23
-15,-17,23
17,-15,23
-18,14,23
18,-14,23
-23,3,23
-11,-21,23
-9,-22,23
-24,1,23
17,-17,23
-24,2,23
-2,-24,23
-10,-22,23
-3,-24,23
21,-12,23
19,-15,23
19,15,23
-4,-24,23
20,-14,23
21,-13,23
-6,-24,23
-19,16,23
-25,-1,23
-25,-2,23
-25,-3,23
-25,3,23
21,-14,23
-24,8,23
-25,5,23
-25,6,23
15,-21,23
-23,12,23
-12,-23,23
-25,7,23
-1,26,23
-14,-22,23
-18,19,23
-3,-26,23
-17,20,23
-13,-23,23
-25,9,23
-15,-22,23
-20,18,23
-26,7,23
-25,10,23
-17,21,23
-2,-27,23
-4,-27,23
-11,-25,23
-27,5,23
15,-23,23
-17,22,23
-28,-3,23
-25,13,23
-13,-25,23
-11,-26,23
26,11,23
-20,20,23
-19,21,23
-17,23,23
-14,-25,23
-27,10,23
27,10,23
-29,-1,23
-29,-2,23
26,14,23
-27,12,23
-13,-27,23
27,13,23
-30,-1,23
26,15,23
-30,3,23
-4,30,23
-29,9,23
-14,-27,23
27,14,23
-6,-30,23
-7,30,23
-28,13,23
-15,-27,23
-31,2,23
-4,31,23
-31,-5,23
-31,6,23
-15,-28,23
-23,22,23
-22,23,23
30,-11,23
31,-8,23
-31,-9,23
-9,31,23
-5,-32,23
-22,24,23
-31,10,23
-10,31,23
-29,15,23
29,-15,23
-8,-32,23
-33,-1,23
-27,-19,23
-27,19,23
30,14,23
29,-16,23
-33,-4,23
-32,9,23
-15,-30,23
-6,33,23
30,15,23
-31,13,23
-28,-19,23
-8,33,23
-34,1,23
-31,14,23
-34,-2,23
-34,-3,23
-29,-18,23
-27,21,23
-5,34,23
-31,15,23
31,15,23
17,-30,23
-32,13,23
-7,-34,23
-7,34,23
-11,33,23
16,-31,23
31,-16,23
-32,-14,23
14,-32,23
-33,-12,23
-12,33,23
33,12,23
-34,9,23
-29,20,23
-13,-33,23
-6,35,23
-28,22,23
-7,-35,23
-7,35,23
-29,-21,23
31,-18,23
35,8,23
-36,-2,23
-4,36,23
-29,-22,23
-7,36,23
-35,11,23
-8,-36,23
-8,36,23
36,8,23
-12,-35,23
-37,-1,23
-9,-36,23
15,-34,23
-30,-22,23
-32,-19,23
-5,37,23
35,13,23
-36,10,23
36,-10,23
-16,34,23
33,-18,23
-11,-36,23
-7,37,23
-14,-35,23
-32,-20,23
32,-20,23
-38,-1,23
-38,-2,23
-15,-35,23
-15,35,23
37,9,23
-32,-21,23
-32,21,23
-13,-36,23
-5,38,23
-33,-20,23
33,-20,23
-14,-36,23
-14,36,23
-37,12,23
-12,-37,23
-34,-19,23
-15,-36,23
30,25,23
-31,-24,23
-32,-23,23
-34,-20,23
39,-8,23
31,25,23
37,15,23
34,-21,23
-40,-2,23
-38,13,23
39,10,23
-35,-20,23
-35,20,23
-6,40,23
31,26,23
38,14,23
-11,39,23
-40,7,23
-32,-25,23
-7,40,23
-40,8,23
-8,40,23
-34,23,23
-39,13,23
39,13,23
-33,-25,23
-14,39,23
-40,-11,23
-41,7,23
-37,19,23
-7,41,23
41,-7,23
-36,21,23
-41,8,23
-35,-23,23
-41,9,23
-33,-26,23
-42,-2,23
-40,13,23
40,13,23
-36,22,23
42,5,23
-35,24,23
-38,19,23
-21,37,23
-7,42,23
-41,-12,23
-8,42,23
37,-22,23
-37,-23,23
-37,23,23
37,-23,23
-38,22,23
-42,-13,23
-42,13,23
-44,-1,23
-16,-41,23
-37,-24,23
-40,19,23
-39,21,23
38,-23,23
37,-25,23
37,25,23
-20,40,23
-22,39,23
39,-22,23
-44,9,23
-45,-1,23
-44,10,23
44,-10,23
-40,21,23
-43,-14,23
-14,-43,23
37,26,23
-17,42,23
-38,-25,23
-15,43,23
-44,-12,23
-12,-44,23
-22,40,23
45,-8,23
-24,39,23
39,-24,23
37,27,23
-45,9,23
-45,10,23
-40,-23,23
-40,23,23
-23,40,23
-46,-4,23
-45,-11,23
-25,39,23
-20,42,23
-22,41,23
41,-22,23
-40,-24,23
46,-8,23
46,-9,23
-47,-1,23
-46,-10,23
-47,-4,23
-40,-25,23
-11,46,23
-22,42,23
42,-22,23
-41,-24,23
-41,24,23
-18,44,23
-12,46,23
-41,-25,23
-47,-10,23
-47,10,23
47,-10,23
-14,46,23
35,33,23
48,-5,23
-47,11,23
-43,22,23
48,-8,23
-23,43,23
34,35,23
-48,-9,23
-48,9,23
48,-9,23
-19,45,23
48,-10,23
-17,46,23
49,-3,23
-48,12,23
-12,48,23
-49,-7,23
35,35,23
37,33,23
-25,43,23
-19,46,23
-47,17,23
-48,14,23
40,30,23
36,35,23
37,34,23
-48,15,23
-50,-6,23
-25,44,23
40,31,23
-27,43,23
-50,9,23
-17,48,23
37,35,23
-10,50,23
45,-24,23
-29,42,23
-2,51,23
40,32,23
-7,51,23
-51,-8,23
44,27,23
-13,50,23
-17,49,23
-42,31,23
-18,-49,23
42,31,23
-5,52,23
37,37,23
-38,36,23
38,-36,23
-25,46,23
-43,30,23
-52,-7,23
-27,45,23
-16,50,23
-52,-8,23
46,27,23
-19,50,23
-53,-8,23
-52,13,23
-13,52,23
52,-13,23
-24,-48,23
-26,47,23
49,-22,23
-17,-51,23
-20,50,23
46,28,23
-53,-10,23
-18,-51,23
-18,51,23
-3,54,23
-52,15,23
-25,48,23
-4,54,23
-33,43,23
-21,-50,23
-21,50,23
-53,12,23
53,-12,23
-44,32,23
-16,52,23
-19,-51,23
-19,51,23
-22,50,23
42,35,23
-28,47,23
47,28,23
-54,-9,23
-54,-10,23
-30,46,23
-44,33,23
-33,44,23
-23,-50,23
-27,48,23
51,-21,23
-40,-38,23
40,38,23
42,36,23
-19,-52,23
-35,43,23
-26,49,23
54,-13,23
-44,34,23
-40,-39,23
-40,39,23
-41,-38,23
-43,36,23
-21,-52,23
-21,52,23
-4,56,23
-44,35,23
-34,45,23
-22,-52,23
-22,52,23
-40,-40,23
-40,40,23
-39,41,23
-20,-53,23
55,-14,23
-25,51,23
-27,50,23
-32,47,23
-23,52,23
-45,35,23
-21,-53,23
53,-21,23
-3,57,23
-26,-51,23
-26,51,23
-24,52,23
-40,41,23
-28,-50,23
-28,50,23
-43,38,23
-44,37,23
-48,32,23
-27,51,23
56,-14,23
56,14,23
-41,-41,23
-41,41,23
-40,-42,23
-43,39,23
-28,-51,23
-28,51,23
-48,33,23
-33,-48,23
-46,36,23
46,36,23
-47,35,23
-25,53,23
41,-42,23
40,-43,23
-44,39,23
56,-18,23
-10,58,23
-45,-38,23
1,59,23
-37,-46,23
46,37,23
-47,36,23
42,-42,23
-35,-48,23
41,-43,23
43,-41,23
-13,58,23
-27,-53,23
-29,-52,23
52,-29,23
-45,-39,23
-45,39,23
39,-45,23
-10,59,23
58,15,23
-28,-53,23
-24,55,23
-1,60,23
60,1,23
-43,42,23
-42,43,23
-49,35,23
-39,-46,23
53,29,23
-38,-47,23
48,37,23
-51,33,23
-43,-43,23
43,-43,23
-42,-44,23
-28,54,23
-10,60,23
42,-44,23
-45,41,23
59,15,23
-30,53,23
53,-30,23
-40,-46,23
-1,61,23
-16,59,23
56,-25,23
-60,-13,23
-13,60,23
-61,-8,23
-44,-43,23
43,-44,23
-45,-42,23
-45,42,23
-52,33,23
-61,-9,23
-9,61,23
-40,-47,23
-32,-53,23
38,-49,23
-61,-12,23
44,-44,23
45,-43,23
46,-42,23
-58,-23,23
53,33,23
39,-49,23
-32,-54,23
-62,-10,23
38,-50,23
-43,-46,23
51,-37,23
-16,61,23
48,-41,23
12,-62,23
52,-36,23
-6,63,23
-13,62,23
-39,-50,23
-8,63,23
-32,-55,23
-42,-48,23
-15,62,23
58,27,23
-6,64,23
-63,-13,23
45,-46,23
-7,64,23
-43,-48,23
-26,-59,23
-56,32,23
-41,-50,23
55,34,23
-64,-10,23
-40,-51,23
-27,-59,23
-11,64,23
44,-48,23
43,-49,23
42,-50,23
-28,59,23
60,26,23
54,-37,23
8,-65,23
56,34,23
52,-40,23
9,-65,23
15,-64,23
55,-36,23
-27,-60,23
57,33,23
-11,65,23
-35,-56,23
56,-35,23
-62,-23,23
7,-66,23
57,34,23
-62,-24,23
-48,-46,23
44,-50,23
60,29,23
-65,15,23
-33,58,23
-62,-25,23
-65,17,23
46,-49,23
58,-34,23
-31,-60,23
61,29,23
-33,-59,23
53,-42,23
-64,-22,23
56,38,23
46,-50,23
57,37,23
-64,-23,23
-68,-2,23
52,-44,23
-68,-5,23
67,13,23
-68,-6,23
58,-36,23
-31,-61,23
-33,-60,23
-33,60,23
60,33,23
-27,-63,23
-63,-28,23
-65,-23,23
-34,60,23
57,-39,23
-26,-64,23
-36,-59,23
-36,59,23
58,-38,23
-63,-29,23
56,-41,23
-64,-27,23
-35,60,23
-27,-64,23
60,-35,23
53,-45,23
-68,15,23
-32,-62,23
61,-34,23
-64,-28,23
58,-39,23
56,-42,23
-31,63,23
61,-35,23
-68,18,23
-70,-7,23
-27,-65,23
-67,-22,23
-68,19,23
59,-39,23
52,-48,23
-69,16,23
-36,61,23
-71,-1,23
71,1,23
-38,-60,23
-38,60,23
-71,-2,23
71,2,23
-69,17,23
-63,-33,23
-29,-65,23
62,35,23
56,-44,23
-71,-6,23
-40,59,23
-71,-7,23
57,-43,23
-32,64,23
-39,60,23
60,-39,23
63,-34,23
58,-42,23
62,-36,23
62,36,23
-68,-23,23
56,-45,23
-38,61,23
61,38,23
72,0,23
-64,-33,23
57,-44,23
-31,65,23
-72,-2,23
72,2,23
72,3,23
-68,24,23
72,4,23
-69,-21,23
72,5,23
-37,-62,23
-67,-27,23
-68,-25,23
56,-46,23
-70,-19,23
63,-36,23
-38,62,23
-69,-23,23
-68,-26,23
53,-50,23
-72,-12,23
73,0,23
73,2,23
73,4,23
-42,60,23
58,-45,23
64,-36,23
-19,-71,23
-38,63,23
63,-38,23
59,-44,23
-33,66,23
64,-37,23
58,-46,23
74,2,23
-71,-21,23
74,3,23
-39,63,23
59,-45,23
-34,66,23
-36,65,23
-68,30,23
-30,-68,23
-70,-25,23
60,-44,23
-38,64,23
69,28,23
-63,-40,23
-70,-26,23
-73,16,23
65,-37,23
-71,-24,23
-75,-1,23
70,27,23
75,3,23
-63,-41,23
57,-49,23
65,-38,23
-70,-28,23
-64,-40,23
64,-40,23
75,9,23
-67,-35,23
60,-46,23
-31,-69,23
75,10,23
-20,-73,23
-63,-42,23
65,-39,23
75,11,23
-75,12,23
-76,0,23
-76,-1,23
-44,62,23
-66,-38,23
66,-38,23
-72,-25,23
72,25,23
-73,-22,23
-43,63,23
-74,-19,23
61,-46,23
-35,68,23
-33,-69,23
-33,69,23
-20,-74,23
76,10,23
-73,-24,23
-44,-63,23
-74,-21,23
-34,69,23
69,34,23
-76,-12,23
-77,0,23
-77,-1,23
61,-47,23
-38,-67,23
71,30,23
-76,-13,23
-64,-43,23
-40,66,23
-22,-74,23
-72,-28,23
59,50,23
-33,-70,23
70,33,23
-68,-37,23
-74,-23,23
-73,-26,23
-67,-39,23
-75,-20,23
-72,-29,23
29,-72,23
61,-48,23
-34,70,23
-32,-71,23
77,12,23
-67,-40,23
77,13,23
-75,-22,23
-64,-45,23
-45,64,23
-77,-14,23
71,33,23
-76,-19,23
-26,-74,23
-75,-23,23
-15,-77,23
-78,-9,23
-73,-29,23
-70,-36,23
71,34,23
-74,-27,23
-27,-74,23
32,-72,23
72,32,23
-77,-17,23
-50,61,23
61,-50,23
78,12,23
-73,-30,23
-79,-3,23
-77,-18,23
28,-74,23
71,35,23
-77,-19,23
-31,-73,23
-68,-41,23
-78,15,23
74,29,23
-71,-36,23
-79,-10,23
70,38,23
-73,-32,23
73,32,23
-27,-75,23
27,-75,23
-69,-40,23
11,79,23
-74,-30,23
-30,-74,23
-45,-66,23
-42,68,23
-25,-76,23
-78,-18,23
72,35,23
71,37,23
-77,-22,23
-80,-4,23
-47,65,23
-74,-31,23
-69,-41,23
-26,-76,23
8,-80,23
-29,-75,23
-43,68,23
-36,-72,23
-80,-9,23
-78,-20,23
-38,71,23
71,38,23
-79,-16,23
-32,-74,23
10,-80,23
-27,-76,23
-65,48,23
-80,-12,23
12,80,23
-52,62,23
-37,72,23
-79,18,23
-47,66,23
-78,-22,23
-22,-78,23
-70,-41,23
-80,-14,23
14,80,23
-46,67,23
-81,-7,23
-43,69,23
-76,-29,23
8,-81,23
-74,-34,23
-79,-20,23
-20,-79,23
-81,-9,23
9,-81,23
-45,-68,23
-27,-77,23
-48,66,23
24,78,23
-81,-10,23
-76,-30,23
-30,-76,23
-73,-37,23
-47,67,23
-37,-73,23
-37,73,23
35,-74,23
74,35,23
-39,72,23
12,-81,23
-77,-28,23
76,31,23
-46,68,23
68,-46,23
70,-43,23
-82,-6,23
-78,-26,23
-19,-80,23
-79,-23,23
-23,-79,23
23,-79,23
-38,73,23
75,34,23
-32,-76,23
-82,-9,23
-27,-78,23
24,-79,23
-47,68,23
68,-47,23
70,-44,23
-21,-80,23
-37,74,23
17,81,23
35,-75,23
-41,72,23
76,33,23
-78,-28,23
-46,69,23
69,-46,23
-49,67,23
4,83,23
26,-79,23
29,78,23
76,34,23
75,37,23
-81,-21,23
-21,-81,23
-70,46,23
70,-46,23
-1,-84,23
1,-84,23
-66,52,23
-69,48,23
-48,69,23
71,-45,23
4,84,23
76,36,23
-74,-40,23
-40,74,23
26,-80,23
-34,-77,23
-67,51,23
-47,70,23
70,-47,23
72,-44,23
-68,50,23
68,-50,23
80,27,23
9,-84,23
24,-81,23
-79,-30,23
76,37,23
-35,-77,23
10,-84,23
-74,-41,23
-41,-74,23
-82,-21,23
-17,83,23
-67,52,23
12,84,23
-18,83,23
-75,-40,23
13,-84,23
-1,-85,23
-42,74,23
4,85,23
-47,71,23
23,-82,23
6,85,23
69,-50,23
7,85,23
-67,53,23
77,37,23
-24,-82,23
24,-82,23
-70,49,23
-41,75,23
10,85,23
-79,-33,23
71,-48,23
51,-69,23
12,-85,23
-22,-83,23
22,-83,23
-40,-76,23
-40,76,23
-42,-75,23
-79,-34,23
2,-86,23
-86,-5,23
5,86,23
-86,-6,23
86,6,23
-73,46,23
24,-83,23
-79,-35,23
-35,-79,23
65,57,23
-72,48,23
72,-48,23
-80,-33,23
10,-86,23
10,86,23
-21,-84,23
-83,-25,23
25,-83,23
-47,73,23
-22,-84,23
22,-84,23
-86,-13,23
-83,26,23
0,-87,23
1,-87,23
53,-69,23
23,-84,23
72,-49,23
65,58,23
-46,-74,23
14,86,23
74,-46,23
-87,-5,23
5,-87,23
-79,-37,23
37,79,23
7,87,23
15,-86,23
15,86,23
30,-82,23
82,30,23
-67,56,23
-84,24,23
-73,48,23
73,-48,23
-45,75,23
9,-87,23
9,87,23
-86,17,23
-36,-80,23
53,-70,23
-76,44,23
-44,-76,23
-87,-12,23
34,81,23
-29,-83,23
67,-57,23
-75,-46,23
32,-82,23
-86,19,23
-68,56,23
-39,-79,23
14,87,23
-48,74,23
-84,27,23
-72,51,23
69,-55,23
83,30,23
-86,-20,23
-86,20,23
-85,24,23
33,82,23
65,-60,23
66,-59,23
80,38,23
-85,25,23
-83,-31,23
31,-83,23
83,31,23
-67,58,23
67,58,23
-87,17,23
-77,-44,23
-68,57,23
-88,-12,23
32,-83,23
-41,-79,23
70,-55,23
37,81,23
35,-82,23
-27,-85,23
77,-45,23
-87,-20,23
-86,24,23
-89,-8,23
-42,-79,23
38,81,23
28,-85,23
84,31,23
-78,-44,23
-89,-10,23
-86,25,23
-25,-86,23
-88,17,23
70,-56,23
34,83,23
71,-55,23
-26,-86,23
26,-86,23
76,-48,23
-89,13,23
-88,19,23
-78,45,23
-89,14,23
-30,-85,23
-77,47,23
77,-47,23
20,-88,23
-84,-33,23
-89,15,23
-42,-80,23
82,38,23
-90,-9,23
-31,-85,23
78,-46,23
-61,-67,23
-84,-34,23
77,-48,23
-86,-29,23
86,29,23
-88,-23,23
84,35,23
19,-89,23
-86,-30,23
-30,-86,23
-88,24,23
-89,-20,23
-89,20,23
20,-89,23
-81,-42,23
-77,49,23
7,-91,23
-38,-83,23
83,38,23
36,84,23
-87,28,23
-88,25,23
10,-91,23
34,85,23
-89,-22,23
41,82,23
-83,-39,23
12,-91,23
-77,-50,23
50,77,23
53,-75,23
-85,-35,23
-79,47,23
13,-91,23
79,-47,23
30,-87,23
87,30,23
92,3,23
49,78,23
-82,-42,23
-44,-81,23
74,-55,23
-92,-7,23
-46,-80,23
-71,59,23
21,-90,23
9,-92,23
79,-48,23
-86,-34,23
92,10,23
-82,-43,23
43,82,23
-78,-50,23
-78,50,23
50,78,23
78,-50,23
-87,32,23
-62,-69,23
-80,-47,23
-77,-52,23
-60,-71,23
79,-49,23
30,-88,23
88,30,23
75,-55,23
-87,-33,23
93,3,23
59,-72,23
-46,-81,23
-91,-20,23
-78,-51,23
36,86,23
93,7,23
80,-48,23
-92,16,23
-93,-9,23
50,79,23
-85,-39,23
-82,-45,23
45,82,23
-88,32,23
88,32,23
-81,-47,23
-11,93,23
11,-93,23
-72,60,23
60,-72,23
-92,18,23
-12,93,23
90,27,23
-24,-91,23
-92,-20,23
-63,-70,23
62,-71,23
-88,34,23
50,80,23
-92,21,23
-72,61,23
-61,-72,23
61,-72,23
-25,-91,23
-83,45,23
-86,-39,23
-60,-73,23
-47,-82,23
-89,-32,23
-89,32,23
81,-49,23
75,-58,23
-84,-44,23
51,80,23
-13,94,23
57,76,23
95,1,23
-94,-14,23
-92,24,23
53,79,23
-94,-15,23
-90,31,23
56,77,23
-85,-43,23
-89,34,23
-86,-41,23
-84,-45,23
-92,25,23
-94,-16,23
59,-75,23
-78,-55,23
-10,95,23
-22,-93,23
22,-93,23
64,-71,23
11,-95,23
54,79,23
-94,-18,23
18,-94,23
-85,-44,23
44,85,23
-95,-12,23
95,12,23
-46,-84,23
77,57,23
-90,33,23
-92,-27,23
95,13,23
-94,-19,23
53,80,23
96,0,23
-78,56,23
-93,-24,23
24,-93,23
60,75,23
96,3,23
96,4,23
-96,-5,23
-85,-45,23
-79,55,23
-65,-71,23
55,-79,23
65,-71,23
-94,21,23
21,-94,23
-72,64,23
-37,-89,23
17,-95,23
-10,96,23
-74,62,23
22,-94,23
51,82,23
-85,-46,23
-46,-85,23
61,75,23
92,30,23
-94,23,23
23,-94,23
-79,56,23
56,-79,23
13,-96,23
-71,66,23
-65,-72,23
-77,59,23
-94,24,23
-14,96,23
14,-96,23
-97,-4,23
-73,64,23
55,-80,23
92,31,23
-97,-5,23
-85,-47,23
-97,-6,23
-74,63,23
97,6,23
-78,-58,23
97,7,23
-37,90,23
62,75,23
-97,-8,23
97,-8,23
54,81,23
-92,-32,23
-97,-9,23
-93,-29,23
97,9,23
-96,-17,23
17,-96,23
35,-91,23
97,10,23
-86,-46,23
-26,-94,23
-11,97,23
97,11,23
53,82,23
-97,-12,23
-12,97,23
92,33,23
97,12,23
-78,-59,23
-64,-74,23
13,-97,23
97,13,23
-95,-24,23
-98,-1,23
-96,-20,23
-28,-94,23
62,76,23
-39,-90,23
-98,-5,23
98,5,23
54,82,23
98,-6,23
-95,-25,23
-95,25,23
-98,-8,23
98,8,23
-72,67,23
66,-73,23
98,-9,23
-92,-35,23
-81,56,23
-95,-26,23
-98,-10,23
-64,-75,23
98,11,23
94,-30,23
12,-98,23
-27,-95,23
-80,58,23
88,-45,23
19,-97,23
-98,-13,23
94,-31,23
-98,-14,23
14,-98,23
-71,69,23
99,3,23
-99,-4,23
-73,67,23
-98,15,23
66,-74,23
-96,-25,23
21,-97,23
-56,-82,23
-99,-8,23
53,84,23
99,-8,23
-93,-35,23
99,-9,23
-98,-17,23
-17,98,23
92,38,23
-94,-33,23
-97,-23,23
23,-97,23
-71,70,23
-72,69,23
-36,93,23
99,-12,23
89,-45,23
-43,90,23
-73,68,23
-79,61,23
19,-98,23
-49,-87,23
87,-49,23
-24,-97,23
95,-31,23
-94,-34,23
-100,-2,23
56,-83,23
53,85,23
97,-25,23
88,-48,23
99,-16,23
94,-35,23
-79,-62,23
99,-17,23
93,38,23
-80,61,23
-99,-18,23
-45,90,23
-97,-27,23
-41,92,23
88,-49,23
-99,-19,23
-100,-13,23
15,-100,23
89,-48,23
-98,-25,23
88,-50,23
-97,-29,23
-85,-55,23
-81,61,23
57,-84,23
90,-47,23
98,27,23
-80,-63,23
-73,71,23
97,31,23
-37,95,23
-81,-62,23
58,-84,23
55,86,23
89,-50,23
99,25,23
-40,94,23
66,78,23
-74,71,23
-41,94,23
-81,-63,23
56,-86,23
68,77,23
-82,-62,23
-82,62,23
92,-46,23
91,-48,23
99,28,23
90,-50,23
-89,-52,23
60,-84,23
-38,96,23
56,-87,23
67,79,23
62,-83,23
66,-80,23
-100,-28,23
-64,82,23
64,-82,23
-78,69,23
69,78,23
-83,63,23
-63,83,23
-79,68,23
68,79,23
-59,86,23
67,-80,23
67,80,23
-100,-30,23
-62,84,23
66,-81,23
82,-65,23
95,-44,23
96,-42,23
-79,69,23
-40,97,23
-99,-35,23
-59,87,23
67,81,23
95,-45,23
96,-43,23
-62,85,23
-66,82,23
82,-66,23
-41,97,23
58,-88,23
64,-84,23
-80,-69,23
-89,-57,23
-57,-89,23
97,-42,23
68,-81,23
-63,85,23
-82,67,23
83,-66,23
-84,65,23
65,-84,23
-81,69,23
94,-50,23
-60,88,23
68,82,23
-83,67,23
67,-83,23
-87,-62,23
-43,98,23
98,-43,23
-81,70,23
-88,-61,23
83,-68,23
95,-50,23
-57,-91,23
-59,90,23
72,-80,23
-62,88,23
-81,-71,23
-89,-61,23
68,-84,23
-57,-92,23
74,-79,23
42,-100,23
-89,-62,23
-82,-71,23
71,-82,23
-90,-61,23
-88,-64,23
-85,-68,23
-93,-57,23
-93,-58,23
-89,-64,23
-53,96,23
74,81,23
-87,-67,23
98,-50,23
-100,-46,23
-87,-68,23
74,-82,23
-92,-62,23
54,-97,23
75,-82,23
74,-83,23
-87,-70,23
75,-84,23
75,84,23
-94,-63,23
75,-85,23
-65,93,23
-97,59,23
-91,-68,23
-72,88,23
72,-88,23
-94,-64,23
-61,96,23
-71,89,23
76,85,23
-97,60,23
-96,-62,23
-94,-65,23
73,-88,23
72,-89,23
-95,-64,23
82,80,23
-67,93,23
-71,90,23
71,-90,23
-99,58,23
-96,-63,23
-66,94,23
75,-87,23
-98,60,23
-69,92,23
69,-92,23
-97,-62,23
-97,62,23
-68,93,23
72,-90,23
-96,-64,23
-91,-71,23
-94,-67,23
76,-87,23
-100,58,23
-97,63,23
-66,95,23
84,80,23
72,-91,23
77,-87,23
-97,-64,23
-64,97,23
-99,61,23
75,-89,23
-63,98,23
-69,94,23
-100,60,23
82,83,23
83,82,23
-99,-62,23
77,-88,23
-99,63,23
-83,83,23
84,82,23
-69,95,23
85,81,23
-98,-65,23
-65,98,23
72,-93,23
-68,96,23
-100,62,23
-64,99,23
-91,-75,23
81,-86,23
73,-93,23
-99,65,23
76,-91,23
-92,-75,23
-96,70,23
86,82,23
-99,-66,23
79,-89,23
77,-91,23
-93,-75,23
-84,85,23
86,83,23
-87,82,23
-100,66,23
-92,-77,23
-99,-68,23
-93,-76,23
-97,71,23
86,84,23
75,-94,23
-82,88,23
-89,81,23
-100,67,23
-85,86,23
-86,86,23
-87,85,23
-85,87,23
-88,84,23
83,-89,23
-100,70,23
-88,85,23
76,-96,23
82,-91,23
73,-99,23
88,86,23
-89,85,23
83,-91,23
-95,-79,23
74,-99,23
-88,87,23
-89,86,23
-90,85,23
-91,84,23
83,-92,23
-91,85,23
-95,81,23
78,-98,23
83,-94,23
76,-100,23
-90,88,23
77,-100,23
-90,89,23
79,-99,23
-94,-85,23
-78,-100,23
78,-100,23
-97,-82,23
-87,93,23
-93,88,23
-87,94,23
-97,-85,23
-99,-83,23
-99,83,23
-99,-84,23
-92,-92,23
-90,-94,23
-89,95,23
-99,-85,23
-100,84,23
-91,-94,23
-99,-86,23
-98,88,23
-99,88,23
-98,90,23
-100,-88,23
-94,-95,23
-95,95,23
-92,-98,23
-99,91,23
-100,90,23
-97,94,23
93,-99,23
94,-100,23
96,-100,23
-2,4,22
-1,5,22
-5,2,22
-6,2,22
2,6,22
-4,5,22
6,-4,22
2,7,22
2,-8,22
3,-8,22
3,8,22
7,-5,22
-8,4,22
-7,-6,22
-9,3,22
3,-9,22
-9,4,22
-7,7,22
7,-7,22
-10,0,22
-8,-6,22
-6,-8,22
-7,-8,22
7,8,22
-9,6,22
9,-6,22
-11,-2,22
-11,2,22
5,-10,22
-11,3,22
-7,-9,22
-9,-8,22
9,8,22
-12,-4,22
-9,9,22
-10,-8,22
-12,-5,22
-13,-1,22
7,11,22
-13,-2,22
6,-12,22
-9,10,22
-13,-4,22
-11,-8,22
-8,-11,22
-12,-7,22
-7,12,22
-14,1,22
-14,2,22
8,12,22
-14,-4,22
-4,14,22
-13,-7,22
-14,-5,22
-13,-8,22
-8,-13,22
8,-13,22
-3,15,22
-9,-13,22
11,12,22
-13,10,22
-7,-15,22
-7,15,22
-9,-14,22
-5,16,22
-11,-13,22
-6,-16,22
-6,16,22
-17,2,22
-17,3,22
-17,4,22
17,-4,22
13,12,22
-11,-14,22
11,-14,22
-18,-1,22
-17,-6,22
-15,-10,22
10,15,22
-3,18,22
18,-3,22
-9,16,22
-14,-12,22
-14,12,22
-4,18,22
12,14,22
-5,18,22
18,-5,22
-19,-2,22
13,14,22
-17,-9,22
-18,-7,22
-11,-16,22
19,-5,22
-18,-8,22
-17,-10,22
10,-17,22
-14,14,22
19,-6,22
-20,0,22
-12,-16,22
16,12,22
-20,2,22
-18,-9,22
11,-17,22
-18,-10,22
-20,5,22
16,13,22
19,-8,22
-17,12,22
-21,-1,22
-9,-19,22
-1,21,22
11,-18,22
20,-7,22
-15,-15,22
-14,16,22
16,14,22
-21,4,22
-17,13,22
-19,10,22
12,-18,22
18,12,22
14,-17,22
-22,-2,22
-22,3,22
-10,-20,22
-8,-21,22
14,-18,22
-19,13,22
19,-13,22
19,13,22
-3,-23,22
-10,-21,22
-23,4,22
16,-17,22
-23,6,22
20,13,22
-24,0,22
-24,-3,22
-24,3,22
20,14,22
22,-11,22
-17,18,22
17,-18,22
-22,12,22
-25,2,22
-17,19,22
-16,20,22
16,-20,22
-24,9,22
-15,-21,22
0,26,22
10,-24,22
-26,-1,22
-26,1,22
-26,-2,22
-2,26,22
-26,3,22
-19,18,22
18,-19,22
17,-20,22
-16,-21,22
-16,21,22
21,-16,22
9,-25,22
22,-15,22
-24,12,22
-12,-24,22
-18,20,22
25,10,22
-27,0,22
-2,27,22
-19,20,22
-18,21,22
-12,-25,22
24,-14,22
-26,10,22
-28,-1,22
-1,-28,22
-1,28,22
-26,11,22
-18,22,22
-26,12,22
16,-24,22
-1,-29,22
-1,29,22
-26,13,22
-2,29,22
26,13,22
-27,11,22
-15,-25,22
-3,29,22
27,11,22
-18,23,22
-26,14,22
-14,-26,22
6,-29,22
28,-10,22
-19,23,22
-18,24,22
-15,-26,22
28,11,22
-3,30,22
9,-29,22
-27,14,22
-5,30,22
-6,30,22
-19,24,22
10,-29,22
29,-10,22
-18,25,22
28,-13,22
28,13,22
-31,0,22
-31,-1,22
-29,-11,22
-11,29,22
11,-29,22
-30,-8,22
-31,-2,22
-3,31,22
-20,24,22
9,-30,22
-12,29,22
-31,-6,22
-6,31,22
6,-31,22
-30,10,22
30,-10,22
-31,-7,22
-7,31,22
-11,30,22
-32,1,22
-20,25,22
-26,-19,22
14,-29,22
-32,4,22
-28,16,22
-16,-28,22
-32,-5,22
-6,-32,22
-31,-10,22
31,-10,22
-31,-11,22
-31,11,22
-11,31,22
-19,-27,22
-33,-2,22
-2,-33,22
16,-29,22
-9,32,22
-4,-33,22
5,-33,22
-27,-20,22
-29,17,22
-32,-11,22
-32,11,22
-28,19,22
-19,-28,22
32,11,22
-23,25,22
-30,-16,22
30,-16,22
-31,-14,22
14,-31,22
31,14,22
-29,18,22
18,-29,22
-32,12,22
-27,-21,22
-9,33,22
-4,34,22
-31,-15,22
15,-31,22
-30,17,22
33,10,22
-6,-34,22
-6,34,22
-29,19,22
-26,23,22
-33,-11,22
-31,-16,22
-31,16,22
-8,34,22
34,8,22
-28,-21,22
-35,-1,22
-33,12,22
-3,35,22
-15,-32,22
31,-17,22
-27,23,22
-13,33,22
-30,19,22
30,-19,22
-28,-22,22
34,11,22
-29,21,22
-8,35,22
-26,25,22
-27,24,22
34,13,22
35,-10,22
-30,21,22
-16,-33,22
36,7,22
-26,26,22
-14,-34,22
14,-34,22
-12,35,22
-37,2,22
-15,34,22
-37,4,22
-4,37,22
-13,35,22
-6,37,22
-7,-37,22
-20,32,22
37,8,22
-31,-22,22
-19,33,22
-9,37,22
-38,4,22
4,38,22
13,-36,22
29,25,22
-38,5,22
-6,38,22
16,-35,22
-20,33,22
-31,-23,22
14,-36,22
-12,37,22
-19,34,22
29,26,22
-15,36,22
-39,-1,22
-30,25,22
-9,38,22
-33,-21,22
-21,33,22
33,-21,22
-39,5,22
-5,39,22
-39,6,22
-14,-37,22
14,-37,22
37,14,22
-33,22,22
30,26,22
-31,-25,22
-12,38,22
15,-37,22
-34,21,22
-39,9,22
-40,4,22
40,4,22
-39,10,22
-37,16,22
-20,35,22
-5,40,22
40,-6,22
34,-22,22
-39,11,22
40,-7,22
-36,-19,22
-17,-37,22
-12,39,22
-35,21,22
-40,9,22
-9,40,22
-41,-2,22
34,-23,22
-41,3,22
-18,-37,22
-41,4,22
41,4,22
-40,10,22
32,26,22
-35,22,22
-41,6,22
-39,14,22
-6,41,22
40,11,22
40,12,22
-15,-39,22
35,-23,22
42,1,22
-18,-38,22
-37,20,22
-16,-39,22
-36,-22,22
-40,14,22
-35,-24,22
-38,-19,22
-37,21,22
-42,7,22
-41,12,22
-40,15,22
-36,-23,22
-36,23,22
-42,8,22
-39,-18,22
-39,18,22
-43,0,22
43,0,22
-43,-1,22
-35,-25,22
-35,25,22
-43,-2,22
-37,-22,22
-16,-40,22
-42,10,22
36,-24,22
-14,-41,22
-39,19,22
-42,11,22
-17,-40,22
-35,-26,22
-15,-41,22
-42,12,22
-36,25,22
-18,40,22
38,-22,22
-9,43,22
43,-9,22
-13,-42,22
-37,24,22
44,4,22
-43,11,22
-41,-17,22
-36,-26,22
44,-6,22
-38,-23,22
-12,-43,22
-39,22,22
-18,-41,22
-42,-16,22
38,-24,22
-40,-21,22
-19,-41,22
-37,-26,22
-39,23,22
-20,-41,22
-40,-22,22
-40,22,22
-45,8,22
-39,-24,22
-16,43,22
-13,-44,22
-46,0,22
-38,-26,22
46,4,22
-17,43,22
-11,-45,22
-20,-42,22
-41,-22,22
-41,22,22
-45,-12,22
38,27,22
-16,44,22
-39,-26,22
-21,42,22
46,-10,22
-47,-3,22
47,-4,22
38,28,22
47,-5,22
-46,-11,22
36,31,22
47,-8,22
-47,9,22
47,-9,22
-42,23,22
42,-23,22
-1,48,22
-10,47,22
-48,-4,22
36,32,22
-48,-5,22
-11,47,22
37,31,22
-44,20,22
-42,-24,22
-42,24,22
38,30,22
-48,-7,22
-48,-8,22
35,34,22
-45,19,22
-42,-25,22
-14,47,22
-44,22,22
39,30,22
-45,20,22
-11,48,22
43,-24,22
-49,-5,22
-15,47,22
-26,42,22
34,36,22
49,-8,22
38,32,22
43,-25,22
39,31,22
-17,47,22
-49,10,22
-44,24,22
35,36,22
-49,-11,22
34,-37,22
-47,18,22
-12,49,22
-28,42,22
-48,16,22
-50,-8,22
-49,13,22
-50,-10,22
-1,51,22
-3,51,22
-4,51,22
-51,-7,22
-25,45,22
51,-7,22
-49,16,22
42,30,22
-44,-27,22
36,37,22
37,36,22
35,38,22
43,29,22
46,-24,22
-50,14,22
-2,52,22
-51,11,22
51,-11,22
-52,-6,22
-51,12,22
43,30,22
-44,29,22
-52,9,22
-42,32,22
-26,46,22
-52,10,22
-38,37,22
-37,38,22
-2,53,22
-3,53,22
-18,-50,22
-18,50,22
-52,-11,22
-52,11,22
-15,51,22
-23,-48,22
48,-23,22
-25,47,22
-44,30,22
-27,46,22
-52,12,22
52,-12,22
-42,33,22
-16,-51,22
-16,51,22
-22,-49,22
-53,-9,22
-44,31,22
-28,46,22
-14,52,22
-51,18,22
48,-25,22
-53,11,22
53,-11,22
-39,38,22
-38,39,22
-40,37,22
-41,36,22
-24,-49,22
53,-13,22
-22,-50,22
-42,-35,22
-52,17,22
-17,-52,22
-51,20,22
-20,-51,22
-20,51,22
-34,43,22
18,52,22
-23,50,22
2,55,22
-3,55,22
-39,39,22
-38,40,22
-45,32,22
-32,45,22
-29,47,22
54,-12,22
-55,-6,22
-24,-50,22
-46,31,22
-51,22,22
-22,51,22
-28,48,22
-55,-8,22
-34,44,22
-30,47,22
-54,-14,22
54,14,22
-33,45,22
-39,-40,22
-39,40,22
-38,41,22
-25,-50,22
41,38,22
-32,46,22
43,-36,22
4,56,22
-19,-53,22
-26,50,22
-51,24,22
-28,49,22
55,-13,22
-41,-39,22
-33,46,22
-42,38,22
-38,42,22
-43,37,22
14,-55,22
-44,36,22
52,-23,22
-29,49,22
1,57,22
4,57,22
-34,46,22
-40,-41,22
16,-55,22
-39,42,22
-43,-38,22
-22,-53,22
-22,53,22
56,-13,22
56,13,22
-20,-54,22
54,-20,22
-32,48,22
-35,-46,22
-29,50,22
-18,-55,22
-21,54,22
54,-21,22
-31,49,22
-42,-40,22
40,-42,22
-34,-47,22
-2,58,22
-39,-43,22
39,-43,22
3,58,22
-44,38,22
4,58,22
53,-24,22
-19,55,22
-56,16,22
-45,37,22
-30,-50,22
-22,-54,22
54,-22,22
-58,-7,22
-32,49,22
56,-17,22
-35,-47,22
-29,-51,22
-29,51,22
-23,54,22
-43,40,22
-21,55,22
-45,38,22
57,15,22
-46,37,22
-11,58,22
2,59,22
-24,54,22
-19,56,22
-48,35,22
56,-20,22
-27,53,22
54,-25,22
-29,52,22
-39,-45,22
-31,-51,22
56,-21,22
-59,-10,22
-50,33,22
-26,54,22
-28,53,22
-48,36,22
-36,-48,22
-30,52,22
43,-42,22
-56,-22,22
-51,32,22
-40,-45,22
-46,-39,22
-46,39,22
-27,54,22
-20,57,22
57,-20,22
-59,-13,22
-25,-55,22
55,-25,22
17,-58,22
-50,34,22
-31,52,22
-48,37,22
-37,-48,22
59,14,22
21,57,22
-43,43,22
-60,-10,22
44,-42,22
45,-41,22
-24,56,22
-46,40,22
46,-40,22
-52,32,22
-32,52,22
-39,-47,22
-12,60,22
-51,34,22
-29,54,22
-25,56,22
-49,37,22
-31,53,22
-44,43,22
-43,-44,22
45,-42,22
-33,-52,22
-33,52,22
-60,-14,22
-50,36,22
-41,-46,22
61,9,22
-18,59,22
-28,55,22
-26,56,22
-10,61,22
61,10,22
-32,53,22
53,-32,22
-38,-49,22
-1,62,22
49,38,22
-2,62,22
-3,62,22
-4,62,22
-27,56,22
-12,61,22
-5,62,22
-45,43,22
-46,42,22
-61,-13,22
-41,-47,22
-13,61,22
-23,-58,22
7,-62,22
-53,33,22
-33,53,22
-56,28,22
-18,60,22
-62,-9,22
-26,57,22
10,-62,22
50,38,22
62,10,22
15,-61,22
45,-44,22
53,34,22
-57,-27,22
-4,63,22
-12,62,22
-25,-58,22
-5,63,22
-54,33,22
6,-63,22
-17,61,22
-62,-13,22
-63,-8,22
53,-35,22
56,-30,22
-62,-14,22
-14,62,22
51,38,22
55,-32,22
-44,-46,22
-59,-24,22
-24,-59,22
-43,-47,22
42,-48,22
15,-62,22
54,34,22
-61,-19,22
-63,-11,22
-11,63,22
-58,-27,22
-16,62,22
-25,-59,22
-63,-12,22
-12,63,22
12,-63,22
-55,33,22
-33,55,22
55,33,22
-13,63,22
-45,-46,22
-35,54,22
54,-35,22
-44,-47,22
7,-64,22
44,-47,22
52,-38,22
43,-48,22
8,-64,22
14,-63,22
42,-49,22
-60,-24,22
9,-64,22
64,9,22
-34,-55,22
-34,55,22
-10,64,22
-61,-22,22
-27,59,22
57,-31,22
-36,54,22
54,-36,22
-64,-11,22
-25,-60,22
-45,-47,22
-64,-12,22
-44,-48,22
-12,64,22
5,-65,22
55,-35,22
6,-65,22
-42,-50,22
13,-64,22
-41,-51,22
-64,-14,22
-61,-24,22
-40,-52,22
-36,55,22
-46,-47,22
-31,58,22
-10,65,22
-45,-48,22
45,-48,22
44,-49,22
-65,-11,22
-61,25,22
43,-50,22
-64,16,22
-12,65,22
12,-65,22
-66,-4,22
-59,30,22
5,-66,22
6,-66,22
66,7,22
-63,-21,22
8,-66,22
66,8,22
45,-49,22
61,27,22
-25,-62,22
55,38,22
-64,-20,22
-67,-3,22
-63,-23,22
-67,-4,22
61,28,22
-67,-5,22
-26,-62,22
6,-67,22
-31,60,22
33,59,22
-35,58,22
58,-35,22
61,30,22
-62,-28,22
68,2,22
-34,59,22
-36,-58,22
-36,58,22
-64,-24,22
61,31,22
-68,-8,22
-35,59,22
-65,-22,22
-67,15,22
53,-44,22
60,-34,22
-69,-6,22
-66,-21,22
-31,-62,22
-38,58,22
-69,-7,22
-67,18,22
-68,14,22
-66,-22,22
62,32,22
61,34,22
-68,16,22
-28,-64,22
11,-69,22
-36,60,22
70,2,22
-68,17,22
-38,-59,22
-38,59,22
41,57,22
57,-41,22
-62,-33,22
62,-33,22
62,33,22
-29,64,22
54,-45,22
-35,61,22
-70,-8,22
-30,64,22
62,-34,22
57,-42,22
71,3,22
63,33,22
-71,-8,22
52,-49,22
-70,15,22
-70,16,22
-69,-20,22
59,-41,22
-38,-61,22
-65,31,22
-70,17,22
-72,-3,22
63,-35,22
-29,-66,22
-72,-5,22
62,37,22
-72,-6,22
72,6,22
-72,-7,22
47,-55,22
-65,32,22
-32,65,22
-34,64,22
-70,19,22
-63,-36,22
-41,60,22
62,38,22
-69,23,22
-70,-20,22
-11,-72,22
-66,31,22
-31,66,22
64,-35,22
55,-48,22
73,1,22
63,37,22
-39,62,22
62,-39,22
-66,32,22
66,-32,22
-34,65,22
-69,-25,22
-30,-67,22
63,38,22
55,-49,22
-70,-23,22
-69,-26,22
-72,16,22
-71,-20,22
-11,-73,22
65,-35,22
-37,-64,22
64,37,22
-73,-12,22
-13,-73,22
-66,-34,22
74,6,22
-32,67,22
-49,-56,22
-72,19,22
74,9,22
-40,63,22
63,-40,22
-35,66,22
-20,-72,22
-37,-65,22
-74,11,22
-73,17,22
-72,-21,22
-75,-2,22
-70,-27,22
-13,-74,22
-32,68,22
-66,-36,22
61,-44,22
-71,-25,22
-71,25,22
-38,-65,22
65,38,22
-40,64,22
-72,-23,22
68,33,22
67,35,22
52,-55,22
-75,-11,22
-45,61,22
61,-45,22
57,-50,22
-71,-27,22
76,1,22
-76,-2,22
-34,68,22
-32,-69,22
-32,69,22
-75,13,22
-38,-66,22
-22,-73,22
-63,-43,22
-65,-40,22
76,8,22
-51,-57,22
-73,-23,22
72,26,22
-45,62,22
-76,-10,22
-66,-39,22
66,-39,22
71,29,22
-44,63,22
-68,-36,22
68,36,22
-77,1,22
77,1,22
-77,-2,22
-77,2,22
73,25,22
-66,-40,22
66,-40,22
-74,-22,22
62,-46,22
-75,-19,22
-19,-75,22
-33,70,22
68,37,22
77,8,22
-76,-15,22
31,-71,22
-64,-44,22
-44,64,22
-41,-66,22
11,77,22
-24,-74,22
53,57,22
-38,-68,22
-43,-65,22
-78,0,22
-77,-13,22
-25,-74,22
74,25,22
-73,-28,22
28,-73,22
-45,-64,22
61,-49,22
-48,62,22
26,-74,22
74,26,22
-67,-41,22
-78,-10,22
-71,-34,22
-66,-43,22
11,78,22
27,-74,22
74,27,22
-40,-68,22
-49,62,22
-25,-75,22
25,75,22
75,-25,22
-67,-42,22
-79,-4,22
74,28,22
-71,-35,22
-33,-72,22
33,-72,22
72,33,22
-78,-14,22
-44,-66,22
-26,-75,22
26,-75,22
-79,-8,22
-41,68,22
8,-79,22
-79,-9,22
71,36,22
-78,-16,22
-78,16,22
-46,65,22
-50,62,22
75,27,22
-78,-17,22
-78,17,22
-68,-42,22
25,76,22
-18,-78,22
-80,-3,22
-75,-28,22
-79,-13,22
73,33,22
-52,61,22
-31,-74,22
74,31,22
-41,69,22
-51,62,22
-80,-7,22
23,77,22
8,80,22
-79,-15,22
-75,-29,22
-72,-36,22
72,36,22
-24,-77,22
24,77,22
-45,-67,22
-30,-75,22
-79,17,22
35,-73,22
73,35,22
-28,-76,22
74,33,22
-51,63,22
-79,-19,22
-19,-79,22
77,26,22
-69,-43,22
7,81,22
69,-43,22
-29,-76,22
-73,-36,22
-36,-73,22
8,81,22
15,80,22
73,36,22
-65,49,22
-49,65,22
74,34,22
20,-79,22
10,-81,22
-42,70,22
-52,63,22
-21,-79,22
-72,-39,22
-78,-25,22
-28,-77,22
77,28,22
-33,-75,22
18,-80,22
-3,-82,22
3,82,22
-68,46,22
4,82,22
78,26,22
-29,-77,22
7,82,22
-72,-40,22
-40,72,22
-15,-81,22
78,27,22
24,79,22
-68,47,22
74,37,22
-81,17,22
17,-81,22
-50,66,22
25,-79,22
79,-25,22
-82,-12,22
12,82,22
-69,46,22
3,83,22
-83,-5,22
5,83,22
14,82,22
-75,-36,22
36,-75,22
-19,-81,22
6,83,22
-73,-40,22
-40,73,22
-23,-80,22
-76,-34,22
-83,-7,22
7,83,22
-42,72,22
-32,-77,22
-66,51,22
-20,-81,22
-47,69,22
-24,-80,22
-83,-10,22
-67,50,22
-50,67,22
76,35,22
-83,-11,22
17,82,22
-33,-77,22
-68,49,22
-49,68,22
-43,72,22
-65,53,22
-22,-81,22
-82,18,22
13,-83,22
75,38,22
-36,-76,22
5,84,22
-77,-34,22
14,-83,22
23,-81,22
-84,-6,22
84,6,22
-73,-42,22
-42,73,22
71,-46,22
-49,69,22
-21,-82,22
-84,-11,22
11,84,22
-43,73,22
-25,-81,22
-84,-12,22
12,-84,22
-48,70,22
-45,72,22
-38,76,22
13,84,22
51,-68,22
-2,-85,22
2,-85,22
26,-81,22
-74,-42,22
-71,47,22
71,-47,22
-23,-82,22
-85,-6,22
85,6,22
-20,-83,22
8,85,22
-46,-72,22
-75,-41,22
-41,-75,22
9,85,22
16,-84,22
-85,-10,22
-43,74,22
-83,-21,22
-48,71,22
28,-81,22
11,-85,22
-25,-82,22
25,-82,22
-73,45,22
-45,-73,22
-85,-12,22
77,38,22
-78,-36,22
-66,55,22
66,55,22
-47,72,22
72,-47,22
13,-85,22
13,85,22
0,-86,22
70,-50,22
82,26,22
-44,-74,22
-44,74,22
19,-84,22
-83,-23,22
23,-83,22
5,-86,22
6,-86,22
6,86,22
-71,49,22
-49,71,22
7,-86,22
73,-46,22
15,85,22
-78,-37,22
27,-82,22
82,27,22
8,-86,22
-43,-75,22
-45,74,22
28,-82,22
-83,25,22
-67,55,22
-40,-77,22
36,79,22
-47,-73,22
73,-47,22
-18,85,22
18,-85,22
34,80,22
-75,44,22
-44,-75,22
83,26,22
63,-60,22
-84,-23,22
-49,72,22
32,81,22
-87,-6,22
-87,-7,22
-85,20,22
-43,-76,22
-35,-80,22
20,-85,22
24,-84,22
-73,-48,22
-48,73,22
8,87,22
-51,71,22
51,-71,22
75,-45,22
16,-86,22
-85,21,22
10,87,22
54,-69,22
72,-50,22
-74,-47,22
17,-86,22
31,82,22
36,-80,22
36,80,22
65,-59,22
22,-85,22
-87,12,22
12,87,22
73,-49,22
83,29,22
26,84,22
67,57,22
-85,23,22
23,-85,22
19,-86,22
-41,-78,22
-80,-37,22
37,80,22
-74,-48,22
6,-88,22
74,-48,22
84,27,22
-85,-24,22
-24,-85,22
-88,-8,22
9,-88,22
-73,-50,22
-47,75,22
-84,28,22
84,28,22
38,80,22
-53,71,22
31,83,22
67,-58,22
-88,-11,22
-77,44,22
-49,74,22
34,-82,22
52,-72,22
76,-46,22
-84,29,22
69,-56,22
32,83,22
-39,-80,22
-87,-19,22
-87,19,22
-78,-43,22
65,-61,22
-77,-45,22
85,27,22
-30,-84,22
30,-84,22
-54,71,22
6,-89,22
-89,-7,22
67,-59,22
-76,-47,22
-76,47,22
76,-47,22
-53,72,22
-80,-40,22
-89,-9,22
9,-89,22
81,38,22
-85,28,22
85,28,22
69,-57,22
-17,88,22
-77,-46,22
-34,-83,22
77,-46,22
-88,18,22
65,-62,22
32,-84,22
-41,-80,22
-39,-81,22
67,-60,22
-43,-79,22
37,-82,22
-69,58,22
-27,-86,22
86,27,22
6,-90,22
-77,-47,22
-53,73,22
53,-73,22
-88,-20,22
84,33,22
7,-90,22
-90,-8,22
42,80,22
-82,-38,22
-79,-44,22
-44,-79,22
52,-74,22
21,-88,22
36,83,22
-87,25,22
-25,-87,22
-78,46,22
-68,60,22
-88,22,22
22,-88,22
-77,48,22
-86,29,22
29,-86,22
41,81,22
-89,18,22
-43,-80,22
-79,45,22
-84,-35,22
35,84,22
-89,-19,22
-47,78,22
-90,14,22
30,-86,22
-87,27,22
-33,-85,22
91,6,22
72,-56,22
40,82,22
49,77,22
38,-83,22
-80,-44,22
-44,-80,22
-31,-86,22
31,86,22
86,31,22
21,-89,22
91,9,22
-76,-51,22
-34,-85,22
78,-48,22
-87,29,22
43,81,22
26,-88,22
88,26,22
-45,-80,22
77,-50,22
72,-57,22
-89,23,22
-79,-47,22
35,85,22
47,79,22
-90,19,22
73,-56,22
-78,-49,22
92,5,22
-89,-24,22
-89,24,22
-44,81,22
44,81,22
-38,-84,22
38,84,22
92,6,22
92,7,22
80,-46,22
-85,-36,22
92,8,22
-87,-31,22
31,-87,22
51,77,22
-83,-41,22
41,83,22
-43,-82,22
57,-73,22
73,-57,22
-90,22,22
-29,-88,22
-11,92,22
29,-88,22
87,32,22
-12,92,22
80,-47,22
35,86,22
-90,23,22
-91,19,22
49,79,22
-88,30,22
-55,75,22
-83,-42,22
93,2,22
87,33,22
-82,-44,22
-38,-85,22
38,85,22
46,81,22
81,-46,22
-88,-31,22
-88,31,22
31,-88,22
-93,-8,22
-25,-90,22
-63,-69,22
-9,93,22
-83,-43,22
43,83,22
53,77,22
62,-70,22
-45,-82,22
-92,17,22
75,-56,22
-89,29,22
-61,-71,22
-88,-32,22
81,-47,22
-90,-26,22
-26,-90,22
-60,-72,22
-78,52,22
-73,59,22
-13,93,22
13,-93,22
-89,30,22
40,85,22
-27,-90,22
14,-93,22
54,77,22
-91,24,22
-87,-36,22
-15,93,22
-89,31,22
28,-90,22
-62,-71,22
53,78,22
8,-94,22
21,-92,22
43,84,22
56,76,22
-39,-86,22
-9,94,22
9,-94,22
-87,-37,22
-90,-29,22
-90,29,22
32,-89,22
-92,22,22
55,77,22
-93,18,22
44,84,22
-86,-40,22
-90,30,22
-78,-54,22
-93,-19,22
-93,19,22
63,-71,22
91,27,22
-38,-87,22
95,0,22
82,-48,22
-14,94,22
24,-92,22
-95,-6,22
-81,50,22
15,-94,22
50,81,22
43,85,22
-60,-74,22
-92,-25,22
8,-95,22
-95,-9,22
-95,-10,22
-65,-70,22
-93,22,22
-71,64,22
-64,-71,22
76,-58,22
54,-79,22
-86,-42,22
42,86,22
51,81,22
12,-95,22
-62,-73,22
-77,-57,22
23,-93,22
-91,-30,22
-95,-13,22
13,-95,22
-61,-74,22
-89,-36,22
-14,95,22
95,14,22
-91,31,22
-86,-43,22
-69,67,22
45,85,22
-90,34,22
-70,66,22
-66,-70,22
-84,-47,22
52,81,22
-93,-25,22
-96,-8,22
64,-72,22
-37,89,22
-96,-9,22
96,-9,22
-91,32,22
92,29,22
-96,-10,22
54,-80,22
-93,-26,22
-90,-35,22
-86,-44,22
44,86,22
-78,-57,22
11,-96,22
46,85,22
-96,-12,22
-38,89,22
53,-81,22
53,81,22
-93,-27,22
93,27,22
83,-50,22
65,-72,22
24,-94,22
96,14,22
-97,-2,22
-97,-3,22
97,3,22
20,-95,22
97,4,22
93,28,22
-47,-85,22
15,-96,22
96,-15,22
-39,-89,22
-97,-7,22
97,-7,22
-16,96,22
16,-96,22
-9,97,22
97,-9,22
96,-17,22
-91,-35,22
-95,22,22
-22,-95,22
-10,97,22
-97,-11,22
-71,67,22
11,-97,22
93,30,22
12,-97,22
-95,23,22
84,-50,22
-94,-27,22
74,-64,22
-96,-19,22
-87,-45,22
-63,-75,22
87,-45,22
-97,-14,22
-14,97,22
-34,92,22
92,34,22
98,4,22
-97,-15,22
-98,-6,22
-91,-37,22
98,-7,22
-69,-70,22
-97,16,22
-71,68,22
-16,97,22
16,-97,22
-93,-32,22
-94,-29,22
-98,-9,22
-87,-46,22
-66,-73,22
-9,98,22
-56,-81,22
-97,-17,22
-97,17,22
17,-97,22
-65,-74,22
-79,-59,22
-98,-11,22
23,-96,22
-98,-12,22
-98,12,22
-12,98,22
98,-12,22
98,12,22
82,-55,22
-45,88,22
98,13,22
87,-47,22
-96,24,22
-94,-31,22
94,31,22
98,-14,22
-99,0,22
-34,93,22
34,-93,22
54,-83,22
-28,-95,22
99,-4,22
99,-5,22
-98,-15,22
-99,-6,22
99,-6,22
-96,25,22
-44,89,22
-98,-16,22
-98,16,22
-88,-46,22
56,-82,22
94,-32,22
-42,90,22
-48,-87,22
87,-48,22
98,-17,22
50,-86,22
99,11,22
-58,-81,22
94,-33,22
95,30,22
-97,23,22
-27,-96,22
96,27,22
-45,89,22
88,-47,22
-79,-61,22
-41,91,22
66,-75,22
-39,92,22
-99,-14,22
-99,14,22
-96,-28,22
96,28,22
-100,-1,22
-100,1,22
20,-98,22
93,-37,22
93,37,22
-99,15,22
99,-15,22
53,-85,22
90,-44,22
-46,89,22
89,-46,22
-42,91,22
21,-98,22
-88,-48,22
22,-98,22
-73,69,22
93,-38,22
52,-86,22
33,-95,22
96,30,22
-36,94,22
94,-36,22
57,-83,22
-49,-88,22
99,-19,22
93,-39,22
-100,14,22
14,-100,22
20,-99,22
94,-37,22
-46,-90,22
-44,91,22
-42,92,22
-74,69,22
99,-21,22
-80,62,22
55,85,22
97,29,22
94,38,22
66,77,22
99,-22,22
-100,17,22
-45,-91,22
-45,91,22
-43,92,22
-36,95,22
-89,-49,22
89,-49,22
18,-100,22
93,-41,22
-79,-64,22
-85,56,22
19,-100,22
98,28,22
95,37,22
-46,91,22
44,-92,22
68,76,22
67,77,22
-66,78,22
-100,-21,22
-100,21,22
-98,-29,22
-82,61,22
98,29,22
-38,95,22
99,26,22
-80,-64,22
-33,97,22
98,30,22
-36,96,22
-100,-23,22
-34,97,22
67,78,22
-100,-24,22
-37,96,22
-42,94,22
-83,61,22
-81,-64,22
96,38,22
-75,71,22
92,-47,22
-100,-26,22
-100,26,22
94,-43,22
-82,-63,22
99,30,22
68,78,22
-100,-27,22
-100,27,22
-89,-53,22
-79,-67,22
-62,83,22
55,-88,22
-84,61,22
61,-84,22
-37,97,22
-81,-65,22
81,-65,22
60,-85,22
35,-98,22
-43,95,22
95,-43,22
59,-86,22
-99,-33,22
-84,62,22
36,-98,22
58,-87,22
61,-85,22
89,-55,22
-99,-34,22
-76,72,22
92,-50,22
-77,71,22
-42,96,22
-83,-64,22
-64,83,22
60,-86,22
63,-84,22
59,-87,22
62,-85,22
36,-99,22
65,-83,22
-61,86,22
-79,-70,22
70,79,22
84,-64,22
37,-99,22
57,-89,22
-42,97,22
-81,68,22
68,81,22
-67,82,22
82,-67,22
-59,88,22
90,-56,22
-38,99,22
-77,73,22
-43,97,22
-78,72,22
-61,87,22
36,-100,22
70,80,22
69,81,22
-44,97,22
-57,-90,22
-86,-63,22
83,-67,22
-84,66,22
-78,-73,22
91,-56,22
72,-79,22
-80,-71,22
-80,71,22
43,-98,22
70,-81,22
-90,-58,22
-58,-90,22
92,-55,22
-68,83,22
46,-97,22
-87,-63,22
44,-98,22
84,-67,22
-78,-74,22
42,-99,22
-79,-73,22
-56,-92,22
40,-100,22
92,-56,22
71,-81,22
96,-49,22
-45,98,22
-58,-91,22
-58,91,22
-87,-64,22
-68,84,22
84,-68,22
-100,-41,22
41,-100,22
-90,-60,22
-99,-44,22
-44,99,22
-83,-70,22
-47,98,22
-99,-45,22
-45,99,22
68,-85,22
94,-55,22
-89,-63,22
-99,-46,22
-52,96,22
-100,-44,22
70,84,22
98,-49,22
-51,97,22
99,-47,22
-86,-68,22
68,-86,22
45,-100,22
75,-80,22
-90,-63,22
71,84,22
-50,98,22
-91,-62,22
69,86,22
75,-81,22
-90,-64,22
-58,94,22
-100,-47,22
-53,97,22
73,83,22
-91,-63,22
71,-85,22
71,85,22
70,86,22
99,-50,22
-94,-59,22
-90,-65,22
73,84,22
-58,95,22
-51,99,22
72,-85,22
72,85,22
-53,98,22
53,-98,22
-92,-63,22
-92,63,22
-90,-66,22
70,-87,22
77,-81,22
77,81,22
-93,-62,22
76,-82,22
-95,59,22
-59,95,22
74,-84,22
-73,85,22
-58,-96,22
-100,-51,22
-71,87,22
-53,99,22
53,-99,22
69,-89,22
-96,59,22
74,-85,22
52,-100,22
54,-99,22
-73,86,22
-93,-64,22
-72,87,22
-58,-97,22
-71,88,22
-94,63,22
78,-82,22
53,-100,22
-96,60,22
77,83,22
55,-99,22
76,84,22
75,85,22
-95,-62,22
-95,62,22
74,86,22
-59,-97,22
-59,97,22
-73,87,22
73,-87,22
-88,-72,22
82,79,22
-95,-63,22
70,-90,22
76,-85,22
-98,59,22
-59,98,22
-68,92,22
-89,-72,22
-97,61,22
78,-84,22
-90,-71,22
-58,99,22
76,86,22
70,-91,22
-94,-66,22
74,-88,22
-95,-65,22
-73,89,22
-65,95,22
73,-89,22
-99,59,22
81,82,22
83,80,22
78,-85,22
71,-91,22
-67,94,22
-70,92,22
75,-88,22
74,-89,22
-99,60,22
82,82,22
80,-84,22
-91,-72,22
78,-86,22
-100,59,22
-99,-61,22
74,-90,22
80,-85,22
79,-86,22
-62,99,22
-72,92,22
-98,64,22
-64,98,22
-67,96,22
-91,-74,22
-97,66,22
-63,99,22
81,-85,22
80,-86,22
-98,65,22
-72,93,22
-100,-62,22
-67,97,22
85,82,22
-98,66,22
-66,98,22
79,-88,22
-72,94,22
-99,-65,22
-65,99,22
-67,98,22
-70,96,22
82,-86,22
-87,81,22
-69,97,22
-90,-78,22
-98,68,22
76,-92,22
-71,96,22
93,75,22
-99,67,22
-97,70,22
-70,97,22
74,-94,22
-98,69,22
-91,-78,22
77,-92,22
-99,68,22
76,-93,22
-84,86,22
84,86,22
-83,87,22
87,83,22
78,-92,22
-99,69,22
-94,-76,22
76,-94,22
-100,-68,22
68,-100,22
87,84,22
-83,88,22
74,-96,22
-99,70,22
86,86,22
88,84,22
76,-95,22
-83,89,22
75,-96,22
-99,71,22
71,-99,22
70,-100,22
-94,-78,22
88,85,22
-84,89,22
71,-100,22
-93,80,22
74,-98,22
77,-96,22
-85,89,22
-90,84,22
72,-100,22
76,-97,22
-92,-82,22
-94,80,22
-96,-78,22
78,-96,22
-84,91,22
84,-91,22
-77,-97,22
-92,-83,22
-93,-82,22
-78,-97,22
77,-98,22
-93,-83,22
-96,-80,22
-78,-98,22
-93,-84,22
77,-99,22
82,-95,22
-79,-98,22
78,-99,22
82,-96,22
-91,88,22
-93,-86,22
-98,-81,22
80,-99,22
83,-97,22
-98,-82,22
82,-98,22
-81,-99,22
81,-99,22
-98,-83,22
-92,-90,22
-90,-92,22
-88,-94,22
-82,-100,22
-90,-93,22
-89,-94,22
-98,-85,22
-94,-90,22
-89,-95,22
-98,-86,22
-92,-93,22
-90,-95,22
-98,-87,22
-100,85,22
-91,-95,22
-90,96,22
-99,-87,22
-100,86,22
-92,-95,22
-91,-96,22
-91,96,22
-99,-88,22
-93,95,22
-91,-97,22
-99,89,22
-94,95,22
-93,-97,22
90,-100,22
-99,92,22
-92,-99,22
-100,91,22
-98,94,22
-99,93,22
-93,-100,22
95,-99,22
-94,-100,22
96,-99,22
-1,4,21
-4,3,21
1,5,21
-2,5,21
2,5,21
-5,3,21
-3,5,21
5,-3,21
-5,4,21
5,-4,21
3,7,21
5,-6,21
-8,-1,21
-8,2,21
-7,-5,21
4,-8,21
4,8,21
-9,0,21
-9,1,21
7,-6,21
-8,-5,21
-8,5,21
9,-3,21
-10,1,21
-10,-2,21
-9,5,21
-10,-3,21
4,-10,21
-9,-6,21
-6,-9,21
-11,0,21
-11,-1,21
-11,1,21
-8,-8,21
-9,-7,21
-9,7,21
9,7,21
11,-3,21
-10,-6,21
-10,6,21
-12,0,21
12,0,21
-8,-9,21
-11,-5,21
5,-11,21
-12,2,21
-10,-7,21
-12,3,21
12,-3,21
-11,-6,21
-6,-11,21
-10,8,21
-13,0,21
-13,1,21
-13,-3,21
-13,3,21
-12,-6,21
11,8,21
-10,-10,21
-10,10,21
11,9,21
-6,-13,21
-8,12,21
-14,4,21
-11,-10,21
-10,11,21
10,11,21
11,10,21
12,9,21
-15,1,21
-12,-10,21
-10,-12,21
-10,12,21
-15,-5,21
-5,-15,21
-5,15,21
-16,1,21
8,-14,21
-6,-15,21
-16,3,21
12,11,21
12,12,21
-8,15,21
-17,-1,21
-13,-11,21
-3,17,21
-4,17,21
-9,-15,21
-9,15,21
-8,16,21
-18,0,21
-18,1,21
-1,18,21
-12,-14,21
-15,-11,21
-8,-17,21
-19,0,21
-19,-1,21
-19,1,21
-14,-13,21
-2,19,21
-12,-15,21
-9,-17,21
19,-3,21
-16,11,21
11,-16,21
-17,10,21
-14,-14,21
-15,13,21
-20,-1,21
-1,20,21
-9,-18,21
17,11,21
-20,-4,21
-15,-14,21
-15,14,21
15,14,21
-18,10,21
-16,13,21
12,-17,21
20,-6,21
-21,0,21
-21,-2,21
18,11,21
-21,-3,21
-15,15,21
15,15,21
-21,5,21
-18,12,21
-21,6,21
-16,-15,21
-16,15,21
-15,16,21
15,-16,21
16,15,21
-17,-14,21
-22,-3,21
-18,-13,21
-19,12,21
-22,5,21
-6,-22,21
-9,-21,21
21,-9,21
-23,0,21
-7,-22,21
-20,12,21
-4,-23,21
15,-18,21
-23,5,21
19,-14,21
-21,11,21
13,-20,21
20,-13,21
-24,-1,21
-24,-2,21
-18,16,21
-16,-18,21
16,-18,21
18,-16,21
-22,10,21
22,-10,21
-24,-4,21
-11,-22,21
23,-9,21
-24,6,21
-16,-19,21
16,-19,21
19,-16,21
-24,7,21
15,-20,21
20,-15,21
20,15,21
-1,-25,21
-23,10,21
-10,-23,21
10,-23,21
14,-21,21
18,-18,21
-23,11,21
17,-19,21
19,-17,21
20,-16,21
9,-24,21
-26,0,21
-1,-26,21
-26,2,21
-14,22,21
-17,-20,21
-26,-4,21
-24,11,21
24,-12,21
19,-19,21
-14,-23,21
-27,1,21
-16,22,21
22,-16,21
23,-15,21
-25,12,21
0,28,21
-16,-23,21
-16,23,21
-28,-2,21
-2,28,21
-3,28,21
-15,-24,21
15,-24,21
26,12,21
25,-14,21
25,14,21
-16,-24,21
-16,24,21
22,-19,21
25,15,21
-4,29,21
-17,-24,21
-17,24,21
17,-24,21
27,12,21
-6,29,21
-16,-25,21
-28,10,21
18,-24,21
-1,-30,21
-1,30,21
-2,-30,21
-2,30,21
-29,-8,21
-28,11,21
8,-29,21
29,8,21
-30,-3,21
-30,-4,21
29,-9,21
28,-12,21
28,12,21
-30,-7,21
18,-25,21
-27,-15,21
-27,15,21
-31,1,21
-17,-26,21
-2,31,21
-31,-3,21
20,-24,21
-28,14,21
-9,30,21
30,-9,21
-16,-27,21
29,12,21
-31,5,21
-19,25,21
19,-25,21
-30,-10,21
-10,30,21
7,-31,21
29,13,21
-17,-27,21
-1,-32,21
1,-32,21
-29,14,21
-32,-4,21
28,-16,21
31,-9,21
31,9,21
-12,30,21
-32,5,21
-5,32,21
-6,32,21
10,-31,21
-21,25,21
-30,13,21
30,13,21
11,-31,21
-32,8,21
8,-32,21
0,-33,21
-1,-33,21
1,-33,21
-29,-16,21
9,-32,21
-18,-28,21
-5,-33,21
-5,33,21
-26,-21,21
-10,32,21
-30,15,21
-31,-13,21
-29,-17,21
29,-17,21
-7,-33,21
-11,32,21
-34,0,21
-12,32,21
32,12,21
-33,9,21
33,-9,21
33,9,21
-4,-34,21
-28,-20,21
-15,-31,21
30,-17,21
33,-10,21
-13,32,21
13,-32,21
19,-29,21
-23,26,21
33,11,21
32,14,21
18,-30,21
-3,-35,21
-9,34,21
34,-9,21
-32,-15,21
-17,31,21
17,-31,21
-26,24,21
-34,10,21
23,27,21
35,7,21
-11,34,21
16,-32,21
14,-33,21
18,-31,21
-30,20,21
-25,26,21
-24,27,21
3,36,21
-35,9,21
-9,35,21
35,-9,21
-28,23,21
17,-32,21
-15,-33,21
-36,5,21
19,-31,21
-35,10,21
-29,22,21
6,36,21
-7,-36,21
18,-32,21
-14,34,21
14,34,21
-27,25,21
36,-8,21
31,-20,21
2,37,21
-9,36,21
-15,-34,21
15,34,21
-30,22,21
-19,32,21
37,4,21
-13,-35,21
10,-36,21
-31,21,21
6,37,21
16,-34,21
-29,24,21
11,-36,21
-37,8,21
37,-8,21
-12,-36,21
12,-36,21
31,-22,21
-13,36,21
38,5,21
-30,24,21
-38,6,21
-16,-35,21
16,35,21
-11,37,21
36,14,21
38,-7,21
-32,22,21
15,-36,21
13,-37,21
39,5,21
16,-36,21
-20,34,21
39,-7,21
33,-22,21
-35,-19,21
-38,12,21
-37,15,21
-15,-37,21
-21,34,21
40,1,21
-9,39,21
-40,2,21
40,2,21
40,3,21
-18,-36,21
-10,39,21
-40,5,21
40,5,21
-40,6,21
-38,14,21
14,38,21
32,25,21
-36,19,21
-33,-24,21
-33,24,21
-21,35,21
15,-38,21
-31,-27,21
-37,18,21
-36,-20,21
-36,20,21
-10,40,21
-41,5,21
41,-6,21
-40,11,21
-37,-19,21
-36,-21,21
-21,36,21
-39,15,21
15,39,21
-35,23,21
42,0,21
-42,-1,21
-37,-20,21
-22,36,21
-34,-25,21
-42,5,21
42,-6,21
35,-24,21
-41,11,21
41,11,21
-19,-38,21
42,7,21
-38,20,21
-18,-39,21
-41,13,21
41,13,21
43,1,21
32,-29,21
-36,24,21
-43,5,21
43,-5,21
14,-41,21
41,14,21
-43,6,21
-38,-21,21
-38,21,21
-11,-42,21
43,-6,21
43,-7,21
42,12,21
-43,8,21
-8,43,21
-39,-20,21
36,-25,21
31,-31,21
-38,-22,21
33,29,21
-44,0,21
44,1,21
37,-24,21
-10,-43,21
-10,43,21
-14,-42,21
44,-5,21
-39,-21,21
-17,-41,21
-11,-43,21
-36,26,21
-44,8,21
-40,-20,21
44,-8,21
-39,-22,21
44,-9,21
-13,-43,21
-16,-42,21
-16,42,21
-21,40,21
-19,41,21
32,-32,21
-39,-23,21
-23,39,21
39,-23,21
-42,-17,21
-11,-44,21
45,6,21
-25,38,21
38,-25,21
-45,7,21
-43,-15,21
-15,-43,21
45,-7,21
-42,-18,21
-8,45,21
45,-9,21
-46,1,21
-21,41,21
-19,-42,21
-19,42,21
-10,-45,21
40,-23,21
-14,-44,21
46,-5,21
46,5,21
-39,-25,21
-11,45,21
15,-44,21
-12,-45,21
-45,-13,21
-47,0,21
-47,1,21
-43,-19,21
-41,-23,21
37,29,21
-47,-2,21
47,-3,21
-17,44,21
35,32,21
-27,39,21
-15,-45,21
15,-45,21
47,-7,21
37,30,21
-47,8,21
-40,-26,21
16,-45,21
-48,-1,21
-48,1,21
-41,25,21
-48,2,21
-14,-46,21
34,34,21
33,35,21
-40,-27,21
-27,40,21
-48,-6,21
-26,41,21
33,36,21
-10,48,21
38,31,21
-15,-47,21
-49,-6,21
49,-6,21
49,-7,21
-45,21,21
-43,-25,21
-43,25,21
49,-9,21
49,-10,21
-2,50,21
-50,-4,21
-11,49,21
-50,-5,21
50,-5,21
50,-6,21
-39,32,21
-50,-7,21
50,-7,21
-45,23,21
44,-25,21
-30,41,21
36,36,21
-37,35,21
35,-37,21
35,37,21
37,-35,21
-49,14,21
-14,-49,21
-50,10,21
-46,22,21
50,-10,21
-26,44,21
-50,11,21
-40,32,21
-5,51,21
-43,28,21
-6,51,21
-50,12,21
-30,42,21
-51,8,21
-44,27,21
-37,36,21
37,-36,21
-50,13,21
-1,52,21
52,3,21
-44,28,21
15,-50,21
-37,37,21
36,38,21
-45,-27,21
-46,-26,21
14,51,21
-39,36,21
-44,-30,21
-21,-49,21
-46,-27,21
-52,-12,21
-45,29,21
-43,32,21
-32,43,21
-47,-26,21
-38,38,21
38,38,21
-53,9,21
-39,37,21
17,51,21
-31,44,21
-52,-14,21
-50,-20,21
-46,-28,21
-20,-50,21
18,51,21
54,3,21
-53,-11,21
54,4,21
-47,-27,21
-27,47,21
54,5,21
-53,-12,21
-52,16,21
-32,44,21
-51,19,21
-54,-7,21
-37,40,21
40,-37,21
-53,13,21
-48,-26,21
54,-8,21
-31,45,21
-42,35,21
-47,-28,21
-53,14,21
-25,49,21
49,-25,21
-18,-52,21
-48,-27,21
-53,15,21
55,3,21
54,-11,21
4,55,21
-41,37,21
-37,41,21
-54,12,21
-55,-7,21
-43,-35,21
-43,35,21
55,7,21
-31,46,21
-54,13,21
-53,17,21
-55,-9,21
-27,49,21
-23,51,21
-42,-37,21
18,53,21
1,56,21
-2,56,21
2,56,21
-55,-11,21
55,-11,21
-55,12,21
-47,31,21
19,53,21
-16,-54,21
-24,-51,21
-34,-45,21
-52,22,21
52,-22,21
-55,-13,21
-55,13,21
55,13,21
-56,-8,21
-39,-41,21
-17,-54,21
-37,43,21
-36,44,21
-52,23,21
-32,-47,21
56,-10,21
-54,18,21
18,54,21
-55,-15,21
-55,15,21
2,57,21
56,11,21
-31,48,21
5,57,21
-54,19,21
-19,-54,21
-55,16,21
-39,-42,21
39,-42,21
-38,-43,21
53,-22,21
-17,-55,21
-54,20,21
-45,36,21
52,-25,21
-57,-9,21
14,-56,21
-53,-23,21
-53,23,21
-23,-53,21
53,-23,21
-29,-50,21
-55,18,21
57,10,21
-54,21,21
-21,-54,21
15,-56,21
56,15,21
-40,42,21
-39,43,21
57,11,21
-44,-38,21
-26,52,21
-24,53,21
-19,-55,21
56,-16,21
57,12,21
-45,-37,21
45,37,21
57,13,21
-56,17,21
17,-56,21
-27,-52,21
-27,52,21
53,-25,21
-54,23,21
57,-14,21
58,9,21
-48,34,21
-34,-48,21
-31,50,21
58,10,21
55,-21,21
-2,59,21
58,11,21
54,-24,21
-30,-51,21
-36,-47,21
16,-57,21
5,59,21
58,12,21
55,-22,21
-59,-7,21
-40,-44,21
-23,55,21
-34,-49,21
-46,38,21
46,38,21
59,9,21
-47,37,21
-33,-50,21
-54,-26,21
-59,-11,21
-11,59,21
59,11,21
52,-30,21
-60,-4,21
44,-41,21
56,-22,21
-59,-12,21
-32,51,21
-60,-6,21
-27,-54,21
59,13,21
38,-47,21
47,38,21
-31,-52,21
-23,56,21
52,-31,21
-59,-14,21
-60,-9,21
-49,36,21
-36,-49,21
-44,42,21
60,10,21
-41,-45,21
-60,-11,21
-11,60,21
60,11,21
61,1,21
50,-35,21
-59,-16,21
-61,-5,21
-38,-48,21
-20,58,21
-53,31,21
-37,-49,21
61,7,21
-36,-50,21
-46,41,21
46,-41,21
9,-61,21
-30,54,21
54,-30,21
-60,-15,21
-57,-24,21
-51,35,21
-59,-19,21
61,11,21
-58,-22,21
62,2,21
61,12,21
55,-29,21
50,-37,21
-57,-25,21
-25,-57,21
57,-25,21
-54,31,21
54,-31,21
-59,-20,21
-17,60,21
47,-41,21
-51,36,21
53,-33,21
-62,-8,21
-8,62,21
8,-62,21
-61,-14,21
14,-61,21
-30,55,21
9,-62,21
62,9,21
52,-35,21
-24,-58,21
54,-32,21
-10,62,21
-61,-15,21
-60,-19,21
-59,-22,21
11,-62,21
46,-43,21
53,-34,21
51,37,21
-2,63,21
47,-42,21
-56,29,21
-3,63,21
-55,31,21
62,12,21
-58,-25,21
-63,-6,21
-33,-54,21
-33,54,21
54,-33,21
63,6,21
-59,-23,21
-23,-59,21
13,-62,21
-63,-7,21
7,-63,21
63,7,21
-57,-28,21
8,-63,21
63,8,21
-58,-26,21
14,-62,21
58,26,21
-18,61,21
51,-38,21
-55,32,21
-32,55,21
45,-45,21
63,9,21
-63,-10,21
-62,-15,21
-34,54,21
54,-34,21
-57,29,21
-56,31,21
50,-40,21
64,3,21
-33,-55,21
-39,-51,21
-64,-6,21
-17,62,21
13,-63,21
-46,-45,21
64,7,21
-58,-28,21
59,26,21
-61,-21,21
-63,-14,21
55,-34,21
15,-63,21
64,10,21
-29,58,21
59,27,21
11,-64,21
-39,-52,21
-16,63,21
56,-33,21
-65,-3,21
-47,-45,21
-43,-49,21
-35,55,21
53,38,21
58,-30,21
-64,13,21
-13,64,21
65,7,21
-26,60,21
65,8,21
-64,14,21
14,-64,21
-24,-61,21
-59,29,21
-29,59,21
59,29,21
-47,-46,21
10,-65,21
-62,-22,21
57,-33,21
-25,-61,21
11,-65,21
-43,-50,21
56,35,21
-42,-51,21
-66,-5,21
59,-30,21
-64,17,21
-41,-52,21
-32,58,21
-65,-13,21
57,-34,21
-47,-47,21
-64,18,21
-62,24,21
9,-66,21
-31,59,21
66,10,21
-65,16,21
0,-67,21
2,-67,21
-63,23,21
32,59,21
-48,-47,21
-49,-46,21
-62,-26,21
-34,58,21
-67,-6,21
45,-50,21
66,13,21
-67,-9,21
-59,-33,21
-33,59,21
-62,27,21
-27,-62,21
-41,-54,21
-49,-47,21
-30,-61,21
61,-30,21
-60,32,21
-67,-12,21
-63,-26,21
-26,-63,21
36,58,21
-65,-21,21
-68,-7,21
-66,18,21
-31,61,21
-62,-29,21
60,-33,21
-63,-27,21
9,-68,21
35,59,21
59,-35,21
-47,-50,21
-37,-58,21
-37,58,21
-62,-30,21
-30,-62,21
62,-30,21
11,-68,21
61,-32,21
-69,-1,21
68,12,21
-67,17,21
-65,-24,21
-62,-31,21
62,-31,21
-51,-47,21
-69,-8,21
-69,-9,21
-37,-59,21
-62,-32,21
62,-32,21
-30,-63,21
-28,64,21
-70,-1,21
70,1,21
70,3,21
59,38,21
63,-31,21
-70,-6,21
-69,14,21
8,-70,21
58,-40,21
-69,15,21
63,-32,21
-64,30,21
-30,-64,21
10,-70,21
-39,-59,21
-39,59,21
-28,-65,21
11,-70,21
-68,-20,21
45,-55,21
-31,-64,21
71,4,21
63,-33,21
-65,29,21
71,5,21
-69,18,21
-68,-22,21
53,-48,21
-32,-64,21
-71,-9,21
-69,19,21
-65,30,21
-63,-34,21
-30,-65,21
55,-46,21
-68,23,21
-41,59,21
63,35,21
-71,-13,21
-70,18,21
-39,61,21
-8,-72,21
-66,30,21
63,36,21
-71,16,21
-70,20,21
44,58,21
-33,65,21
65,-33,21
-49,-54,21
54,-49,21
-64,-35,21
61,-40,21
-73,0,21
-73,-1,21
-67,29,21
-37,-63,21
-70,-21,21
-21,-70,21
-13,-72,21
73,-5,21
73,5,21
60,-42,21
73,6,21
-73,7,21
-65,-34,21
-70,-22,21
-67,30,21
-73,8,21
68,28,21
-72,15,21
-38,-63,21
-49,-55,21
-70,23,21
-10,-73,21
-71,20,21
62,-40,21
-43,60,21
60,-43,21
-73,-11,21
-67,31,21
-65,-35,21
-31,67,21
-68,29,21
-64,-37,21
-73,12,21
-12,-73,21
-70,-24,21
-70,24,21
-74,-1,21
74,1,21
-74,-2,21
-63,-39,21
69,27,21
-73,-13,21
-18,-72,21
-74,6,21
-65,-36,21
65,-36,21
-71,-22,21
-62,-41,21
-50,-55,21
-44,60,21
64,-38,21
-19,-72,21
-73,15,21
-74,9,21
-74,-10,21
10,-74,21
74,10,21
-66,-35,21
-73,-16,21
-74,-11,21
-11,-74,21
69,29,21
-42,-62,21
-64,-39,21
-39,-64,21
-74,-12,21
-72,21,21
-21,-72,21
-56,50,21
56,-50,21
-74,-13,21
63,-41,21
66,36,21
69,30,21
71,25,21
-72,22,21
-22,-72,21
-38,65,21
-74,14,21
7,-75,21
-75,8,21
75,8,21
-19,-73,21
-62,-43,21
-9,-75,21
-71,-26,21
-42,-63,21
-56,51,21
-65,-39,21
11,75,21
-57,50,21
-50,-57,21
-49,-58,21
27,-71,21
-76,1,21
-41,-64,21
64,-41,21
-76,-3,21
76,3,21
76,4,21
-18,74,21
70,30,21
76,6,21
-73,22,21
-75,14,21
-40,-65,21
65,-40,21
53,-55,21
-19,-74,21
68,35,21
-57,51,21
-42,-64,21
-31,-70,21
70,31,21
-50,-58,21
58,-50,21
-20,74,21
-39,-66,21
29,-71,21
-76,-11,21
76,11,21
-48,-60,21
32,-70,21
70,32,21
77,2,21
-77,-3,21
77,3,21
-76,13,21
76,13,21
-25,-73,21
-46,62,21
58,51,21
72,28,21
-76,-14,21
76,14,21
-42,-65,21
-77,-8,21
-63,-45,21
-45,-63,21
-31,-71,21
-39,-67,21
67,-39,21
77,9,21
72,29,21
77,10,21
-76,-16,21
-16,-76,21
-77,-11,21
77,11,21
-74,24,21
-73,-27,21
-27,-73,21
73,27,21
-32,71,21
71,32,21
-52,-58,21
59,51,21
78,0,21
-78,-1,21
-78,1,21
-46,-63,21
-46,63,21
-78,-2,21
78,2,21
67,-40,21
-77,13,21
-13,-77,21
-76,-18,21
78,4,21
74,-25,21
-78,-5,21
-49,61,21
77,14,21
-33,71,21
33,-71,21
-78,-7,21
-76,19,21
-31,-72,21
-23,-75,21
23,75,21
54,57,21
78,9,21
-47,63,21
10,78,21
78,10,21
-77,-16,21
-16,-77,21
59,52,21
34,-71,21
-24,-75,21
75,-24,21
-32,-72,21
-64,-46,21
-77,17,21
12,78,21
73,30,21
-2,-79,21
-65,-45,21
-3,-79,21
25,-75,21
-78,-13,21
-18,-77,21
-13,-78,21
13,78,21
78,13,21
-4,-79,21
-28,-74,21
22,76,21
-79,-5,21
-48,63,21
-79,-6,21
-14,-78,21
7,-79,21
73,31,21
75,26,21
-23,-76,21
23,76,21
-78,-15,21
-29,-74,21
9,-79,21
-72,-34,21
-24,-76,21
-32,-73,21
79,11,21
-49,63,21
-66,45,21
76,-25,21
76,25,21
-2,-80,21
-18,78,21
-72,-35,21
75,28,21
13,79,21
37,-71,21
-80,-5,21
-65,47,21
-14,-79,21
69,-41,21
-19,-78,21
76,26,21
-23,-77,21
-80,-8,21
-79,15,21
-15,-79,21
-50,63,21
9,-80,21
9,80,21
-20,-78,21
-73,-34,21
73,34,21
10,80,21
27,76,21
-67,45,21
11,-80,21
11,80,21
75,30,21
-53,61,21
72,37,21
-73,-35,21
28,76,21
-1,-81,21
-18,-79,21
66,-47,21
-81,-3,21
3,81,21
4,81,21
-31,-75,21
-64,50,21
-50,64,21
-14,-80,21
19,-79,21
-67,46,21
-26,-77,21
-23,-78,21
23,78,21
72,38,21
9,81,21
-32,-75,21
-53,62,21
-16,-80,21
-77,-27,21
27,77,21
77,27,21
10,81,21
-70,-42,21
76,30,21
21,-79,21
21,79,21
-80,17,21
64,51,21
69,-44,21
67,-47,21
-74,-35,21
12,81,21
78,-25,21
78,25,21
75,33,21
-80,18,21
-18,-80,21
-22,-79,21
-1,-82,21
1,-82,21
-2,-82,21
82,2,21
13,-81,21
-31,-76,21
-46,-68,21
5,82,21
-66,49,21
-49,66,21
-54,-62,21
-26,-78,21
6,82,21
19,-80,21
-77,-29,21
23,79,21
29,77,21
77,29,21
36,-74,21
7,-82,21
15,81,21
69,-45,21
8,-82,21
8,82,21
-67,48,21
76,32,21
27,78,21
-81,16,21
16,81,21
-82,-10,21
10,82,21
-30,-77,21
-80,21,21
21,-80,21
21,80,21
-82,-11,21
-75,-35,21
-17,-81,21
-25,-79,21
-28,-78,21
-46,-69,21
-80,-22,21
-22,-80,21
-18,-81,21
18,-81,21
54,-63,21
-67,49,21
-2,-83,21
2,83,21
13,-82,21
13,82,21
79,26,21
14,-82,21
75,36,21
-83,-6,21
-78,-29,21
-29,-78,21
70,-45,21
-68,48,21
-52,65,21
-34,-76,21
-83,-8,21
-82,16,21
-78,-30,21
-30,-78,21
-74,-39,21
81,-21,21
-41,73,21
11,-83,21
-17,82,21
-46,-70,21
-28,-79,21
-83,-12,21
-72,-43,21
72,-43,21
-53,65,21
13,83,21
-2,-84,21
-26,-80,21
-84,-5,21
84,5,21
-79,-29,21
-29,-79,21
-82,19,21
-19,82,21
7,84,21
15,83,21
-84,-8,21
-44,72,21
8,84,21
64,-55,21
-50,68,21
20,-82,21
50,-68,21
81,-24,21
-65,54,21
54,-65,21
-83,16,21
-76,-37,21
-37,76,21
-77,-35,21
-84,-10,21
-41,74,21
-66,53,21
53,-66,21
-11,-84,21
-73,-43,21
17,83,21
-82,-22,21
22,-82,21
-77,-36,21
-40,75,21
64,56,21
-26,-81,21
-78,-34,21
-42,-74,21
-65,55,21
50,-69,21
-73,44,21
-44,73,21
73,-44,21
-66,54,21
7,-85,21
-84,15,21
-27,-81,21
81,27,21
-72,46,21
-30,-80,21
72,-46,21
-49,70,21
-78,-35,21
-74,-43,21
-43,-74,21
85,10,21
-21,-83,21
-71,48,21
-28,-81,21
-17,84,21
17,-84,21
-85,-11,21
-82,25,21
82,25,21
73,-45,21
65,-56,21
65,56,21
-83,22,21
55,-66,21
-42,75,21
-72,47,21
-47,-72,21
-34,-79,21
-82,26,21
26,82,21
-3,-86,21
-74,-44,21
-74,44,21
4,-86,21
4,86,21
-83,23,21
86,5,21
-32,-80,21
53,-68,21
-86,-7,21
-46,73,21
7,86,21
-85,15,21
-82,27,21
-41,-76,21
-83,24,21
65,-57,21
16,-85,21
33,80,21
-74,-45,21
-51,70,21
51,-70,21
-82,28,21
-85,17,21
-17,85,21
67,55,21
83,-25,21
83,25,21
-86,-11,21
-86,11,21
11,86,21
-78,-38,21
78,38,21
-86,-12,21
-84,22,21
12,86,21
-75,-44,21
-44,75,21
-29,-82,21
29,-82,21
62,-61,21
-1,-87,21
64,-59,21
-84,23,21
-72,49,21
4,-87,21
23,84,21
19,-85,21
66,-57,21
-79,37,21
-41,-77,21
-41,77,21
37,-79,21
-83,27,21
27,83,21
-86,15,21
-76,-43,21
35,80,21
67,-56,21
-75,-45,21
-45,-75,21
-33,-81,21
33,81,21
-86,16,21
21,-85,21
-83,28,21
83,28,21
-84,25,21
-72,50,21
-50,72,21
-47,-74,21
-47,74,21
-87,-11,21
63,-61,21
-85,22,21
-66,58,21
66,-58,21
-73,-49,21
-84,26,21
84,26,21
-67,57,21
75,-46,21
-52,71,21
-32,-82,21
68,-56,21
-88,-5,21
5,-88,21
-77,-43,21
-88,-6,21
-51,72,21
51,-72,21
35,81,21
15,87,21
24,-85,21
24,85,21
8,-88,21
-54,70,21
64,-61,21
-88,-9,21
-50,73,21
-75,-47,21
-47,-75,21
75,-47,21
-86,21,21
-21,-86,21
-88,-10,21
-80,-38,21
-42,-78,21
-42,78,21
85,25,21
-36,-81,21
36,81,21
68,-57,21
74,-49,21
-86,22,21
-52,72,21
-76,-46,21
-18,87,21
84,29,21
85,26,21
-32,-83,21
-86,23,21
-75,-48,21
-51,73,21
19,-87,21
-43,-78,21
35,82,21
-85,27,21
30,84,21
-67,59,21
89,7,21
24,-86,21
-50,74,21
-47,76,21
89,8,21
68,-58,21
68,58,21
-40,-80,21
-81,38,21
28,85,21
31,-84,21
31,84,21
-78,44,21
36,-82,21
36,82,21
-75,-49,21
75,-49,21
52,-73,21
11,-89,21
46,77,21
-87,22,21
-89,12,21
-85,29,21
85,29,21
-86,26,21
-32,-84,21
-80,-41,21
39,81,21
-67,60,21
-37,-82,21
-87,23,21
-54,72,21
-68,59,21
68,-59,21
-78,-45,21
35,-83,21
35,83,21
-86,27,21
-87,24,21
70,-57,21
-40,-81,21
40,81,21
-80,-42,21
-82,38,21
38,-82,21
-76,-49,21
56,-71,21
71,-56,21
-86,28,21
31,-85,21
85,31,21
-62,-66,21
46,78,21
-67,61,21
67,-61,21
-34,-84,21
34,84,21
68,-60,21
-77,-48,21
48,77,21
-69,59,21
69,-59,21
-82,39,21
26,-87,21
39,82,21
87,26,21
-32,-85,21
85,32,21
-70,58,21
70,-58,21
-45,-79,21
45,79,21
79,-45,21
-90,13,21
23,-88,21
35,-84,21
-89,19,21
47,78,21
-27,-87,21
6,-91,21
-24,-88,21
24,-88,21
-63,-66,21
-42,-81,21
52,-75,21
-77,-49,21
77,-49,21
38,83,21
68,-61,21
-84,-36,21
-36,84,21
46,79,21
79,-46,21
-69,60,21
-25,-88,21
-70,59,21
-10,91,21
70,-59,21
85,34,21
-78,-48,21
48,78,21
11,-91,21
71,-58,21
-81,-43,21
-39,-83,21
29,-87,21
39,-83,21
39,83,21
-88,26,21
45,80,21
80,-45,21
57,-72,21
-63,-67,21
92,2,21
-30,-87,21
-27,-88,21
-76,-52,21
-61,-69,21
86,33,21
-42,-82,21
-92,-6,21
6,-92,21
-36,85,21
36,85,21
-88,-28,21
-28,-88,21
-87,31,21
87,31,21
-54,75,21
48,79,21
-25,-89,21
58,-72,21
-34,-86,21
34,86,21
-10,92,21
-39,-84,21
39,-84,21
39,84,21
-88,-29,21
92,11,21
-81,-45,21
-45,-81,21
-87,-32,21
32,87,21
-37,-85,21
89,26,21
-18,91,21
-56,74,21
-61,-70,21
-79,49,21
-27,-89,21
40,84,21
33,87,21
-59,-72,21
-90,24,21
-24,-90,21
-81,-46,21
-78,51,21
-93,-7,21
48,80,21
-28,-89,21
8,-93,21
-21,-91,21
34,87,21
74,-57,21
9,-93,21
41,84,21
-77,-53,21
-43,83,21
50,-79,21
-70,62,21
10,-93,21
-17,92,21
-89,-29,21
-86,37,21
-37,-86,21
37,86,21
32,-88,21
90,26,21
52,78,21
-35,87,21
93,13,21
42,84,21
-90,-27,21
33,-88,21
-82,-46,21
-38,-86,21
74,-58,21
51,-79,21
51,79,21
-14,93,21
-69,64,21
-92,20,21
-36,87,21
-70,63,21
63,-70,21
57,75,21
75,-57,21
-90,-28,21
-94,-7,21
-71,62,21
-34,88,21
-21,-92,21
-16,93,21
76,56,21
-45,-83,21
39,86,21
-82,47,21
82,-47,21
-93,17,21
-87,37,21
91,26,21
49,81,21
-88,35,21
-35,88,21
-18,93,21
12,-94,21
42,85,21
58,75,21
-44,-84,21
-92,23,21
23,-92,21
30,-90,21
54,78,21
-83,46,21
-46,-83,21
46,83,21
94,13,21
-19,93,21
38,87,21
76,57,21
-82,48,21
-72,62,21
-36,88,21
-93,-20,21
53,-79,21
31,-90,21
-91,-28,21
-77,-56,21
-34,89,21
-84,45,21
45,84,21
-95,-8,21
25,-92,21
-93,21,21
-87,-39,21
-87,39,21
-39,-87,21
39,87,21
-47,-83,21
52,-80,21
-9,95,21
75,-59,21
-68,-67,21
-66,-69,21
-82,49,21
-17,94,21
-95,-11,21
-72,63,21
-87,-40,21
-87,40,21
46,84,21
-93,23,21
-91,30,21
30,-91,21
-38,-88,21
92,27,21
-94,19,21
-80,53,21
53,-80,21
-36,-89,21
-78,-56,21
-95,-14,21
-95,14,21
-82,50,21
50,82,21
-93,24,21
-94,20,21
31,-91,21
43,86,21
92,28,21
-87,-41,21
-85,45,21
-96,-6,21
76,-59,21
-96,-7,21
-47,-84,21
-7,96,21
95,-16,21
77,-58,21
77,58,21
-9,96,21
-29,-92,21
32,-91,21
-17,95,21
95,-17,21
-80,54,21
35,-90,21
93,26,21
-87,-42,21
-40,88,21
18,-95,21
-30,-92,21
-89,38,21
-91,33,21
-96,-13,21
-95,19,21
19,-95,21
36,-90,21
-66,-71,21
97,0,21
-97,-1,21
96,-14,21
97,2,21
31,-92,21
52,82,21
-93,-28,21
-96,-15,21
-96,15,21
-15,96,21
-94,-25,21
-94,25,21
-95,21,21
-62,-75,21
-8,97,21
92,32,21
-83,51,21
51,83,21
-96,17,21
-17,96,21
-97,-10,21
22,-95,21
-94,-26,21
53,-82,21
-56,-80,21
56,-80,21
-66,-72,21
96,-18,21
-38,90,21
-93,-30,21
33,-92,21
23,-95,21
94,27,21
-96,19,21
-97,-13,21
-13,97,21
55,-81,21
52,83,21
-58,-79,21
86,-47,21
31,-93,21
98,3,21
-96,20,21
20,-96,21
-94,-28,21
34,-92,21
98,-4,21
39,-90,21
-15,97,21
54,-82,21
98,6,21
-57,-80,21
95,25,21
-98,-7,21
21,-96,21
-70,69,21
98,-8,21
93,32,21
-29,-94,21
-44,88,21
-78,-60,21
-78,60,21
87,-46,21
56,-81,21
-17,97,21
97,-17,21
-96,22,21
98,-10,21
-38,-91,21
-11,98,21
-97,-18,21
18,-97,21
-94,-30,21
93,-33,21
-95,-27,21
-92,-36,21
36,-92,21
52,-84,21
-58,-80,21
-97,-19,21
-43,89,21
98,-13,21
-87,-47,21
-98,14,21
-14,98,21
98,14,21
-99,1,21
-39,91,21
-68,-72,21
-95,-28,21
97,-20,21
-81,57,21
57,-81,21
99,4,21
51,-85,21
-66,-74,21
-79,60,21
-94,-32,21
-82,56,21
94,32,21
-8,99,21
53,-84,21
-95,-29,21
-35,93,21
93,35,21
99,9,21
96,26,21
-98,17,21
-97,22,21
17,-98,21
55,-83,21
99,-11,21
-81,58,21
-18,98,21
98,-18,21
52,85,21
-96,-27,21
72,-69,21
99,12,21
-68,-73,21
-47,-88,21
-67,-74,21
-19,98,21
-99,13,21
57,-82,21
24,-97,21
-95,-31,21
34,-94,21
14,-99,21
51,-86,21
99,-14,21
-28,-96,21
-65,76,21
98,-20,21
-97,25,21
25,-97,21
97,25,21
98,-21,21
-95,-32,21
32,-95,21
95,32,21
-78,-63,21
-94,-35,21
-35,94,21
94,35,21
-50,-87,21
87,-50,21
87,50,21
84,-55,21
97,26,21
-98,22,21
98,-22,21
67,-75,21
-18,99,21
-43,91,21
89,-47,21
66,76,21
98,-23,21
-83,57,21
-57,83,21
97,27,21
54,-85,21
-88,-49,21
-19,99,21
13,-100,21
-98,-24,21
24,-98,21
-84,56,21
-99,20,21
99,-20,21
53,-86,21
-89,-48,21
-72,71,21
98,25,21
-69,-74,21
96,32,21
21,-99,21
-50,-88,21
68,-75,21
93,-40,21
-35,95,21
35,-95,21
85,-55,21
85,55,21
67,76,21
-26,-98,21
98,26,21
33,-96,21
-97,-30,21
-86,-54,21
43,-92,21
-49,-89,21
-82,60,21
99,-23,21
-98,-27,21
-34,96,21
-74,70,21
70,-74,21
-99,-24,21
-98,-28,21
-46,-91,21
-100,20,21
-44,92,21
92,-44,21
93,-42,21
84,-58,21
-86,-55,21
-50,-89,21
55,-86,21
-35,96,21
-85,57,21
-87,-54,21
-60,83,21
-43,93,21
-49,-90,21
-98,-30,21
-51,-89,21
51,-89,21
-70,-75,21
-100,23,21
-99,-27,21
99,27,21
-88,-53,21
-98,-31,21
34,-97,21
98,31,21
-62,82,21
-99,-28,21
-85,58,21
85,-58,21
55,-87,21
87,-55,21
-79,-66,21
-90,-50,21
-50,-90,21
94,-42,21
-100,-25,21
-100,25,21
-80,-65,21
-52,-89,21
52,-89,21
-35,97,21
35,-97,21
99,29,21
-86,57,21
57,-86,21
38,-96,21
-47,92,21
93,-45,21
-49,-91,21
49,-91,21
69,77,21
-98,-33,21
-90,-51,21
-51,-90,21
51,-90,21
-87,56,21
36,-97,21
-85,59,21
-59,85,21
-41,95,21
-27,-100,21
-80,-66,21
-98,-34,21
-34,98,21
34,-98,21
-99,-31,21
99,31,21
88,-55,21
94,-44,21
-61,84,21
-50,-91,21
91,50,21
-76,71,21
-82,-64,21
-60,85,21
-100,-29,21
-83,-63,21
63,-83,21
-86,59,21
-91,-51,21
51,-91,21
-41,96,21
-90,-53,21
55,-89,21
65,-82,21
94,-46,21
-73,75,21
34,-99,21
-98,-37,21
37,-98,21
42,-96,21
-88,-57,21
-88,57,21
-60,86,21
-100,-32,21
-84,63,21
35,-99,21
-38,98,21
-81,-67,21
45,-95,21
67,-81,21
81,-67,21
93,-49,21
43,-96,21
92,51,21
-99,-36,21
-76,73,21
-77,72,21
90,-55,21
-79,70,21
46,-95,21
95,-46,21
93,-50,21
-84,-64,21
-84,64,21
-44,96,21
69,-80,21
60,-87,21
-99,-37,21
89,-57,21
42,-97,21
63,-85,21
85,-63,21
35,-100,21
47,-95,21
-56,-90,21
66,-83,21
-79,-71,21
-79,71,21
-58,-89,21
41,-98,21
-80,70,21
-85,-64,21
-85,64,21
85,-64,21
-99,-39,21
46,-96,21
50,-94,21
-82,68,21
-68,82,21
90,-57,21
42,-98,21
-77,74,21
84,-66,21
96,-47,21
49,-95,21
95,-49,21
71,-80,21
71,80,21
80,-71,21
85,-65,21
-81,-70,21
-58,90,21
41,-99,21
69,82,21
-83,68,21
50,-95,21
97,-46,21
-44,98,21
67,-84,21
-76,76,21
-74,78,21
59,-90,21
-80,-72,21
-81,71,21
-82,70,21
98,-45,21
-83,-69,21
-55,-93,21
96,-50,21
-79,-74,21
98,-46,21
-80,-73,21
-93,-56,21
-83,70,21
70,83,21
83,-70,21
51,-96,21
45,-99,21
99,-45,21
-79,-75,21
-80,-74,21
93,-57,21
-97,50,21
-50,97,21
97,-50,21
-46,99,21
46,-99,21
-87,-66,21
-83,-71,21
-90,-62,21
-84,-70,21
-88,-65,21
69,-85,21
-91,61,21
-49,98,21
-47,99,21
47,-99,21
-79,-76,21
53,-96,21
95,-55,21
72,83,21
-84,-71,21
-52,97,21
-70,85,21
70,-85,21
-89,-65,21
-86,-69,21
69,-86,21
76,-80,21
68,-87,21
74,82,21
-49,99,21
99,-49,21
-51,98,21
53,-97,21
-93,-60,21
-91,63,21
-66,89,21
70,-86,21
-54,97,21
74,83,21
-91,-64,21
-84,73,21
55,-97,21
-94,60,21
-71,86,21
71,86,21
-52,99,21
52,-99,21
-54,-98,21
73,-85,21
-72,86,21
72,86,21
71,-87,21
-93,-63,21
55,-98,21
80,79,21
70,-88,21
76,83,21
-94,-62,21
-94,62,21
73,86,21
56,-98,21
-95,61,21
-88,-71,21
81,79,21
-60,96,21
70,-89,21
76,-84,21
-98,57,21
74,-86,21
54,-100,21
-94,64,21
-96,61,21
-67,92,21
-98,58,21
78,-83,21
75,-86,21
-69,91,21
-94,65,21
68,-92,21
-95,64,21
83,79,21
77,85,21
-96,63,21
-90,-72,21
82,81,21
77,-86,21
70,-92,21
69,-93,21
-90,-73,21
-73,90,21
-65,96,21
83,81,21
79,-85,21
85,79,21
71,-92,21
70,-93,21
-66,96,21
66,-96,21
-98,63,21
69,-94,21
84,81,21
85,80,21
-68,95,21
78,-87,21
71,-93,21
-66,97,21
66,-97,21
-82,84,21
82,-84,21
-97,67,21
67,-97,21
-84,83,21
-83,84,21
83,84,21
84,83,21
-85,82,21
86,81,21
-69,96,21
-98,67,21
-84,84,21
-85,83,21
-83,85,21
-86,82,21
-99,66,21
73,-94,21
-92,-76,21
-96,71,21
84,85,21
85,84,21
-83,86,21
-88,81,21
-69,98,21
85,85,21
-98,70,21
-70,98,21
77,-93,21
85,86,21
-98,71,21
-82,89,21
-91,80,21
70,-99,21
-93,-78,21
78,-93,21
69,-100,21
-94,-77,21
77,-94,21
-72,98,21
85,-87,21
-76,-95,21
74,-97,21
79,-93,21
77,-95,21
84,-89,21
89,84,21
83,-90,21
75,-97,21
-94,-79,21
78,-95,21
91,83,21
82,-92,21
-98,75,21
-94,-80,21
80,-94,21
89,86,21
-85,90,21
-83,92,21
76,-98,21
-94,-81,21
81,-94,21
-85,91,21
-92,-84,21
-84,92,21
84,-92,21
83,-93,21
-75,-100,21
-90,87,21
-87,-90,21
-92,-85,21
-76,-100,21
81,-96,21
80,-97,21
-86,-92,21
-86,92,21
93,85,21
84,-94,21
83,-95,21
-96,-82,21
-97,-81,21
-97,81,21
-80,-98,21
98,-80,21
-86,93,21
84,-95,21
-83,-96,21
83,-96,21
96,83,21
82,-97,21
-89,-91,21
-92,88,21
-93,-87,21
94,86,21
84,-96,21
-97,-83,21
-89,-92,21
-96,-85,21
83,-98,21
-81,-100,21
-93,-89,21
-95,-87,21
82,-100,21
-93,-90,21
-94,-89,21
-88,95,21
-100,83,21
-83,-100,21
-96,-88,21
-85,-99,21
-84,-100,21
84,-100,21
-94,-91,21
-89,96,21
88,-97,21
-92,-94,21
-90,-96,21
-98,-88,21
-100,-87,21
-91,97,21
91,-97,21
-90,-98,21
-100,89,21
-93,-98,21
91,-100,21
-94,98,21
-93,-99,21
-93,99,21
-100,92,21
92,-100,21
-97,96,21
-98,95,21
-99,94,21
-94,-99,21
-100,93,21
-98,96,21
-99,95,21
-100,94,21
-96,99,21
0,4,20
-3,3,20
0,5,20
4,-4,20
3,-5,20
6,-3,20
-7,1,20
4,-6,20
-7,2,20
3,-7,20
6,-5,20
-8,0,20
-8,1,20
-7,4,20
4,-7,20
7,-4,20
-8,-4,20
8,-4,20
8,4,20
-6,-7,20
6,7,20
5,8,20
8,5,20
-9,-3,20
-9,-4,20
9,-4,20
9,4,20
-7,-7,20
10,0,20
-10,-1,20
-9,-5,20
10,-3,20
-8,-7,20
-10,4,20
10,4,20
11,0,20
8,8,20
-6,-10,20
-11,4,20
4,-11,20
-11,5,20
-12,-2,20
-12,4,20
4,-12,20
-9,-9,20
5,-12,20
13,0,20
13,1,20
4,-13,20
-7,-12,20
5,-13,20
14,0,20
-14,-1,20
-11,9,20
-9,11,20
-14,3,20
-7,-13,20
15,0,20
-15,-1,20
-15,2,20
-6,-14,20
-13,8,20
-11,-11,20
-11,11,20
-7,-14,20
7,-14,20
-9,13,20
-16,-1,20
-8,14,20
-2,16,20
-12,11,20
-3,16,20
-16,4,20
-4,16,20
-16,-5,20
-5,-16,20
-12,-12,20
-8,-15,20
17,0,20
-11,13,20
-1,17,20
-2,17,20
-14,-10,20
-14,10,20
-10,14,20
-7,-16,20
-7,16,20
9,-15,20
-13,-12,20
-14,-11,20
-14,11,20
-8,-16,20
-10,-15,20
-6,-17,20
-6,17,20
9,-16,20
-7,17,20
-4,-18,20
18,-4,20
-15,11,20
-11,-15,20
-18,5,20
-8,17,20
-16,-10,20
10,-16,20
-1,19,20
19,1,20
-14,13,20
-13,14,20
-12,15,20
9,-17,20
-4,19,20
-19,5,20
14,14,20
13,15,20
-2,20,20
9,-18,20
-20,-3,20
-19,-7,20
-14,15,20
10,-18,20
-13,16,20
17,12,20
-18,11,20
-20,-7,20
-21,-4,20
19,10,20
-20,-8,20
-8,-20,20
-18,-12,20
-6,-21,20
21,-6,20
-9,-20,20
11,-19,20
-22,-1,20
-21,7,20
-22,-4,20
-4,-22,20
21,-8,20
-22,-5,20
22,-5,20
-17,-15,20
-15,17,20
15,-17,20
-22,6,20
-14,18,20
-23,-1,20
-23,-2,20
-22,7,20
-23,-3,20
12,-20,20
20,12,20
-22,8,20
-18,15,20
-15,18,20
-22,9,20
-23,7,20
-17,-17,20
-17,17,20
-21,12,20
-15,19,20
-24,4,20
-24,5,20
-22,11,20
-18,17,20
-17,-18,20
18,-17,20
-16,19,20
-25,0,20
0,25,20
-2,25,20
-14,21,20
21,14,20
24,8,20
-25,4,20
-18,18,20
-19,17,20
-17,-19,20
-13,22,20
22,-13,20
22,13,20
24,9,20
7,-25,20
24,10,20
-26,-3,20
-19,-18,20
-18,-19,20
19,-18,20
-15,22,20
-19,19,20
10,-25,20
0,27,20
-27,-1,20
17,-21,20
-3,27,20
-16,-22,20
24,-13,20
-25,11,20
-15,-23,20
26,9,20
20,-19,20
25,-12,20
-14,-24,20
-17,-22,20
22,-17,20
26,10,20
-28,0,20
25,-13,20
24,-15,20
24,15,20
27,9,20
17,-23,20
26,-12,20
-27,-10,20
1,-29,20
-13,-26,20
19,-22,20
-29,-3,20
-27,-11,20
18,-23,20
28,-9,20
-5,29,20
-26,-14,20
27,-12,20
-29,-6,20
-16,25,20
22,-20,20
28,10,20
7,-29,20
-27,-13,20
-27,13,20
27,-13,20
0,-30,20
-28,-11,20
28,-11,20
29,-8,20
-3,-30,20
-17,-25,20
-17,25,20
5,-30,20
-28,12,20
23,-20,20
-26,-16,20
-16,-26,20
6,-30,20
-29,-10,20
-29,10,20
-18,-25,20
7,-30,20
25,-18,20
30,7,20
-29,11,20
-1,31,20
1,-31,20
-8,30,20
-17,26,20
26,-17,20
-22,-22,20
28,-14,20
-30,-9,20
30,9,20
12,-29,20
27,-16,20
-25,-19,20
19,25,20
-18,-26,20
-18,26,20
10,-30,20
-28,15,20
28,-15,20
-13,29,20
-23,-22,20
27,-17,20
-30,-11,20
-30,11,20
0,-32,20
25,-20,20
-32,-2,20
-32,2,20
2,-32,20
-32,-3,20
-3,-32,20
-3,32,20
-19,-26,20
-28,-16,20
-4,-32,20
-30,12,20
-18,-27,20
-18,27,20
-23,-23,20
-32,6,20
15,-29,20
-30,-13,20
13,-30,20
-17,-28,20
-20,-26,20
-20,26,20
31,11,20
-33,0,20
-33,1,20
-33,2,20
-30,-14,20
-30,14,20
-16,-29,20
-3,-33,20
-31,-12,20
-12,31,20
12,-31,20
-22,25,20
22,25,20
32,10,20
-30,-15,20
6,-33,20
15,-30,20
33,6,20
-33,7,20
-19,28,20
-33,8,20
23,25,20
16,-30,20
-34,-1,20
-22,26,20
-2,-34,20
-3,-34,20
29,-18,20
9,-33,20
-5,-34,20
-17,-30,20
-10,33,20
32,13,20
23,26,20
22,27,20
-14,32,20
-35,0,20
-35,1,20
-1,35,20
1,35,20
-35,2,20
-2,35,20
15,-32,20
32,15,20
-10,34,20
10,-34,20
33,13,20
-6,-35,20
19,-30,20
-35,7,20
-34,11,20
-18,-31,20
-18,31,20
-14,33,20
33,14,20
-35,8,20
35,-8,20
0,36,20
-2,36,20
30,-20,20
26,25,20
-3,-36,20
-3,36,20
-15,33,20
15,-33,20
15,33,20
13,-34,20
16,-33,20
11,-35,20
-18,32,20
34,14,20
27,25,20
-36,8,20
-28,24,20
-24,28,20
-20,31,20
-37,1,20
-29,23,20
-1,37,20
1,37,20
37,2,20
-37,3,20
-3,37,20
-19,-32,20
4,37,20
5,37,20
13,-35,20
31,-21,20
-37,6,20
-26,27,20
28,25,20
-37,7,20
14,-35,20
-30,-23,20
-30,23,20
-23,30,20
-12,36,20
-38,2,20
-37,9,20
15,-35,20
15,35,20
-38,3,20
-4,38,20
28,26,20
38,4,20
-21,32,20
32,-21,20
-29,25,20
-37,10,20
-10,37,20
-30,-24,20
-11,-37,20
-38,7,20
-38,8,20
22,32,20
32,-22,20
38,-8,20
12,-37,20
17,-35,20
36,15,20
3,39,20
21,33,20
4,39,20
39,-4,20
-38,10,20
-10,38,20
-16,-36,20
-32,23,20
39,-6,20
-11,38,20
11,38,20
39,7,20
-33,-22,20
22,33,20
-39,8,20
-17,-36,20
-12,-38,20
12,38,20
-34,-21,20
-32,24,20
40,0,20
-40,-1,20
-40,1,20
40,-4,20
-33,-23,20
-33,23,20
-16,-37,20
16,-37,20
40,-5,20
30,27,20
-31,-26,20
-34,22,20
11,39,20
40,7,20
-39,12,20
21,-35,20
-38,15,20
-15,-38,20
41,0,20
27,-31,20
31,27,20
-38,16,20
-32,-26,20
41,-5,20
41,5,20
-35,-22,20
-33,25,20
39,14,20
-19,-37,20
41,7,20
-34,-24,20
-34,24,20
-40,12,20
41,8,20
15,-39,20
39,15,20
32,27,20
-42,0,20
33,26,20
41,10,20
42,-5,20
40,14,20
-6,42,20
42,6,20
32,28,20
-17,-39,20
33,27,20
15,-40,20
40,15,20
41,12,20
42,-8,20
42,8,20
34,26,20
-38,-20,20
-42,9,20
42,9,20
-43,3,20
30,-31,20
31,-30,20
-10,-42,20
42,10,20
-43,4,20
29,-32,20
-33,-28,20
-39,-19,20
-34,-27,20
34,27,20
-43,7,20
43,7,20
-35,26,20
-12,-42,20
43,-8,20
43,8,20
-20,-39,20
36,25,20
-40,-18,20
-18,-40,20
-22,38,20
-43,9,20
-43,10,20
-19,-40,20
-19,40,20
36,26,20
-44,7,20
31,-32,20
32,-31,20
32,31,20
-15,-42,20
-20,-40,20
-8,44,20
44,8,20
-18,41,20
35,28,20
-9,44,20
-38,-24,20
-38,24,20
-36,-27,20
-45,1,20
-45,2,20
-10,-44,20
45,-5,20
45,5,20
-17,-42,20
-11,44,20
45,-6,20
35,29,20
-38,25,20
-41,-20,20
-20,41,20
-39,24,20
-43,-16,20
-9,-45,20
33,-32,20
33,32,20
46,0,20
-46,-1,20
-42,-19,20
46,3,20
-44,-14,20
46,-4,20
39,-25,20
46,6,20
-18,43,20
-40,24,20
-46,8,20
34,-32,20
16,-44,20
36,30,20
-42,-21,20
-21,-42,20
-41,23,20
-19,-43,20
47,2,20
-47,3,20
47,3,20
-14,-45,20
14,-45,20
40,-25,20
47,4,20
33,34,20
34,33,20
-42,-22,20
-39,-27,20
36,-31,20
-26,40,20
-13,-46,20
-43,-21,20
-28,39,20
-48,-2,20
-2,48,20
-48,3,20
48,3,20
-47,-11,20
15,-46,20
46,15,20
48,-7,20
-41,-26,20
-13,-47,20
-28,40,20
-42,25,20
-49,1,20
-49,2,20
-17,-46,20
-2,49,20
14,-47,20
-49,-3,20
-41,-27,20
-27,41,20
-3,49,20
-30,39,20
-48,-11,20
-43,-24,20
-42,-26,20
-12,-48,20
35,-35,20
-28,41,20
-13,-48,20
-46,19,20
-39,31,20
-42,27,20
-14,-48,20
-10,49,20
-1,50,20
35,-36,20
-43,-26,20
-43,26,20
-26,43,20
37,-34,20
15,-48,20
-12,-49,20
-46,21,20
-40,31,20
50,-8,20
-49,-13,20
-47,19,20
-13,-49,20
-43,27,20
-36,36,20
34,-38,20
38,-34,20
-45,-24,20
-45,24,20
-44,26,20
-51,4,20
-11,-50,20
-51,-5,20
-49,15,20
-48,18,20
-28,43,20
-51,-6,20
-31,41,20
-46,23,20
-51,7,20
-45,-25,20
45,-25,20
-16,-49,20
16,-49,20
-42,30,20
-38,35,20
-13,-50,20
13,-50,20
38,-35,20
39,-34,20
-51,9,20
51,-9,20
-49,17,20
-43,-29,20
-29,43,20
51,-10,20
0,52,20
-41,32,20
52,4,20
-31,42,20
-52,-5,20
52,-5,20
-23,-47,20
37,-37,20
-51,-12,20
-21,-48,20
-19,-49,20
-44,-29,20
-47,24,20
-32,42,20
-22,-48,20
-17,-50,20
-17,50,20
-20,-49,20
52,-10,20
0,53,20
-43,31,20
-1,53,20
53,2,20
-36,39,20
-40,35,20
53,4,20
-51,15,20
-48,23,20
-47,25,20
53,5,20
-41,34,20
-49,21,20
-53,-6,20
53,6,20
-33,42,20
-45,-29,20
-48,24,20
-47,26,20
-17,51,20
53,-9,20
31,-44,20
-52,14,20
14,52,20
-53,10,20
53,-10,20
1,54,20
2,54,20
-45,-30,20
-48,25,20
-49,-23,20
5,54,20
-54,-6,20
54,6,20
-29,46,20
-32,-44,20
-16,-52,20
38,-39,20
-40,-37,20
-54,-8,20
-50,-22,20
-45,31,20
17,52,20
-54,9,20
-54,10,20
54,-10,20
-49,25,20
1,55,20
-52,18,20
-2,55,20
55,2,20
-48,27,20
-54,-11,20
55,4,20
-51,-21,20
-21,51,20
-40,38,20
-55,-5,20
-47,-29,20
-47,29,20
5,55,20
55,5,20
-42,-36,20
-36,42,20
12,-54,20
55,6,20
-53,16,20
-52,19,20
19,52,20
-49,26,20
-46,-31,20
-54,-13,20
-51,-22,20
13,-54,20
51,-22,20
54,13,20
-48,-28,20
44,-34,20
17,53,20
20,52,20
-55,9,20
9,55,20
14,-54,20
50,-25,20
-23,-51,20
-53,18,20
-1,56,20
-54,15,20
54,15,20
-52,21,20
-43,-36,20
-36,43,20
-3,56,20
48,-29,20
-55,11,20
-35,44,20
5,56,20
44,-35,20
55,-12,20
-53,19,20
-47,-31,20
-54,16,20
6,56,20
16,54,20
-26,-50,20
-56,-7,20
-49,-28,20
-30,48,20
-33,-46,20
17,54,20
42,-38,20
-53,20,20
43,-37,20
-25,-51,20
-23,-52,20
-56,10,20
-29,-49,20
0,57,20
-53,21,20
15,-55,20
55,15,20
-2,57,20
-56,11,20
56,-11,20
3,57,20
-48,-31,20
-34,-46,20
-24,-52,20
52,-24,20
56,-12,20
40,-41,20
6,57,20
43,-38,20
-33,-47,20
-30,49,20
-56,-13,20
13,-56,20
-45,-36,20
45,-36,20
-32,-48,20
-25,-52,20
-25,52,20
9,-57,20
-56,-14,20
-23,53,20
10,57,20
18,-55,20
-56,15,20
-31,-49,20
0,58,20
-34,47,20
1,58,20
2,58,20
57,-11,20
-26,-52,20
19,55,20
5,58,20
-58,-6,20
-54,-22,20
-30,50,20
22,54,20
-36,-46,20
57,-13,20
-55,20,20
-49,32,20
-20,-55,20
-17,-56,20
-58,-8,20
51,-29,20
-58,-9,20
-57,-14,20
54,-23,20
43,-40,20
39,-44,20
-18,-56,20
18,56,20
-31,-50,20
-55,21,20
-38,-45,20
38,-45,20
45,38,20
0,59,20
-26,53,20
46,-37,20
-59,-3,20
-49,33,20
-33,-49,20
-33,49,20
3,59,20
51,-30,20
-59,-6,20
-50,32,20
-32,50,20
50,-32,20
-41,43,20
-20,-56,20
44,-40,20
-53,27,20
17,-57,20
57,-17,20
-25,-54,20
-59,-8,20
49,-34,20
38,-46,20
-31,51,20
57,-18,20
-21,56,20
21,56,20
-37,-47,20
47,37,20
59,10,20
15,-58,20
33,-50,20
-26,-54,20
-53,28,20
57,-19,20
-22,56,20
16,-58,20
-32,-51,20
-35,-49,20
-35,49,20
49,-35,20
-54,27,20
-60,-7,20
-47,38,20
58,-17,20
-60,-8,20
-56,-23,20
-52,31,20
56,-23,20
9,-60,20
60,9,20
18,-58,20
58,-18,20
-57,-21,20
-33,51,20
-21,57,20
51,-33,20
-54,28,20
-53,30,20
-56,-24,20
-24,-56,20
-58,-19,20
19,58,20
58,-19,20
-61,-4,20
38,-48,20
48,38,20
-55,27,20
-58,-20,20
20,58,20
-61,-7,20
7,-61,20
53,-31,20
-43,44,20
8,-61,20
61,8,20
-42,-45,20
36,-50,20
50,-36,20
60,14,20
21,58,20
-55,28,20
47,-40,20
-54,30,20
10,-61,20
-24,-57,20
-24,57,20
60,15,20
-53,32,20
-11,61,20
-49,38,20
62,1,20
-22,-58,20
-60,-16,20
-52,34,20
12,-61,20
37,-50,20
62,5,20
-44,-44,20
-44,44,20
-25,57,20
57,25,20
-31,54,20
-46,-42,20
-42,-46,20
6,-62,20
-62,-7,20
62,7,20
51,-36,20
-33,-53,20
62,8,20
-28,56,20
-60,-18,20
-57,-26,20
-9,62,20
-52,35,20
-58,-24,20
-54,32,20
-32,54,20
-38,-50,20
-34,53,20
-37,-51,20
-47,42,20
63,2,20
63,4,20
-31,55,20
-25,58,20
58,25,20
63,5,20
-60,-20,20
-52,36,20
49,-40,20
-50,39,20
-35,53,20
-56,-30,20
-26,58,20
-60,21,20
-38,-51,20
-9,63,20
9,-63,20
-10,63,20
10,-63,20
63,10,20
-60,-22,20
-57,-29,20
-29,57,20
11,-63,20
-31,56,20
56,-31,20
-50,40,20
16,-62,20
-64,-3,20
-36,53,20
3,-64,20
-59,-25,20
63,12,20
-61,-20,20
-5,64,20
-60,-23,20
6,-64,20
63,13,20
-57,-30,20
-59,-26,20
-26,59,20
-64,-8,20
-8,64,20
64,8,20
-14,63,20
-18,62,20
-60,24,20
-64,-9,20
-9,64,20
-55,34,20
-50,41,20
34,55,20
-15,63,20
-58,29,20
-59,-27,20
-31,57,20
27,59,20
-63,16,20
-60,-25,20
16,-63,20
52,-39,20
65,3,20
-61,-23,20
-65,6,20
-58,30,20
-64,-13,20
-32,57,20
-62,-21,20
-34,56,20
-14,64,20
56,-34,20
-61,24,20
65,9,20
-64,15,20
-36,-55,20
-15,64,20
-58,31,20
58,-31,20
65,10,20
-60,-27,20
-48,-45,20
-39,53,20
65,11,20
2,-66,20
-66,-3,20
3,-66,20
-63,-20,20
-62,23,20
-30,59,20
-28,60,20
-66,-6,20
-66,6,20
-13,65,20
-34,57,20
-65,-14,20
-36,-56,20
-66,-9,20
66,9,20
-29,60,20
-59,31,20
59,-31,20
-43,-51,20
-63,22,20
-64,19,20
-62,25,20
-35,57,20
-66,-11,20
11,-66,20
66,11,20
-67,-1,20
-66,-12,20
12,-66,20
60,-30,20
-28,-61,20
-47,-48,20
34,58,20
-67,6,20
-50,-45,20
67,7,20
-63,24,20
-36,-57,20
-36,57,20
-65,18,20
-66,14,20
-67,-8,20
8,-67,20
67,8,20
-60,31,20
60,-31,20
-61,-29,20
-61,29,20
59,-33,20
-42,-53,20
-66,15,20
35,58,20
-48,-48,20
-67,-11,20
-47,-49,20
67,11,20
-66,16,20
-46,-50,20
-46,50,20
-37,-57,20
-30,61,20
0,-68,20
-65,20,20
-40,-55,20
40,55,20
-28,-62,20
12,-67,20
67,12,20
-59,-34,20
59,-34,20
-66,17,20
-63,26,20
-68,5,20
6,-68,20
-65,21,20
-64,24,20
-61,-31,20
-61,31,20
-62,29,20
-29,-62,20
-29,62,20
8,-68,20
-60,-33,20
-68,-9,20
-48,-49,20
-48,49,20
-41,-55,20
-50,-47,20
67,15,20
-66,19,20
10,-68,20
-28,-63,20
69,2,20
-39,57,20
69,3,20
-68,13,20
-48,-50,20
62,31,20
-47,-51,20
-29,63,20
7,-69,20
-41,-56,20
8,-69,20
9,-69,20
-67,19,20
37,59,20
10,-69,20
-30,63,20
-61,34,20
-64,28,20
-66,23,20
-39,58,20
-67,-20,20
-51,-48,20
53,-46,20
-69,13,20
-67,-21,20
-31,-63,20
-62,33,20
-29,-64,20
-68,-18,20
44,-55,20
-40,58,20
40,58,20
-70,-9,20
9,-70,20
-68,-19,20
-70,-10,20
62,34,20
-28,65,20
-67,23,20
53,-47,20
-20,-68,20
-26,-66,20
54,-46,20
-41,58,20
58,-41,20
-68,-21,20
-68,21,20
-29,65,20
-70,-13,20
59,-40,20
-49,-52,20
-68,22,20
-64,32,20
64,-32,20
-69,-19,20
-9,-71,20
-30,65,20
65,-30,20
-28,-66,20
-71,-10,20
-69,20,20
-72,-1,20
64,-33,20
-31,-65,20
65,-31,20
-69,21,20
-51,-51,20
-48,-54,20
-48,54,20
55,-47,20
-69,22,20
-42,59,20
-72,-8,20
46,-56,20
64,-34,20
-30,66,20
-71,15,20
-45,57,20
-72,-10,20
-38,-62,20
-72,-11,20
-65,33,20
-12,-72,20
-48,-55,20
-71,17,20
-43,59,20
-73,-2,20
-69,24,20
-72,13,20
68,27,20
-73,-5,20
-73,6,20
-62,-39,20
-18,-71,20
-72,14,20
-14,-72,20
69,25,20
64,36,20
-71,19,20
-44,59,20
-73,-10,20
69,26,20
-20,-71,20
-62,-40,20
-66,33,20
-72,17,20
74,0,20
46,-58,20
-71,21,20
63,-39,20
74,4,20
13,-73,20
74,5,20
-74,7,20
-71,22,20
7,-74,20
74,7,20
-56,49,20
49,-56,20
56,-49,20
-74,8,20
8,-74,20
64,38,20
-10,-74,20
66,-35,20
-68,31,20
-65,-37,20
65,37,20
11,-74,20
74,11,20
-62,-42,20
62,-42,20
-71,24,20
-39,64,20
-74,12,20
-12,-74,20
-75,0,20
75,0,20
-75,1,20
-75,-3,20
-50,-56,20
75,4,20
-49,-57,20
-49,57,20
75,5,20
66,-36,20
6,-75,20
25,-71,20
75,7,20
28,-70,20
8,-75,20
-73,-19,20
47,-59,20
-43,-62,20
62,-43,20
-74,15,20
-72,23,20
26,-71,20
71,26,20
-75,-10,20
66,-37,20
-52,-55,20
63,-42,20
-51,-56,20
-75,11,20
-39,-65,20
-11,-75,20
57,50,20
75,12,20
71,27,20
76,0,20
-76,2,20
-62,-44,20
-44,-62,20
68,34,20
-76,3,20
75,13,20
-47,60,20
-43,-63,20
-75,-14,20
28,-71,20
71,28,20
-19,74,20
-52,-56,20
8,76,20
-75,-15,20
-69,33,20
33,-69,20
69,33,20
64,-42,20
-70,31,20
31,-70,20
70,-31,20
-58,50,20
58,50,20
-45,-62,20
10,76,20
-49,-59,20
-49,59,20
-11,-76,20
11,76,20
-48,60,20
-63,-44,20
65,-41,20
27,-72,20
72,27,20
-75,-17,20
-75,17,20
-12,-76,20
76,12,20
-32,-70,20
77,0,20
-2,-77,20
-77,3,20
77,-3,20
30,-71,20
-18,75,20
18,-75,20
-52,-57,20
57,52,20
73,-25,20
-74,22,20
-51,-58,20
-76,14,20
-14,-76,20
7,77,20
77,7,20
50,-59,20
-19,75,20
-76,15,20
-49,60,20
76,15,20
-31,71,20
71,31,20
-74,23,20
-26,-73,20
-23,-74,20
-77,-9,20
9,77,20
-48,61,20
-29,-72,20
10,77,20
-44,-64,20
74,-24,20
34,-70,20
70,34,20
27,-73,20
-76,17,20
-71,32,20
32,-71,20
-77,12,20
12,77,20
-59,51,20
51,-59,20
72,30,20
-63,-46,20
78,1,20
-78,2,20
-78,-3,20
-60,50,20
-50,-60,20
-18,-76,20
-4,-78,20
-28,-73,20
73,28,20
-77,14,20
-14,-77,20
-78,-8,20
62,-48,20
-75,23,20
77,15,20
-44,-65,20
56,55,20
-29,-73,20
67,-41,20
73,29,20
53,58,20
63,-47,20
-10,-78,20
-77,16,20
71,-34,20
-75,24,20
78,11,20
-46,-64,20
-46,64,20
-17,-77,20
61,50,20
68,-40,20
-30,-73,20
-1,-79,20
62,-49,20
-65,45,20
-45,-65,20
-18,77,20
37,-70,20
-33,72,20
63,-48,20
-78,14,20
78,14,20
59,53,20
-66,-44,20
26,75,20
-52,-60,20
-15,-78,20
-51,61,20
9,79,20
36,-71,20
-67,-43,20
-46,-65,20
10,-79,20
10,79,20
62,-50,20
62,50,20
-11,-79,20
11,-79,20
21,77,20
63,-49,20
74,-30,20
-12,-79,20
12,-79,20
68,-42,20
-48,64,20
-53,60,20
28,75,20
35,-72,20
-33,-73,20
-52,-61,20
6,-80,20
14,79,20
-78,19,20
-19,78,20
19,78,20
7,-80,20
26,76,20
75,29,20
-50,-63,20
63,50,20
-66,46,20
-46,-66,20
-68,-43,20
20,78,20
-34,-73,20
-79,16,20
-64,49,20
16,79,20
76,27,20
-53,-61,20
-12,-80,20
37,-72,20
-35,-73,20
25,77,20
77,-25,20
77,25,20
-2,-81,20
2,81,20
22,78,20
-13,-80,20
-81,-4,20
-50,-64,20
64,50,20
6,81,20
-46,-67,20
26,77,20
7,-81,20
76,29,20
-15,-80,20
60,-55,20
65,-49,20
-34,-74,20
-54,-61,20
-79,20,20
-68,45,20
75,32,20
-53,-62,20
-66,48,20
66,-48,20
70,-42,20
76,-30,20
-81,-11,20
11,81,20
-17,-80,20
-69,44,20
-51,64,20
51,-64,20
-67,47,20
-35,-74,20
-12,-81,20
-25,-78,20
25,78,20
-71,-41,20
41,-71,20
0,-82,20
18,80,20
-65,50,20
2,-82,20
2,82,20
13,81,20
-82,-3,20
-82,-4,20
-4,-82,20
82,4,20
-82,-5,20
-80,19,20
-74,-36,20
73,38,20
-53,-63,20
-34,-75,20
-81,15,20
67,-48,20
-52,64,20
20,-80,20
64,52,20
9,82,20
42,-71,20
-51,-65,20
-51,65,20
65,51,20
-77,-30,20
11,82,20
-73,-39,20
-35,-75,20
-66,50,20
50,-66,20
-72,-41,20
79,25,20
62,-55,20
22,80,20
-81,18,20
0,-83,20
-71,-43,20
-31,-77,20
49,-67,20
67,-49,20
2,-83,20
-3,-83,20
-53,-64,20
26,79,20
-74,-38,20
-23,80,20
80,-23,20
-72,-42,20
42,-72,20
8,-83,20
-51,66,20
9,83,20
24,80,20
80,-24,20
-71,-44,20
71,-44,20
-16,82,20
16,82,20
63,-55,20
-76,-35,20
21,-81,20
-54,-64,20
-25,-80,20
25,80,20
49,-68,20
-72,43,20
12,83,20
43,-72,20
53,-65,20
22,-81,20
81,-22,20
-18,82,20
2,-84,20
52,-66,20
84,2,20
-84,-4,20
-36,76,20
26,80,20
14,83,20
19,-82,20
-84,-7,20
-72,44,20
8,-84,20
-20,-82,20
-84,-9,20
-24,-81,20
9,84,20
84,9,20
-30,-79,20
10,84,20
-74,41,20
-53,66,20
-33,-78,20
73,-43,20
-81,25,20
81,-25,20
-59,-61,20
-58,-62,20
72,-45,20
-76,-38,20
76,38,20
-77,36,20
-85,-2,20
-81,26,20
81,26,20
-74,42,20
-85,-4,20
-4,-85,20
-85,-5,20
-47,-71,20
-19,83,20
85,5,20
14,84,20
-82,23,20
82,-23,20
-50,69,20
-79,32,20
-32,-79,20
-54,66,20
54,-66,20
66,54,20
85,7,20
85,8,20
-76,-39,20
-39,76,20
-77,-37,20
-37,77,20
37,77,20
53,-67,20
82,-24,20
85,9,20
-84,16,20
-85,10,20
-74,43,20
-59,-62,20
-83,21,20
21,-83,20
-58,-63,20
-84,17,20
-64,57,20
64,57,20
85,11,20
-83,-22,20
-76,-40,20
-18,84,20
18,84,20
66,-55,20
-75,-42,20
-85,13,20
-29,-81,20
54,-67,20
67,54,20
-19,84,20
83,-23,20
-85,14,20
-46,-73,20
86,7,20
-59,-63,20
-39,77,20
-78,37,20
37,78,20
-84,20,20
-20,-84,20
20,-84,20
-41,76,20
64,58,20
83,-24,20
-43,75,20
-86,9,20
86,9,20
-85,16,20
-72,-48,20
66,-56,20
-84,-21,20
-84,21,20
21,-84,20
74,-45,20
-55,67,20
55,-67,20
-40,77,20
-79,36,20
-73,-47,20
-86,12,20
-42,-76,20
-42,76,20
54,-68,20
-71,-50,20
-50,71,20
-85,18,20
-34,-80,20
75,-44,20
-86,13,20
13,86,20
26,83,20
-60,-63,20
-87,-2,20
2,-87,20
-87,-3,20
3,-87,20
-85,19,20
-19,85,20
-65,58,20
65,-58,20
-86,14,20
-74,-46,20
-52,70,20
-78,-39,20
-66,57,20
6,87,20
87,6,20
83,27,20
-43,76,20
67,56,20
-87,-8,20
-48,-73,20
68,-55,20
-21,-85,20
28,83,20
-54,69,20
84,25,20
-72,-50,20
-79,-38,20
-17,86,20
38,-79,20
-77,-42,20
-42,-77,20
42,77,20
64,-60,20
-53,70,20
-22,-85,20
-44,76,20
-18,86,20
-83,29,20
29,-83,20
29,83,20
-46,-75,20
-46,75,20
-88,-3,20
-19,-86,20
68,56,20
-39,79,20
-87,14,20
-41,78,20
-80,37,20
37,-80,20
-35,-81,20
-30,-83,20
-88,-7,20
7,-88,20
-87,15,20
-20,-86,20
-45,-76,20
73,-50,20
-66,59,20
-21,86,20
28,84,20
88,10,20
-78,-42,20
-31,-83,20
25,85,20
-88,11,20
-44,-77,20
68,57,20
-74,-49,20
-22,86,20
56,-69,20
-85,26,20
-79,-41,20
-41,79,20
41,79,20
23,-86,20
75,-48,20
-73,-51,20
-19,87,20
-88,14,20
64,-62,20
5,-89,20
-35,82,20
-60,-66,20
-89,-6,20
-20,-87,20
20,-87,20
20,87,20
-24,-86,20
74,-50,20
-33,-83,20
-58,-68,20
40,80,20
89,9,20
-81,-38,20
-79,-42,20
-38,-81,20
-87,21,20
-21,-87,20
21,-87,20
78,-44,20
25,-86,20
25,86,20
-22,87,20
29,85,20
-18,88,20
-62,-65,20
26,86,20
86,26,20
-61,-66,20
-51,74,20
66,-61,20
-76,-48,20
84,32,20
-41,80,20
-79,-43,20
89,13,20
-19,88,20
-35,83,20
-90,-5,20
-85,30,20
-75,-50,20
-50,75,20
30,-85,20
30,85,20
58,-69,20
69,-58,20
90,6,20
47,77,20
-33,-84,20
-24,-87,20
33,84,20
-90,-7,20
90,7,20
90,8,20
-38,-82,20
76,-49,20
-52,74,20
90,9,20
-21,-88,20
36,-83,20
65,-63,20
66,-62,20
90,10,20
-55,72,20
-17,-89,20
34,-84,20
-90,11,20
-60,-68,20
-75,-51,20
51,-75,20
-41,-81,20
90,12,20
-54,73,20
-80,-43,20
32,85,20
43,80,20
-37,-83,20
58,-70,20
-79,-45,20
76,-50,20
-35,84,20
57,-71,20
91,3,20
91,4,20
5,-91,20
91,5,20
33,85,20
85,33,20
-91,-6,20
-56,-72,20
-56,72,20
40,-82,20
91,7,20
-62,-67,20
-38,83,20
67,-62,20
-44,80,20
-68,61,20
-61,-68,20
91,8,20
-36,-84,20
28,87,20
-86,31,20
-79,-46,20
-79,46,20
-46,-79,20
31,-86,20
-60,-69,20
69,-60,20
25,-88,20
88,25,20
91,10,20
-54,74,20
-11,91,20
91,11,20
-58,-71,20
22,-89,20
-83,39,20
-43,-81,20
29,87,20
-86,32,20
-26,-88,20
-80,-45,20
-37,-84,20
-37,84,20
37,-84,20
37,84,20
91,12,20
-85,35,20
-47,79,20
-35,85,20
-64,-66,20
-19,90,20
90,-19,20
-56,73,20
92,1,20
-62,-68,20
30,87,20
52,76,20
78,-49,20
-83,40,20
-40,-83,20
40,-83,20
-70,60,20
-60,-70,20
-38,84,20
38,-84,20
-55,74,20
-91,15,20
-80,-46,20
46,80,20
-36,-85,20
-59,-71,20
-88,28,20
-77,-51,20
-16,91,20
-79,48,20
-9,92,20
25,-89,20
-58,-72,20
72,-58,20
-86,34,20
-34,86,20
-39,84,20
-45,81,20
45,81,20
81,-45,20
-63,-68,20
-37,85,20
37,85,20
-89,26,20
26,-89,20
92,12,20
-47,-80,20
47,80,20
74,-56,20
-70,61,20
-35,-86,20
-35,86,20
52,77,20
92,13,20
-30,-88,20
75,55,20
93,1,20
-42,-83,20
-40,-84,20
40,-84,20
-87,33,20
-82,44,20
-44,82,20
38,-85,20
51,78,20
-92,15,20
-36,-86,20
-36,86,20
-58,-73,20
73,-58,20
-80,48,20
-89,28,20
-64,-68,20
-34,87,20
-84,41,20
-79,50,20
-62,-70,20
-39,-85,20
-82,45,20
-56,75,20
56,75,20
-71,61,20
-29,-89,20
61,-71,20
-47,-81,20
47,81,20
35,87,20
-55,76,20
55,76,20
-59,-73,20
-23,-91,20
-44,-83,20
-44,83,20
-19,92,20
44,83,20
-90,27,20
27,-90,20
94,1,20
-86,38,20
-82,46,20
38,86,20
46,82,20
82,-46,20
-79,51,20
93,14,20
-64,-69,20
-94,-5,20
-81,48,20
36,87,20
48,81,20
6,-94,20
75,57,20
-90,28,20
-28,-90,20
-94,-8,20
-93,16,20
-56,-76,20
76,-56,20
45,83,20
93,-17,20
-29,-90,20
-79,52,20
52,-79,20
-77,-55,20
-59,-74,20
26,-91,20
-81,49,20
-67,-67,20
-65,-69,20
-64,-70,20
64,-70,20
70,-64,20
13,-94,20
-71,63,20
-87,-38,20
-87,38,20
-1,95,20
-48,-82,20
48,82,20
14,-94,20
94,14,20
-95,-3,20
-93,20,20
-15,94,20
-91,28,20
77,56,20
-95,-7,20
-43,85,20
-7,95,20
-86,41,20
41,86,20
95,-8,20
-21,-93,20
-16,94,20
47,83,20
-59,-75,20
9,-95,20
95,-9,20
78,-55,20
-88,-37,20
-68,67,20
-37,88,20
-91,-29,20
-29,-91,20
32,-90,20
-94,17,20
10,-95,20
49,82,20
70,-65,20
94,-17,20
-76,-58,20
76,58,20
-89,35,20
-35,89,20
-44,-85,20
51,-81,20
-40,-87,20
40,-87,20
95,-12,20
-30,-91,20
-88,-38,20
-88,38,20
-38,88,20
33,-90,20
-48,-83,20
-95,13,20
-89,36,20
96,1,20
95,-14,20
-96,-4,20
-20,-94,20
-20,94,20
-68,-68,20
-95,-15,20
-95,15,20
-41,87,20
-15,95,20
41,87,20
34,-90,20
-76,-59,20
-88,39,20
-39,-88,20
39,-88,20
52,-81,20
96,-7,20
-93,25,20
-21,-94,20
-8,96,20
96,-8,20
-95,16,20
-89,-37,20
-83,49,20
83,-49,20
-77,-58,20
-58,-77,20
-92,-29,20
-32,-91,20
-95,17,20
96,-10,20
-90,35,20
51,-82,20
-57,-78,20
78,57,20
-88,-40,20
-40,-88,20
40,-88,20
-61,-75,20
-95,18,20
-18,95,20
12,-96,20
-81,53,20
-56,-79,20
95,-19,20
-67,-70,20
-36,90,20
-71,-66,20
66,-71,20
71,-66,20
-97,0,20
-77,-59,20
-96,-14,20
-96,14,20
-87,-43,20
43,87,20
45,86,20
-92,-31,20
-88,41,20
-55,-80,20
80,55,20
95,-20,20
52,-82,20
-91,34,20
-34,91,20
-89,39,20
-39,89,20
25,-94,20
21,-95,20
-37,-90,20
-96,16,20
96,-16,20
-81,54,20
54,-81,20
87,-44,20
91,-35,20
10,-97,20
-86,46,20
-89,40,20
-68,-70,20
-77,-60,20
-67,-71,20
80,56,20
-96,18,20
18,-96,20
66,-72,20
72,-66,20
93,-30,20
-97,12,20
97,-12,20
-91,-36,20
-36,91,20
96,-19,20
97,-13,20
-81,55,20
81,-55,20
-41,-89,20
-41,89,20
-98,1,20
-97,14,20
97,14,20
98,1,20
-93,-31,20
93,31,20
94,28,20
-39,90,20
85,-49,20
98,-5,20
-97,15,20
97,-15,20
-77,-61,20
-37,-91,20
-21,-96,20
51,-84,20
97,-16,20
-67,-72,20
67,-72,20
93,-32,20
88,-44,20
-42,89,20
98,9,20
35,-92,20
53,-83,20
53,83,20
-48,-86,20
-40,-90,20
22,-96,20
40,-90,20
-95,26,20
95,26,20
-10,98,20
-64,75,20
75,-64,20
11,-98,20
85,-50,20
-18,97,20
97,-18,20
-30,-94,20
-33,-93,20
33,-93,20
52,84,20
92,-36,20
80,58,20
-97,19,20
-98,13,20
-77,-62,20
-47,-87,20
24,-96,20
-49,-86,20
-70,70,20
69,-71,20
93,-34,20
72,-68,20
95,28,20
-57,-81,20
-67,-73,20
67,-73,20
-5,99,20
51,85,20
99,5,20
-15,98,20
98,-15,20
74,-66,20
-92,-37,20
96,25,20
-56,82,20
-32,94,20
98,-16,20
99,8,20
-29,-95,20
-76,-64,20
-64,-76,20
-64,76,20
64,76,20
35,-93,20
-40,91,20
-9,99,20
-22,-97,20
22,-97,20
86,-50,20
-10,99,20
99,-10,20
-92,-38,20
-38,-92,20
83,-55,20
-11,99,20
-95,-30,20
-33,94,20
-98,18,20
-99,12,20
-93,-36,20
12,-99,20
36,-93,20
93,-36,20
-88,-47,20
68,-73,20
67,-74,20
99,13,20
-82,57,20
-66,-75,20
75,-66,20
-97,24,20
92,-39,20
-34,94,20
94,-34,20
-14,99,20
51,86,20
65,76,20
37,-93,20
-56,83,20
83,56,20
85,53,20
-89,-46,20
-46,-89,20
42,-91,20
-48,-88,20
-32,-95,20
-96,-29,20
35,-94,20
50,-87,20
55,-84,20
72,-70,20
-97,26,20
-22,-98,20
-99,17,20
-69,-73,20
68,-74,20
75,-67,20
-96,-30,20
-99,18,20
45,-90,20
76,-66,20
-98,23,20
-23,-98,20
83,-57,20
-77,-65,20
-81,60,20
-100,13,20
51,-87,20
87,51,20
96,31,20
-78,-64,20
-24,-98,20
-34,95,20
56,-84,20
84,-56,20
-97,-28,20
97,28,20
-59,-82,20
37,-94,20
82,-59,20
-46,90,20
-100,15,20
92,-42,20
-98,25,20
-99,21,20
50,-88,20
88,50,20
-85,55,20
55,-85,20
83,-58,20
-100,16,20
52,-87,20
-61,81,20
22,-99,20
-84,57,20
-57,84,20
84,-57,20
-78,-65,20
-86,54,20
86,54,20
36,-95,20
-100,18,20
-99,23,20
-23,-99,20
-94,-39,20
-56,85,20
56,-85,20
85,-56,20
-59,83,20
-96,-34,20
34,-96,20
-99,24,20
99,-24,20
84,58,20
50,-89,20
86,-55,20
-99,25,20
97,32,20
21,-100,20
35,-96,20
-61,82,20
82,-61,20
-52,-88,20
52,-88,20
-79,-65,20
38,-95,20
95,38,20
-57,85,20
85,57,20
-99,26,20
-100,22,20
54,-87,20
-45,-92,20
-45,92,20
-47,-91,20
-47,91,20
33,-97,20
93,-43,20
-90,-49,20
36,-96,20
-63,81,20
-27,99,20
-86,-56,20
-59,-84,20
-59,84,20
-97,-34,20
-31,-98,20
-93,44,20
-48,-91,20
44,-93,20
96,37,20
-58,-85,20
90,50,20
83,-61,20
-40,95,20
-98,-32,20
98,32,20
-97,-35,20
-60,84,20
-73,73,20
-74,72,20
-47,-92,20
-26,-100,20
-63,82,20
33,-98,20
98,33,20
-36,97,20
-78,-68,20
67,-79,20
83,-62,20
-86,58,20
58,-86,20
86,-58,20
-48,-92,20
-55,-88,20
84,-61,20
37,-97,20
-91,-50,20
-42,95,20
52,-90,20
-73,74,20
-75,-72,20
72,-75,20
72,75,20
-87,-57,20
-87,57,20
87,-57,20
82,-64,20
99,32,20
-98,-35,20
-89,-54,20
-78,-69,20
97,38,20
-47,93,20
45,-94,20
94,-45,20
-79,-68,20
-49,-92,20
49,-92,20
68,-79,20
92,-49,20
43,-95,20
-56,-88,20
56,-88,20
-51,-91,20
62,-84,20
53,-90,20
-81,-66,20
-66,81,20
81,-66,20
-58,-87,20
-55,-89,20
-75,73,20
73,75,20
-50,-92,20
-37,98,20
70,78,20
83,-64,20
-57,-88,20
-79,-69,20
69,-79,20
79,-69,20
-90,-54,20
54,-90,20
84,-63,20
-35,99,20
47,-94,20
-98,-38,20
98,38,20
-67,81,20
-43,96,20
85,-62,20
-82,-66,20
33,-100,20
-58,-88,20
-83,-65,20
83,-65,20
61,-86,20
-55,-90,20
71,78,20
48,-94,20
44,-96,20
34,-100,20
-81,-68,20
-85,63,20
54,-91,20
-98,40,20
-82,-67,20
-90,-56,20
49,-94,20
94,-49,20
45,-96,20
-99,-38,20
38,-99,20
-76,74,20
-74,76,20
-78,-72,20
84,-65,20
71,-79,20
-98,41,20
-89,58,20
58,-89,20
80,-70,20
-55,-91,20
64,-85,20
-81,-69,20
81,-69,20
48,-95,20
96,-46,20
60,-88,20
44,-97,20
97,-44,20
-82,-68,20
-92,-54,20
-99,-40,20
-75,76,20
40,-99,20
66,-84,20
-78,73,20
-56,91,20
-79,-72,20
-79,72,20
47,-96,20
-95,49,20
-45,97,20
45,-97,20
97,-45,20
51,-94,20
-85,65,20
58,-90,20
-82,-69,20
-82,69,20
-55,-92,20
86,-64,20
-83,-68,20
-60,-89,20
39,-100,20
95,50,20
-57,91,20
57,-91,20
-94,52,20
98,-44,20
-84,67,20
-77,-75,20
-77,75,20
-75,77,20
-78,74,20
-54,-93,20
-85,-66,20
-80,72,20
-92,-56,20
81,-71,20
49,-96,20
47,-97,20
97,-47,20
-86,-65,20
86,-65,20
-82,-70,20
51,-95,20
45,-98,20
-83,69,20
83,-69,20
93,-55,20
-84,68,20
-78,-75,20
-75,78,20
-88,-63,20
92,-57,20
-85,-67,20
-85,67,20
85,-67,20
-96,50,20
-79,74,20
-46,98,20
-95,52,20
-52,95,20
52,-95,20
99,-44,20
-86,-66,20
-100,-42,20
-89,62,20
82,-71,20
93,-56,20
-87,-65,20
97,-49,20
47,-98,20
84,-69,20
-58,-92,20
53,-95,20
85,-68,20
-91,-60,20
-91,60,20
67,-86,20
73,81,20
-82,72,20
98,-48,20
50,-97,20
-99,46,20
52,-96,20
-90,62,20
94,-56,20
-85,-69,20
-69,85,20
51,-97,20
-58,-93,20
-100,45,20
-81,74,20
-92,-60,20
-92,60,20
-94,-57,20
-57,94,20
94,-57,20
-84,71,20
-98,50,20
-48,99,20
99,-48,20
52,-97,20
46,-100,20
-54,96,20
54,-96,20
77,-79,20
-80,-76,20
75,81,20
-94,-58,20
82,-74,20
-98,51,20
47,-100,20
72,84,20
96,-55,20
-93,60,20
-85,71,20
-86,-70,20
-100,-48,20
-92,62,20
-52,98,20
52,-98,20
69,-87,20
75,82,20
56,-96,20
-93,-61,20
-93,61,20
-95,58,20
-51,-99,20
67,-89,20
-53,-98,20
-55,97,20
97,-55,20
-100,-50,20
76,82,20
-88,69,20
-52,-99,20
69,-88,20
75,-83,20
75,83,20
-54,98,20
-84,74,20
74,84,20
-89,68,20
73,85,20
-94,61,20
-92,-64,20
-96,58,20
-87,-71,20
-53,-99,20
-93,63,20
-95,60,20
77,82,20
-97,57,20
-57,-97,20
-59,96,20
-74,85,20
-52,-100,20
73,-86,20
-56,-98,20
-93,64,20
67,-91,20
-97,58,20
80,80,20
78,82,20
82,78,20
57,-98,20
-74,86,20
-96,-61,20
-56,-99,20
-56,99,20
67,-92,20
80,81,20
81,80,20
79,82,20
78,83,20
83,78,20
77,84,20
-97,-60,20
55,-100,20
69,-91,20
-99,57,20
-57,99,20
-96,62,20
-73,88,20
80,82,20
-97,-61,20
79,-83,20
-74,88,20
68,-93,20
80,-83,20
79,-84,20
-98,-61,20
-82,82,20
-80,-84,20
-85,79,20
-97,64,20
-67,95,20
-73,91,20
-82,83,20
81,-84,20
-97,65,20
64,-98,20
-90,-75,20
-84,82,20
82,84,20
-96,68,20
-89,-77,20
83,-84,20
-82,85,20
82,-85,20
-87,-80,20
-96,69,20
-89,-78,20
72,-94,20
-90,-77,20
-97,68,20
-68,97,20
92,75,20
84,84,20
83,85,20
-82,86,20
-81,87,20
-88,80,20
-97,69,20
-72,95,20
-100,-65,20
65,-100,20
-68,98,20
83,-86,20
82,-87,20
87,82,20
-88,-81,20
-81,88,20
-89,-80,20
72,-96,20
93,76,20
-71,97,20
83,-87,20
-88,-82,20
-82,-88,20
88,82,20
-89,-81,20
-90,80,20
-95,74,20
74,-95,20
-91,-79,20
-92,-78,20
-69,99,20
69,-99,20
72,-97,20
85,-86,20
-100,68,20
84,-87,20
83,-88,20
-89,-82,20
-71,98,20
-79,-92,20
93,78,20
-97,73,20
-100,69,20
-93,-79,20
-93,79,20
93,79,20
78,-94,20
94,78,20
-98,73,20
72,-99,20
-83,-90,20
-91,-82,20
-92,-81,20
-94,79,20
79,-94,20
-98,74,20
86,-88,20
89,85,20
-84,90,20
-91,-83,20
-83,91,20
-82,-92,20
81,-93,20
-75,-98,20
75,-98,20
-79,95,20
79,-95,20
-74,-99,20
-85,-90,20
-91,-84,20
-84,-91,20
77,-97,20
-82,93,20
82,-93,20
-76,-98,20
-95,-80,20
-95,80,20
-80,95,20
80,-95,20
-99,75,20
-74,-100,20
90,86,20
-84,-92,20
-77,-98,20
-83,-93,20
-82,94,20
82,-94,20
81,-95,20
-80,96,20
79,-97,20
91,86,20
-85,92,20
-84,93,20
84,-93,20
-94,-83,20
-95,-82,20
-96,81,20
-92,-86,20
92,86,20
-93,-85,20
-78,-99,20
-77,-100,20
-81,-97,20
81,-97,20
97,-81,20
-87,-92,20
-79,-99,20
-96,-83,20
-82,-97,20
81,-98,20
98,-81,20
-90,-90,20
99,-80,20
-88,-92,20
-94,-86,20
79,-100,20
-96,-84,20
97,83,20
-99,81,20
-91,-90,20
-90,-91,20
-93,-88,20
-88,-93,20
-94,-87,20
-87,-94,20
-95,-86,20
84,-97,20
-83,-98,20
-99,82,20
82,-99,20
81,-100,20
-96,-86,20
-98,-84,20
-83,-99,20
83,-99,20
99,83,20
-100,82,20
-92,-91,20
91,-92,20
-95,-88,20
-87,-96,20
85,-98,20
-84,-99,20
84,-99,20
-93,-91,20
91,-93,20
-88,-96,20
-88,96,20
85,-99,20
-95,-90,20
95,-90,20
85,-100,20
-93,-93,20
-96,-90,20
-97,-89,20
-89,-97,20
-100,-86,20
-90,-97,20
-98,-89,20
-98,89,20
-93,-95,20
-92,96,20
92,-96,20
-97,-91,20
-99,-89,20
-88,-100,20
-92,-97,20
91,-98,20
90,-99,20
-91,-99,20
-91,99,20
-94,-97,20
-91,-100,20
-96,96,20
-97,95,20
-95,97,20
-95,-98,20
95,-98,20
-94,99,20
93,-100,20
-95,99,20
-100,-94,20
-99,96,20
-100,95,20
-95,-100,20
98,-100,20
99,-100,20
0,3,19
-1,3,19
-3,2,19
-2,3,19
-3,4,19
4,-3,19
-5,-2,19
-4,4,19
3,5,19
-6,0,19
-6,-1,19
-6,1,19
2,-6,19
4,-5,19
3,6,19
-7,-1,19
-7,-2,19
2,-7,19
7,-3,19
-6,-5,19
5,6,19
-8,-2,19
8,-3,19
9,0,19
8,-5,19
3,-10,19
-10,-4,19
-10,-5,19
-10,5,19
-5,-10,19
-11,-4,19
12,1,19
3,-12,19
-11,7,19
13,2,19
-6,-12,19
-13,4,19
-11,8,19
-12,7,19
-5,-13,19
14,1,19
-14,-3,19
-13,6,19
6,-13,19
4,-14,19
-5,-14,19
5,-14,19
-15,0,19
-12,9,19
-8,13,19
-15,-4,19
11,11,19
-13,9,19
-16,0,19
16,0,19
-16,2,19
-8,-14,19
16,2,19
-12,-11,19
-11,-12,19
-11,12,19
-10,13,19
-16,-4,19
7,-15,19
-14,9,19
-17,0,19
8,-15,19
-17,1,19
17,1,19
-17,-2,19
-15,9,19
-13,12,19
-12,-13,19
-12,13,19
-17,-5,19
-5,17,19
-11,14,19
14,11,19
8,-16,19
18,0,19
-18,-2,19
-16,9,19
-7,-17,19
-18,-4,19
8,-17,19
-10,16,19
-6,18,19
19,0,19
14,13,19
-15,-12,19
-15,12,19
15,12,19
-19,-3,19
-3,-19,19
-7,18,19
16,11,19
19,-4,19
-19,-5,19
-5,19,19
8,-18,19
17,10,19
-15,-13,19
15,13,19
-19,-6,19
-19,6,19
-16,12,19
-18,9,19
-3,-20,19
-19,7,19
-17,-11,19
-17,11,19
-7,19,19
14,15,19
-20,-5,19
-19,-8,19
-16,-13,19
-17,-12,19
-12,17,19
-20,-6,19
-20,6,19
-6,-20,19
-19,-9,19
-19,9,19
19,9,19
-2,21,19
-7,-20,19
21,-3,19
21,-4,19
-19,-10,19
-21,-5,19
-5,-21,19
-21,-6,19
-20,-9,19
-19,11,19
-17,14,19
-14,17,19
22,1,19
21,-7,19
-12,19,19
19,12,19
-5,-22,19
-16,-16,19
-17,15,19
-18,-14,19
22,-6,19
-20,11,19
11,-20,19
22,-7,19
23,-3,19
-21,10,19
21,10,19
-17,-16,19
23,-4,19
-13,20,19
-1,-24,19
-16,18,19
21,12,19
15,-19,19
-23,9,19
-13,21,19
21,13,19
-18,-17,19
0,-25,19
-25,1,19
1,-25,19
22,-12,19
22,12,19
-25,-4,19
-25,-5,19
11,-23,19
13,-22,19
-25,-6,19
-15,21,19
21,15,19
23,-12,19
-25,-7,19
22,-14,19
25,8,19
11,-24,19
16,-21,19
-13,23,19
23,-13,19
15,-22,19
12,-24,19
18,-20,19
-26,-7,19
-14,23,19
14,-23,19
26,-7,19
-17,-21,19
21,-17,19
25,11,19
-27,-5,19
-15,23,19
19,-20,19
-27,-6,19
18,-21,19
21,-18,19
12,-25,19
14,-24,19
24,14,19
27,-7,19
1,28,19
16,-23,19
-26,-11,19
26,-11,19
-28,-4,19
-4,28,19
20,-20,19
-24,-15,19
19,-21,19
21,-19,19
-18,-22,19
18,-22,19
-5,28,19
-17,-23,19
-28,-6,19
-26,-12,19
-25,-14,19
0,-29,19
0,29,19
20,-21,19
1,29,19
2,-29,19
2,29,19
-25,-15,19
15,-25,19
25,-15,19
24,-17,19
-27,-12,19
-25,-16,19
16,-25,19
-7,29,19
23,-19,19
24,-18,19
-26,-15,19
1,-30,19
26,-15,19
2,-30,19
17,-25,19
17,25,19
25,-17,19
-4,-30,19
4,-30,19
-29,-9,19
-30,-5,19
-27,-14,19
-28,-12,19
20,-23,19
-16,26,19
26,-16,19
19,-24,19
24,-19,19
-10,29,19
29,10,19
18,25,19
0,-31,19
8,-30,19
30,-8,19
30,8,19
-26,-17,19
-2,-31,19
2,-31,19
31,3,19
-24,-20,19
-31,4,19
-29,12,19
-27,-16,19
-5,31,19
5,-31,19
-26,-18,19
-29,13,19
13,-29,19
31,-7,19
-22,-23,19
-27,-17,19
11,-30,19
30,11,19
-32,-1,19
-25,-20,19
-1,32,19
8,-31,19
20,25,19
-2,-32,19
-32,3,19
32,3,19
-19,26,19
-4,32,19
5,-32,19
-27,-18,19
27,-18,19
6,-32,19
32,6,19
31,10,19
-32,7,19
-28,-17,19
7,-32,19
-26,-20,19
32,-8,19
-19,27,19
27,-19,19
2,-33,19
-33,3,19
-3,33,19
32,-9,19
32,9,19
-28,-18,19
-21,26,19
10,-32,19
-20,-27,19
-20,27,19
-17,-29,19
-13,31,19
13,-31,19
31,13,19
11,-32,19
8,-33,19
33,8,19
-16,-30,19
0,34,19
-1,-34,19
-18,-29,19
-3,34,19
12,-32,19
-21,27,19
34,4,19
34,5,19
-20,-28,19
10,-33,19
11,-33,19
-27,-22,19
-16,-31,19
-34,8,19
34,-8,19
-18,30,19
0,35,19
21,28,19
35,1,19
9,-34,19
-20,-29,19
-4,-35,19
-15,32,19
-17,-31,19
-5,-35,19
25,25,19
-26,-24,19
-23,27,19
13,-33,19
-19,-30,19
6,-35,19
22,28,19
7,-35,19
-16,32,19
-36,0,19
-36,1,19
-1,36,19
36,1,19
-20,-30,19
-27,-24,19
36,3,19
-17,-32,19
-17,32,19
23,28,19
33,15,19
5,36,19
22,29,19
-36,6,19
-6,-36,19
-16,33,19
-18,-32,19
26,26,19
24,28,19
-37,0,19
12,-35,19
-29,-23,19
-23,29,19
-2,-37,19
-2,37,19
-3,-37,19
3,37,19
17,-33,19
37,3,19
34,15,19
-4,-37,19
19,-32,19
37,-4,19
-37,5,19
-5,-37,19
13,35,19
-27,26,19
-28,25,19
16,34,19
-18,-33,19
-11,36,19
37,-7,19
37,7,19
-38,0,19
-38,1,19
-17,-34,19
17,-34,19
2,38,19
38,2,19
35,15,19
-3,38,19
3,38,19
-27,27,19
21,32,19
-25,29,19
-10,-37,19
5,38,19
-24,30,19
-31,23,19
11,-37,19
38,8,19
12,37,19
-17,-35,19
17,35,19
19,-34,19
39,1,19
-38,9,19
39,2,19
-39,3,19
39,3,19
-39,4,19
-31,24,19
-4,39,19
39,4,19
13,37,19
5,39,19
39,-5,19
-18,-35,19
32,-23,19
39,6,19
-38,11,19
-11,-38,19
29,27,19
-22,33,19
39,8,19
-31,25,19
12,-38,19
39,9,19
-13,-38,19
13,-38,19
-23,33,19
33,-23,19
-30,-27,19
40,6,19
-34,-22,19
-22,34,19
-14,-38,19
-19,-36,19
15,38,19
-41,-1,19
41,1,19
30,28,19
-41,2,19
-34,-23,19
-13,-39,19
41,-3,19
-32,26,19
16,-38,19
40,10,19
-5,41,19
-22,35,19
33,25,19
14,-39,19
14,39,19
41,6,19
34,-24,19
28,-31,19
31,28,19
-32,-27,19
27,-32,19
-42,1,19
-42,2,19
-42,3,19
42,-4,19
-41,10,19
-34,25,19
-10,-41,19
34,-25,19
14,-40,19
-32,-28,19
28,-32,19
-37,-21,19
42,-7,19
-33,-27,19
-15,-40,19
-9,-42,19
-43,1,19
35,-25,19
-22,37,19
33,28,19
-19,-39,19
-7,43,19
31,31,19
30,-32,19
42,13,19
44,0,19
-44,1,19
-44,2,19
-34,-28,19
34,28,19
44,2,19
44,-3,19
-35,-27,19
-35,27,19
-40,-19,19
-21,-39,19
-44,6,19
-23,38,19
-7,44,19
44,-7,19
44,7,19
15,-42,19
33,30,19
43,12,19
-37,25,19
-25,37,19
34,29,19
-9,-44,19
44,9,19
-24,38,19
45,0,19
-21,-40,19
-41,-19,19
33,-31,19
33,31,19
34,30,19
15,-43,19
43,15,19
-28,36,19
36,28,19
-18,-42,19
-18,42,19
45,8,19
-16,-43,19
13,-44,19
16,-43,19
44,13,19
32,33,19
34,31,19
46,1,19
-46,2,19
46,2,19
-21,-41,19
-46,3,19
14,-44,19
44,14,19
36,-29,19
-43,-17,19
-17,-43,19
-39,25,19
37,28,19
-15,-44,19
-42,-20,19
46,-7,19
-43,-18,19
-27,38,19
-18,-43,19
33,33,19
34,32,19
35,31,19
-46,9,19
-26,39,19
-29,37,19
41,-23,19
47,1,19
-47,2,19
-10,46,19
-3,47,19
-40,25,19
-17,-44,19
-4,47,19
-28,38,19
47,5,19
-45,-15,19
-36,31,19
13,-46,19
-44,-19,19
-48,0,19
48,2,19
-46,-14,19
14,-46,19
34,-34,19
-48,-3,19
-3,48,19
-4,48,19
-6,48,19
48,-6,19
-15,-46,19
-47,-12,19
-39,-29,19
-29,39,19
-48,8,19
-16,-46,19
16,-46,19
-43,-23,19
13,-47,19
33,-36,19
36,-33,19
-49,0,19
-38,31,19
-14,-47,19
-49,3,19
-4,49,19
-44,-22,19
-22,-44,19
-5,49,19
15,-47,19
47,15,19
49,6,19
-48,-12,19
34,-36,19
33,37,19
-23,-44,19
-16,-47,19
-49,9,19
-27,42,19
-50,0,19
-30,40,19
14,-48,19
-10,-49,19
50,1,19
-50,3,19
-3,50,19
-50,4,19
-46,20,19
-4,50,19
36,-35,19
-37,34,19
-5,50,19
34,37,19
50,5,19
-15,-48,19
48,15,19
-6,50,19
-7,50,19
-50,8,19
-8,50,19
-43,-27,19
-9,50,19
50,-9,19
-48,17,19
-17,-48,19
-38,34,19
-51,1,19
-42,29,19
51,2,19
-51,3,19
-39,33,19
51,3,19
51,-4,19
51,4,19
-50,-11,19
50,-11,19
-15,-49,19
15,-49,19
49,15,19
51,-5,19
-41,31,19
-46,-23,19
-45,25,19
-48,19,19
-36,-37,19
-36,37,19
36,-37,19
-38,-35,19
35,-38,19
34,-39,19
-40,33,19
-33,40,19
40,-33,19
-17,-49,19
-46,24,19
14,-50,19
50,14,19
-45,-26,19
-48,20,19
-20,-48,19
-44,-28,19
-28,44,19
-11,-51,19
-50,15,19
-15,-50,19
-36,38,19
52,6,19
-46,25,19
-12,-51,19
-39,-35,19
-43,-30,19
-30,43,19
-52,7,19
52,-7,19
-34,40,19
-16,-50,19
16,-50,19
40,-34,19
-52,8,19
-51,-13,19
-51,13,19
-33,41,19
52,-9,19
-48,-22,19
-48,22,19
-50,17,19
17,50,19
-46,26,19
-51,14,19
-14,-51,19
-45,-28,19
-45,28,19
-28,45,19
-31,43,19
1,53,19
31,-43,19
37,-38,19
37,38,19
38,-37,19
53,3,19
-50,18,19
4,53,19
-51,-15,19
-15,-51,19
15,51,19
51,15,19
-47,-25,19
47,-25,19
-46,27,19
53,-6,19
-51,16,19
19,50,19
-29,45,19
-53,8,19
53,8,19
-49,22,19
38,-38,19
-51,17,19
-39,-37,19
-37,39,19
53,9,19
-36,40,19
-28,-46,19
-35,41,19
53,10,19
-42,34,19
-2,54,19
54,2,19
-45,30,19
3,54,19
-52,-15,19
-48,-25,19
-25,-48,19
-15,-52,19
15,52,19
-49,23,19
-11,-53,19
4,54,19
-47,27,19
-27,-47,19
-50,21,19
6,54,19
-29,-46,19
44,-32,19
19,51,19
-39,-38,19
54,7,19
-49,24,19
49,-24,19
-54,8,19
-48,26,19
54,8,19
50,-22,19
54,-9,19
54,9,19
-43,-34,19
53,14,19
-33,-44,19
0,55,19
44,-33,19
-25,-49,19
-50,-23,19
-50,23,19
-55,-3,19
3,55,19
15,53,19
-54,11,19
-51,21,19
-39,-39,19
-32,-45,19
45,-32,19
-54,-12,19
54,12,19
6,55,19
-16,-53,19
16,53,19
-35,-43,19
43,-35,19
-49,-26,19
-48,28,19
-55,8,19
-17,-53,19
-52,20,19
-47,30,19
-54,14,19
-14,-54,19
-33,-45,19
45,-33,19
-55,10,19
-50,25,19
-38,-41,19
55,-10,19
55,10,19
-51,23,19
-49,27,19
-37,42,19
-18,-53,19
42,-37,19
-32,-46,19
-54,-15,19
-29,-48,19
3,56,19
55,11,19
56,5,19
-55,-12,19
55,12,19
-56,-6,19
-28,-49,19
7,56,19
-52,-22,19
13,-55,19
-48,30,19
-54,17,19
-38,-42,19
38,-42,19
-56,-9,19
9,-56,19
9,56,19
56,-9,19
56,9,19
-43,-37,19
-55,-14,19
-55,14,19
-51,25,19
-50,27,19
-44,-36,19
-36,-44,19
44,-36,19
-47,-32,19
-56,-10,19
10,56,19
56,10,19
-18,-54,19
-49,-29,19
49,-29,19
-53,-21,19
-35,45,19
45,-35,19
19,54,19
-56,12,19
56,12,19
-55,-16,19
16,55,19
-53,-22,19
-53,22,19
-38,43,19
-57,-7,19
-33,47,19
7,-57,19
-30,-49,19
-44,-37,19
-37,44,19
44,-37,19
-57,-8,19
8,-57,19
8,57,19
-55,17,19
17,-55,19
17,55,19
-36,45,19
57,-9,19
-35,46,19
50,-29,19
-57,-10,19
10,-57,19
56,-15,19
-49,31,19
43,-39,19
-38,-44,19
-38,44,19
44,-38,19
-55,19,19
19,-55,19
58,5,19
-33,48,19
45,-37,19
50,-30,19
36,-46,19
-57,-13,19
-57,13,19
13,-57,19
-32,-49,19
20,55,19
49,-32,19
8,58,19
-35,47,19
-54,-23,19
9,-58,19
9,58,19
14,-57,19
42,-41,19
-40,43,19
-39,-44,19
-39,44,19
44,-39,19
-56,-18,19
-56,18,19
18,-56,19
48,-34,19
-50,31,19
10,-58,19
-55,-21,19
-57,-15,19
15,-57,19
-1,59,19
-53,-26,19
-26,-53,19
59,2,19
-52,28,19
49,-33,19
-59,-4,19
4,59,19
36,-47,19
47,-36,19
-59,-5,19
-58,-12,19
-55,-22,19
-55,22,19
6,59,19
-32,-50,19
-35,48,19
-58,-13,19
20,56,19
-57,17,19
-17,-57,19
-54,-25,19
-55,-23,19
55,-23,19
-34,49,19
34,-49,19
-46,-38,19
14,-58,19
58,-14,19
-59,-9,19
-51,31,19
18,-57,19
-56,-21,19
37,-47,19
10,-59,19
-33,50,19
50,-33,19
-36,48,19
-55,-24,19
55,-24,19
60,2,19
60,3,19
-57,-19,19
19,57,19
-41,44,19
-58,16,19
-56,22,19
22,56,19
-60,-5,19
59,12,19
60,5,19
35,-49,19
-54,-27,19
-20,-57,19
-53,29,19
-58,-17,19
47,-38,19
-34,-50,19
-34,50,19
48,-37,19
-21,-57,19
36,-49,19
-42,44,19
-55,-26,19
-59,-15,19
15,-59,19
56,-24,19
-46,-40,19
61,0,19
-61,-2,19
-35,-50,19
19,-58,19
35,-50,19
61,2,19
-32,-52,19
52,-32,19
-47,-39,19
-47,39,19
47,-39,19
-57,-22,19
-22,-57,19
22,57,19
16,-59,19
48,-38,19
-54,29,19
6,-61,19
51,-34,19
37,-49,19
-57,-23,19
-23,-57,19
57,-23,19
52,-33,19
-46,-41,19
-59,-18,19
18,-59,19
59,-18,19
-56,-26,19
15,-60,19
51,-35,19
11,-61,19
19,59,19
62,0,19
62,3,19
52,-34,19
-56,-27,19
-56,27,19
-55,29,19
-50,37,19
-37,-50,19
-45,-43,19
-43,-45,19
-62,-6,19
62,6,19
-60,-17,19
-47,41,19
23,58,19
-36,-51,19
48,-40,19
-59,-21,19
21,59,19
-55,30,19
55,-30,19
-35,-52,19
-50,38,19
-45,-44,19
-45,44,19
-44,-45,19
60,-19,19
-46,-43,19
-46,43,19
-34,-53,19
-22,-59,19
22,59,19
-1,63,19
-61,-16,19
-56,-29,19
-29,56,19
16,-61,19
-27,57,19
63,3,19
4,-63,19
55,-31,19
-63,-5,19
62,13,19
50,-39,19
-57,28,19
-35,-53,19
-56,30,19
-30,56,19
-60,-21,19
32,55,19
-46,-44,19
-47,43,19
-62,15,19
-34,-54,19
-37,52,19
-19,61,19
-60,22,19
63,11,19
-58,27,19
31,56,19
64,2,19
-3,64,19
-59,25,19
-64,-4,19
4,-64,19
64,4,19
55,-33,19
64,5,19
51,-39,19
17,-62,19
-35,-54,19
-47,-44,19
-47,44,19
-58,28,19
-38,52,19
-30,57,19
-48,43,19
-59,26,19
-32,56,19
-61,21,19
-24,-60,19
-63,-15,19
-63,15,19
10,-64,19
-57,-31,19
-63,-16,19
-56,33,19
-39,52,19
-33,56,19
-65,-1,19
65,2,19
-46,-46,19
3,-65,19
-64,12,19
12,-64,19
64,12,19
4,-65,19
-62,-20,19
-61,23,19
-35,-55,19
35,55,19
-38,53,19
-63,17,19
-65,-6,19
65,6,19
-58,-30,19
-30,58,19
-59,-28,19
28,59,19
-60,-26,19
-60,26,19
-18,63,19
-9,65,19
-59,-29,19
-65,-10,19
-62,22,19
-19,63,19
-44,-49,19
-33,57,19
61,25,19
1,-66,19
66,1,19
-66,-2,19
35,56,19
66,3,19
4,-66,19
30,59,19
-60,-28,19
-58,-32,19
32,58,19
-65,13,19
-37,55,19
65,13,19
-61,26,19
61,26,19
-40,53,19
-63,21,19
-46,-48,19
-24,-62,19
-65,14,19
-14,65,19
14,-65,19
-45,-49,19
-44,-50,19
-60,-29,19
-51,43,19
-63,-22,19
-58,-33,19
33,58,19
58,-33,19
-66,-10,19
10,-66,19
62,25,19
35,57,19
-11,66,19
-67,0,19
-67,-2,19
67,2,19
3,-67,19
-60,-30,19
-60,30,19
-30,60,19
-12,66,19
66,12,19
-59,-32,19
-37,56,19
59,-32,19
-65,-17,19
5,-67,19
-62,26,19
-58,-34,19
62,26,19
-66,13,19
-45,-50,19
-64,-21,19
-51,44,19
-67,7,19
7,-67,19
36,57,19
-39,-55,19
14,-66,19
66,14,19
-60,-31,19
-29,61,19
9,-67,19
67,9,19
-62,-27,19
62,27,19
-64,22,19
-65,19,19
10,-67,19
67,10,19
-63,25,19
-25,-63,19
-11,67,19
11,-67,19
-37,57,19
37,57,19
-61,-30,19
-61,30,19
-60,-32,19
60,-32,19
-68,-1,19
-65,-20,19
-64,23,19
-62,28,19
2,-68,19
62,28,19
3,-68,19
68,3,19
34,59,19
-39,-56,19
-67,-13,19
-53,43,19
13,-67,19
-68,6,19
-68,7,19
7,-68,19
-67,14,19
14,-67,19
62,29,19
67,14,19
-38,57,19
63,27,19
-49,-48,19
-65,22,19
-51,-46,19
40,56,19
-30,62,19
62,30,19
-44,53,19
16,-67,19
-28,63,19
1,-69,19
69,1,19
-68,-12,19
12,-68,19
39,57,19
36,59,19
-42,55,19
-68,-13,19
68,13,19
-66,21,19
-61,-33,19
-29,-63,19
-67,-18,19
41,56,19
-68,-14,19
-52,-46,19
68,14,19
-66,22,19
40,57,19
-44,54,19
-62,32,19
-63,30,19
63,-30,19
-55,43,19
43,-55,19
-68,-16,19
64,28,19
-67,20,19
-50,-49,19
-26,-65,19
70,4,19
-69,-13,19
-67,21,19
-66,24,19
-18,-68,19
7,-70,19
70,7,19
69,14,19
-44,55,19
40,-58,19
-67,22,19
-25,-66,19
-43,-56,19
-19,-68,19
69,15,19
-63,32,19
63,32,19
64,-30,19
-62,-34,19
-50,-50,19
-51,-49,19
-49,51,19
-65,28,19
-70,-11,19
70,11,19
-68,20,19
71,0,19
41,58,19
-69,-17,19
-71,4,19
-64,31,19
-67,24,19
5,-71,19
44,-56,19
44,56,19
71,6,19
-40,-59,19
-27,-66,19
7,-71,19
71,7,19
-70,-14,19
43,57,19
-51,-50,19
-49,52,19
8,-71,19
-48,-53,19
-67,25,19
-39,-60,19
9,-71,19
54,-47,19
63,34,19
70,15,19
-10,-71,19
46,-55,19
-45,56,19
-20,-69,19
45,56,19
-11,-71,19
-26,-67,19
-72,1,19
-71,-12,19
-12,-71,19
-63,-35,19
-66,29,19
-21,-69,19
-50,-52,19
-50,52,19
-49,-53,19
-49,53,19
-13,-71,19
53,-49,19
-43,58,19
43,58,19
54,-48,19
-72,7,19
72,7,19
-71,14,19
-69,-22,19
65,-32,19
-72,-9,19
-9,-72,19
71,15,19
-67,28,19
45,-57,19
-10,-72,19
-62,-38,19
-44,-58,19
68,26,19
-72,11,19
-51,-52,19
-51,52,19
11,-72,19
72,11,19
-50,-53,19
66,-31,19
-61,-40,19
-55,48,19
48,-55,19
-73,1,19
-29,-67,19
3,-73,19
-70,21,19
-73,-4,19
-47,-56,19
-72,-13,19
13,-72,19
-71,18,19
-39,-62,19
46,-57,19
7,-73,19
73,7,19
-72,-14,19
-32,66,19
65,-34,19
-70,22,19
-22,-70,19
-30,67,19
45,-58,19
8,-73,19
-71,-19,19
61,-41,19
-28,-68,19
-73,9,19
9,-73,19
54,-50,19
10,-73,19
-72,-16,19
-16,-72,19
66,-33,19
-60,-43,19
-73,11,19
11,-73,19
73,11,19
-47,-57,19
68,29,19
-17,-72,19
12,-73,19
-74,0,19
-74,1,19
-46,-58,19
-21,-71,19
-61,-42,19
74,-3,19
-63,39,19
74,-4,19
-73,13,19
45,-59,19
-72,18,19
6,-74,19
66,-34,19
67,-32,19
-74,-7,19
-73,-14,19
-73,14,19
-41,-62,19
-22,-71,19
50,-55,19
62,-41,19
-44,-60,19
-64,-38,19
-8,-74,19
74,8,19
-48,-57,19
-73,-15,19
73,15,19
-74,-9,19
9,-74,19
-71,-23,19
-71,23,19
-43,-61,19
47,-58,19
-74,10,19
26,-70,19
67,-33,19
-72,-20,19
-72,20,19
-31,68,19
46,-59,19
-17,73,19
-52,-54,19
12,-74,19
74,12,19
-45,60,19
-55,51,19
-51,-55,19
51,-55,19
75,1,19
75,2,19
75,-4,19
-74,13,19
-57,49,19
-18,-73,19
-18,73,19
-69,30,19
-30,-69,19
-30,69,19
75,6,19
48,-58,19
-65,-38,19
74,14,19
-75,7,19
7,75,19
-73,19,19
-47,-59,19
-19,73,19
-40,-64,19
-75,-9,19
-46,60,19
-69,31,19
-31,69,19
69,31,19
-53,-54,19
10,-75,19
10,75,19
-73,20,19
-16,74,19
29,-70,19
-61,-45,19
11,-75,19
-72,24,19
-74,-17,19
-58,49,19
-49,58,19
-17,74,19
49,-58,19
-12,-75,19
-68,34,19
62,-44,19
76,2,19
-48,59,19
32,-69,19
48,-59,19
-76,4,19
-13,-75,19
-74,-18,19
-30,70,19
70,-30,19
-76,5,19
76,5,19
63,-43,19
-14,-75,19
75,14,19
-76,7,19
76,7,19
-53,-55,19
-74,19,19
-46,61,19
46,-61,19
-56,52,19
-15,75,19
57,51,19
69,-33,19
75,15,19
-9,-76,19
9,76,19
-73,23,19
-23,-73,19
26,-72,19
-31,70,19
-62,-45,19
62,-45,19
-76,10,19
-10,-76,19
-75,-16,19
-75,16,19
-16,-75,19
-76,11,19
73,-24,19
-41,-65,19
-74,21,19
-76,12,19
-70,32,19
-32,70,19
54,-55,19
-53,-56,19
-43,-64,19
-13,-76,19
53,-56,19
64,-43,19
77,4,19
-75,-18,19
-57,52,19
-73,25,19
77,5,19
-46,-62,19
6,77,19
77,6,19
-77,-7,19
-50,-59,19
-50,59,19
-70,33,19
-65,42,19
33,-70,19
65,-42,19
8,77,19
63,-45,19
-15,-76,19
49,-60,19
71,-31,19
26,-73,19
74,-23,19
-75,20,19
-20,75,19
-10,-77,19
-76,16,19
64,-44,19
66,-41,19
-54,-56,19
56,54,19
-47,62,19
-53,-57,19
-17,-76,19
71,-32,19
-12,-77,19
-51,-59,19
-30,72,19
-1,-78,19
63,-46,19
-78,3,19
-3,-78,19
-76,18,19
50,-60,19
78,-4,19
-74,25,19
-5,-78,19
-78,-6,19
6,78,19
66,-42,19
78,6,19
35,-70,19
70,-35,19
-71,33,19
69,-37,19
8,78,19
-77,-15,19
-15,77,19
56,-55,19
9,78,19
36,-70,19
70,-36,19
-60,51,19
-51,60,19
51,-60,19
60,51,19
-11,-78,19
66,-43,19
-72,32,19
-12,-78,19
-79,-1,19
-79,-2,19
-79,2,19
-75,25,19
75,25,19
-78,13,19
-77,18,19
-67,42,19
67,-42,19
-5,-79,19
71,-35,19
79,5,19
70,-37,19
-48,-63,19
55,57,19
-77,19,19
-19,77,19
79,7,19
-66,44,19
-52,60,19
52,-60,19
-76,23,19
-47,64,19
8,79,19
47,-64,19
64,-47,19
68,-41,19
15,78,19
78,15,19
-61,51,19
-9,-79,19
61,51,19
-77,20,19
67,-43,19
-16,-78,19
16,78,19
-65,-46,19
-65,46,19
-10,-79,19
79,10,19
76,-24,19
-27,75,19
27,75,19
69,-40,19
-49,-63,19
-17,-78,19
-17,78,19
74,30,19
79,12,19
-64,48,19
48,-64,19
64,-48,19
-1,-80,19
80,1,19
-80,-2,19
2,80,19
-78,18,19
-53,-60,19
-3,-80,19
53,-60,19
-13,-79,19
79,13,19
22,77,19
-67,44,19
5,80,19
-79,-14,19
62,51,19
29,75,19
63,-50,19
72,-36,19
-78,20,19
38,-71,19
74,32,19
77,-24,19
59,-55,19
45,-67,19
21,78,19
42,-69,19
69,-42,19
75,-30,19
78,-21,19
-48,65,19
-17,79,19
12,-80,19
-35,73,19
-68,44,19
68,-44,19
76,28,19
1,81,19
81,1,19
-66,47,19
-33,-74,19
-18,79,19
18,-79,19
-80,13,19
-63,51,19
51,-63,19
63,51,19
81,3,19
4,-81,19
-81,-5,19
5,81,19
75,-31,19
75,31,19
81,5,19
6,-81,19
-19,79,19
19,79,19
43,-69,19
78,-23,19
-80,15,19
-36,73,19
36,-73,19
20,79,19
71,-40,19
79,-20,19
53,-62,19
-80,16,19
16,80,19
-48,-66,19
78,-24,19
-70,42,19
-52,-63,19
79,-21,19
17,-80,19
17,80,19
-51,-64,19
73,37,19
28,77,19
-79,22,19
-50,-65,19
-50,65,19
1,82,19
22,79,19
50,-65,19
65,-50,19
65,50,19
-13,-81,19
82,3,19
60,-56,19
46,-68,19
61,-55,19
-82,5,19
-70,-43,19
-70,43,19
43,-70,19
82,5,19
14,-81,19
14,81,19
49,-66,19
-82,6,19
6,-82,19
26,78,19
-19,80,19
79,-23,19
-36,-74,19
-36,74,19
-73,-38,19
-53,63,19
72,-40,19
15,-81,19
-52,-64,19
80,-20,19
-71,42,19
-42,71,19
16,-81,19
47,-68,19
44,-70,19
80,-21,19
66,-50,19
25,79,19
-12,-82,19
-55,-62,19
46,-69,19
18,81,19
-71,43,19
1,-83,19
71,-43,19
83,2,19
83,3,19
-64,53,19
-53,64,19
-4,-83,19
53,-64,19
83,5,19
-26,-79,19
74,38,19
-36,75,19
-81,19,19
-83,6,19
-73,40,19
-52,-65,19
52,-65,19
65,52,19
83,7,19
-72,42,19
-15,82,19
15,-82,19
15,82,19
8,83,19
83,8,19
20,-81,19
81,-20,19
-83,-9,19
-57,-61,19
-27,-79,19
83,9,19
-10,-83,19
10,83,19
50,-67,19
-75,-37,19
39,-74,19
-73,41,19
11,83,19
73,-41,19
-82,17,19
-79,28,19
28,79,19
-12,-83,19
-53,-65,19
-31,-78,19
-22,81,19
-18,-82,19
18,82,19
-84,-2,19
-3,-84,19
3,-84,19
3,84,19
36,76,19
-74,40,19
80,26,19
-23,81,19
51,-67,19
81,-23,19
-73,42,19
42,-73,19
-84,7,19
-32,-78,19
-83,15,19
-15,83,19
-72,-44,19
44,-72,19
84,8,19
64,55,19
27,80,19
-9,-84,19
-54,-65,19
-54,65,19
-16,83,19
16,83,19
-75,-39,19
49,-69,19
82,-21,19
-84,11,19
84,11,19
-83,17,19
-73,43,19
28,80,19
81,25,19
-52,67,19
52,-67,19
-12,-84,19
-22,82,19
82,-22,19
-83,18,19
18,-83,19
-51,68,19
-56,64,19
64,-56,19
-26,81,19
26,81,19
4,-85,19
5,-85,19
19,-83,19
55,-65,19
65,55,19
-84,14,19
23,82,19
6,-85,19
-73,-44,19
-85,-7,19
15,84,19
-85,8,19
-83,20,19
-20,83,19
20,-83,19
-81,27,19
-27,81,19
27,81,19
-53,67,19
67,53,19
-82,24,19
-72,-46,19
-85,9,19
-9,-85,19
35,78,19
-16,84,19
-10,-85,19
-33,-79,19
63,58,19
-81,28,19
17,84,19
-85,11,19
25,82,19
82,-25,19
-73,-45,19
-31,-80,19
-85,12,19
-77,-38,19
18,-84,19
-72,-47,19
-1,-86,19
34,79,19
-86,-2,19
-50,70,19
-86,-3,19
-54,67,19
3,86,19
-86,-4,19
74,-44,19
86,4,19
-23,83,19
-71,-49,19
-61,-61,19
-60,-62,19
-73,-46,19
-77,-39,19
-20,84,19
-76,-41,19
-58,-64,19
64,-58,19
-65,57,19
75,-43,19
-86,-9,19
-16,85,19
-33,-80,19
-66,56,19
-56,66,19
66,56,19
-86,10,19
86,10,19
-51,-70,19
28,82,19
25,83,19
-31,-81,19
-38,78,19
-84,-22,19
-76,-42,19
-54,-68,19
76,-42,19
-71,50,19
-82,29,19
29,82,19
-59,-64,19
-87,-4,19
-72,-49,19
4,87,19
84,-23,19
86,14,19
87,5,19
-78,39,19
-39,78,19
39,78,19
-77,-41,19
41,77,19
7,-87,19
-15,86,19
-30,-82,19
30,82,19
-56,67,19
-20,-85,19
8,-87,19
87,8,19
55,-68,19
87,9,19
-16,86,19
25,84,19
50,-72,19
-79,38,19
-31,-82,19
17,86,19
11,87,19
87,11,19
-42,77,19
-59,-65,19
-76,-44,19
76,-44,19
87,12,19
-34,81,19
-86,18,19
18,86,19
13,87,19
0,-88,19
1,-88,19
-88,-2,19
3,-88,19
23,85,19
-19,86,19
-88,-4,19
-56,68,19
4,-88,19
-79,-39,19
41,78,19
-43,-77,19
-43,77,19
-48,-74,19
27,84,19
-55,-69,19
-35,81,19
55,-69,19
88,7,19
-76,-45,19
76,-45,19
88,8,19
-60,-65,19
-16,87,19
88,9,19
-50,-73,19
50,-73,19
21,-86,19
-79,-40,19
-80,38,19
-38,80,19
-36,81,19
36,-81,19
-17,87,19
-46,-76,19
46,76,19
29,84,19
-80,-39,19
39,-80,19
-89,-2,19
23,86,19
-48,75,19
-89,-3,19
-81,37,19
-37,-81,19
3,-89,19
89,3,19
-78,43,19
-89,-4,19
-62,-64,19
-61,-65,19
-45,-77,19
-84,30,19
84,30,19
-20,87,19
-74,-50,19
58,-68,19
38,-81,19
42,79,19
-36,82,19
-49,75,19
49,75,19
-52,73,19
56,-70,19
-22,-87,19
22,-87,19
64,-63,19
89,12,19
41,80,19
39,-81,19
-13,89,19
-82,37,19
23,-87,19
-45,-78,19
45,78,19
90,4,19
5,-90,19
50,75,19
69,58,19
-47,77,19
-20,-88,19
24,-87,19
33,-84,19
-57,-70,19
38,82,19
-44,79,19
49,76,19
71,56,19
28,86,19
-36,-83,19
-85,31,19
64,-64,19
-63,-65,19
25,-87,19
25,87,19
87,25,19
-78,-46,19
-10,90,19
-17,89,19
84,34,19
-11,90,19
-51,75,19
-22,-88,19
-90,12,19
-12,90,19
-39,-82,19
-18,-89,19
-18,89,19
26,87,19
39,-82,19
32,-85,19
-83,37,19
90,13,19
-50,-76,19
-50,76,19
50,76,19
-35,-84,19
-19,89,19
-53,74,19
-57,-71,19
71,-57,19
-86,30,19
90,14,19
27,87,19
-33,85,19
-20,-89,19
65,-64,19
-82,40,19
-40,-82,19
-52,75,19
-83,38,19
-67,62,19
44,80,19
36,-84,19
-21,-89,19
-85,34,19
-59,-70,19
-17,90,19
74,54,19
-41,-82,19
-32,-86,19
32,-86,19
-18,90,19
-84,37,19
-50,77,19
-53,75,19
-91,13,19
-47,-79,19
-35,-85,19
23,-89,19
35,-85,19
65,-65,19
91,13,19
-19,-90,19
-56,-73,19
-68,62,19
68,-62,19
-88,27,19
-91,14,19
91,14,19
-69,61,19
61,-69,19
-33,-86,19
33,86,19
-81,44,19
-84,38,19
-20,90,19
70,-60,19
74,55,19
7,-92,19
-80,46,19
-46,80,19
36,-85,19
59,-71,19
71,-59,19
-8,92,19
8,-92,19
-31,-87,19
31,87,19
-89,25,19
10,-92,19
-83,41,19
-41,-83,19
-17,91,19
91,-17,19
-43,82,19
-84,39,19
-57,-73,19
-65,-66,19
76,53,19
-69,62,19
69,-62,19
91,-18,19
-92,12,19
-80,47,19
-92,13,19
-13,92,19
60,-71,19
-49,79,19
-19,91,19
-89,27,19
-1,93,19
55,75,19
-2,93,19
-84,40,19
-40,84,19
33,-87,19
-44,-82,19
-24,90,19
-81,46,19
-46,81,19
-93,-6,19
-15,92,19
54,76,19
76,54,19
-89,-28,19
66,-66,19
-8,93,19
-65,67,19
-16,92,19
91,-21,19
-87,34,19
-57,-74,19
-57,74,19
90,25,19
63,-69,19
-41,-84,19
-43,-83,19
-50,79,19
-85,39,19
39,-85,19
-45,82,19
82,-45,19
92,-17,19
75,56,19
22,-91,19
-81,47,19
-47,81,19
26,-90,19
72,-60,19
-18,92,19
-87,35,19
-35,-87,19
76,55,19
23,-91,19
73,-59,19
-42,-84,19
-85,40,19
94,0,19
-58,74,19
-77,-54,19
-3,94,19
-68,65,19
24,-91,19
64,-69,19
-20,-92,19
-87,36,19
-94,-6,19
-7,94,19
7,-94,19
-80,50,19
-34,-88,19
-8,94,19
50,-80,19
-43,-84,19
-43,84,19
-21,92,19
-85,41,19
41,85,19
-76,-56,19
-45,83,19
-86,39,19
39,-86,19
94,-9,19
-37,-87,19
-37,87,19
-17,93,19
37,87,19
-22,92,19
22,-92,19
-55,77,19
77,55,19
-91,26,19
-26,91,19
74,-59,19
93,-18,19
-68,66,19
-66,-68,19
69,-65,19
-42,-85,19
75,58,19
-44,84,19
-86,40,19
-40,86,19
40,86,19
-30,-90,19
51,-80,19
-27,91,19
-76,-57,19
76,-57,19
-94,14,19
-36,-88,19
-95,-4,19
-20,-93,19
-20,93,19
-95,-5,19
-15,-94,19
-6,95,19
94,-15,19
-56,-77,19
-28,91,19
28,-91,19
-43,-85,19
7,-95,19
-45,-84,19
-45,84,19
-21,93,19
-16,-94,19
94,-16,19
-83,47,19
83,-47,19
-88,37,19
-67,-68,19
-91,29,19
-29,91,19
29,-91,19
95,-10,19
71,-64,19
-92,26,19
-58,-76,19
-18,94,19
-81,51,19
40,87,19
-84,46,19
-46,84,19
-57,-77,19
77,-57,19
38,-88,19
83,-48,19
95,-13,19
-19,94,19
-96,1,19
-36,89,19
36,-89,19
-96,-2,19
-56,78,19
78,56,19
82,50,19
-96,-3,19
75,-60,19
-43,86,19
-68,68,19
-67,-69,19
-45,-85,19
15,-95,19
95,-15,19
-70,-66,19
-84,47,19
-52,-81,19
-39,88,19
-55,-79,19
71,-65,19
79,55,19
25,-93,19
8,-96,19
-16,95,19
-49,83,19
-82,51,19
-35,90,19
-86,44,19
-96,-11,19
-85,46,19
-46,85,19
-88,40,19
95,-18,19
-48,-84,19
96,-12,19
-92,30,19
30,-92,19
-89,-38,19
33,-91,19
-68,-69,19
96,-13,19
-19,95,19
-83,50,19
-70,67,19
50,-83,19
83,50,19
-90,-36,19
77,-59,19
97,1,19
-2,97,19
-43,87,19
-86,45,19
-41,88,19
-31,-92,19
-20,95,19
-4,97,19
97,-4,19
34,-91,19
91,-34,19
-6,97,19
97,-6,19
-58,-78,19
78,58,19
-21,95,19
-90,-37,19
37,-90,19
-54,-81,19
-92,32,19
32,-92,19
-57,-79,19
-29,93,19
51,-83,19
-87,-44,19
-44,87,19
-91,35,19
-35,91,19
-42,88,19
97,-10,19
46,86,19
94,26,19
-40,-89,19
-40,89,19
40,-89,19
-69,-69,19
-69,69,19
-70,68,19
70,-68,19
-60,-77,19
-48,-85,19
-97,11,19
71,-67,19
-18,96,19
-90,-38,19
-38,-90,19
-30,-93,19
-92,33,19
73,-65,19
-19,96,19
91,-36,19
-55,-81,19
-88,43,19
-43,88,19
63,75,19
24,-95,19
-89,41,19
-47,-86,19
-1,98,19
79,58,19
97,-14,19
-2,98,19
98,2,19
93,-31,19
-62,-76,19
-90,-39,19
-54,-82,19
80,57,19
25,-95,19
37,-91,19
91,-37,19
-7,98,19
98,7,19
-96,21,19
96,-21,19
-97,-16,19
-71,-68,19
-68,-71,19
71,-68,19
-32,-93,19
72,-67,19
29,-94,19
-89,42,19
-46,-87,19
81,-56,19
81,56,19
-40,90,19
86,-48,19
64,75,19
-59,-79,19
-50,-85,19
98,-11,19
-97,18,19
-33,93,19
93,33,19
-63,-76,19
-55,-82,19
55,-82,19
95,27,19
-84,52,19
-62,-77,19
-13,98,19
-41,-90,19
-41,90,19
49,-86,19
86,-49,19
-69,-71,19
-1,99,19
99,1,19
-61,-78,19
-2,99,19
93,34,19
-3,99,19
73,-67,19
-74,-66,19
37,-92,19
92,-37,19
-60,-79,19
25,-96,19
-97,21,19
75,-65,19
97,-21,19
89,-44,19
-46,88,19
-32,-94,19
-16,98,19
32,-94,19
95,29,19
-80,59,19
-59,-80,19
-40,-91,19
40,-91,19
-96,26,19
-50,-86,19
-63,-77,19
99,10,19
92,-38,19
-55,-83,19
83,55,19
-99,11,19
94,33,19
-78,-62,19
-62,-78,19
-89,-45,19
73,-68,19
-41,-91,19
74,-67,19
-13,99,19
13,-99,19
49,-87,19
84,54,19
-57,-82,19
-57,82,19
-75,-66,19
97,-24,19
94,34,19
-51,-86,19
99,14,19
-80,60,19
-100,2,19
-83,56,19
-77,-64,19
-56,-83,19
-15,99,19
-63,-78,19
-99,16,19
-29,96,19
-16,99,19
96,29,19
-84,55,19
84,55,19
-62,-79,19
-62,79,19
-26,-97,19
26,-97,19
-82,58,19
-58,-82,19
-58,82,19
73,-69,19
-93,-38,19
-68,-74,19
52,86,19
86,52,19
-95,-33,19
-67,-75,19
-33,95,19
-30,96,19
-100,11,19
-45,-90,19
-89,-47,19
-47,-89,19
-76,-66,19
-66,-76,19
36,-94,19
-57,-83,19
-27,-97,19
85,54,19
-41,-92,19
92,-41,19
-65,77,19
-60,81,19
-51,-87,19
-31,-96,19
-98,24,19
-64,-78,19
-64,78,19
98,-24,19
-95,-34,19
34,-95,19
-56,84,19
-28,-97,19
-94,-37,19
94,37,19
-63,-79,19
-44,-91,19
-42,-92,19
42,-92,19
-70,-73,19
-25,-98,19
98,-25,19
32,-96,19
-62,-80,19
80,-62,19
-93,-40,19
68,75,19
-55,85,19
-58,83,19
83,58,19
-67,-76,19
-77,-66,19
-66,77,19
-33,96,19
84,57,19
45,-91,19
-65,78,19
-47,-90,19
-54,86,19
54,-86,19
-92,-43,19
95,36,19
-60,82,19
-51,-88,19
51,-88,19
-100,19,19
85,56,19
-59,-83,19
-31,-97,19
83,-59,19
-70,-74,19
74,-70,19
-24,-99,19
53,-87,19
-69,-75,19
69,-75,19
-95,-37,19
37,-95,19
-91,46,19
46,-91,19
20,-100,19
-48,-90,19
-62,81,19
-93,-42,19
-77,-67,19
-84,58,19
-86,55,19
99,-25,19
-32,-97,19
32,-97,19
-78,-66,19
78,-66,19
-96,-35,19
88,52,19
-95,-38,19
85,-57,19
-26,-99,19
-54,87,19
45,-92,19
47,-91,19
49,-90,19
-73,72,19
-72,73,19
-71,-74,19
-23,-100,19
-99,27,19
-27,-99,19
81,-63,19
-86,56,19
-84,59,19
53,-88,19
88,53,19
-62,-82,19
82,-62,19
-78,-67,19
-67,78,19
78,-67,19
-100,24,19
-46,-92,19
-46,92,19
46,-92,19
-91,-48,19
-44,93,19
37,-96,19
93,-44,19
-58,85,19
-66,79,19
-94,42,19
50,-90,19
-61,-83,19
-57,-86,19
-57,86,19
86,-57,19
-84,60,19
-60,-84,19
-64,81,19
-88,-54,19
-72,74,19
54,-88,19
88,54,19
-71,-75,19
71,-75,19
47,-92,19
-45,-93,19
-45,93,19
-70,-76,19
-91,-49,19
-43,94,19
90,51,19
-97,-36,19
-56,-87,19
-95,-41,19
85,-59,19
-53,-89,19
89,53,19
80,-66,19
-31,-99,19
-31,99,19
-46,-93,19
-46,93,19
46,-93,19
93,-46,19
-88,55,19
-94,44,19
97,37,19
50,-91,19
-65,81,19
-95,42,19
-90,-52,19
-52,-90,19
-74,73,19
-75,72,19
-99,-32,19
-85,60,19
-60,-85,19
-32,-99,19
85,-60,19
-35,98,19
-69,78,19
78,-69,19
38,-97,19
93,-47,19
-45,-94,19
-45,94,19
86,-59,19
-88,56,19
-80,-67,19
-33,99,19
33,-99,19
99,33,19
41,-96,19
-98,-36,19
84,-62,19
-53,-90,19
90,53,19
-87,58,19
87,-58,19
-85,61,19
-61,85,19
-82,-65,19
-74,74,19
46,-94,19
-48,-93,19
48,-93,19
93,-48,19
73,-75,19
-34,99,19
-72,-76,19
-92,-50,19
-71,77,19
98,37,19
-78,70,19
-91,-52,19
52,-91,19
-86,60,19
-97,40,19
-54,-90,19
68,-80,19
80,-68,19
-59,-87,19
49,-93,19
-56,-89,19
89,-56,19
-85,62,19
-100,-33,19
-91,-53,19
41,-97,19
53,-91,19
91,53,19
-74,75,19
-73,76,19
-88,58,19
-58,88,19
-90,-55,19
-78,71,19
39,-98,19
55,-90,19
-94,48,19
94,-48,19
70,-79,19
79,-70,19
-93,50,19
50,-93,19
-37,99,19
-91,-54,19
-54,-91,19
-88,59,19
-59,-88,19
59,-88,19
62,-86,19
-45,96,19
-83,-66,19
-75,75,19
-97,43,19
-73,77,19
43,-97,19
-58,89,19
70,-80,19
-55,91,19
-95,48,19
95,-48,19
94,50,19
-60,-88,19
82,-68,19
-90,-57,19
-57,90,19
-86,63,19
-83,-67,19
-76,75,19
-59,-89,19
59,-89,19
-74,77,19
-84,-66,19
-91,-56,19
-56,-91,19
72,79,19
-94,51,19
38,-100,19
-98,43,19
81,-70,19
-90,58,19
82,-69,19
-92,-55,19
-86,64,19
-96,48,19
96,-48,19
60,-89,19
-95,50,19
-91,-57,19
-99,42,19
54,-93,19
-90,59,19
-59,-90,19
85,-66,19
72,80,19
-96,49,19
-86,65,19
82,-70,19
-95,51,19
-51,95,19
-91,58,19
-53,-94,19
53,-94,19
58,-91,19
-99,43,19
-69,83,19
-93,-55,19
-84,-68,19
-60,-90,19
60,-90,19
-92,-57,19
-57,92,19
97,-48,19
67,-85,19
50,-96,19
-98,46,19
46,-98,19
-81,-72,19
-81,72,19
72,81,19
-54,-94,19
-91,-59,19
-59,-91,19
59,-91,19
-82,71,19
-56,-93,19
-98,47,19
98,-47,19
-96,51,19
-84,-69,19
-90,61,19
-92,-58,19
-53,95,19
-88,64,19
-100,-43,19
-78,-76,19
-79,75,19
74,80,19
86,-67,19
-81,73,19
-57,-93,19
-82,-72,19
48,-98,19
87,-66,19
83,-71,19
54,-95,19
-92,-59,19
-92,59,19
84,-70,19
-99,-47,19
-97,51,19
-47,-99,19
-89,64,19
55,-95,19
-82,73,19
73,82,19
67,-87,19
-90,63,19
-83,-72,19
-99,48,19
-100,46,19
-85,-70,19
-85,70,19
-93,-59,19
-93,59,19
59,-93,19
86,-69,19
95,-56,19
-92,-61,19
-92,61,19
-81,75,19
81,75,19
-51,-98,19
51,-98,19
-97,53,19
-53,-97,19
-84,72,19
-55,96,19
55,-96,19
-86,70,19
-99,-50,19
-50,99,19
98,52,19
-94,59,19
-59,-94,19
-54,-97,19
-81,-76,19
76,81,19
81,76,19
82,75,19
96,-56,19
83,-74,19
68,-88,19
84,-73,19
-100,-49,19
-99,51,19
51,-99,19
-85,72,19
63,-92,19
-94,-60,19
71,-86,19
-96,57,19
-57,-96,19
-57,96,19
78,-80,19
-81,-77,19
81,77,19
-93,62,19
-76,82,19
-95,-59,19
59,-95,19
-83,75,19
-75,83,19
54,-98,19
56,-97,19
68,-89,19
-85,73,19
-94,-61,19
-92,64,19
-58,96,19
72,-86,19
67,-90,19
-95,-60,19
-55,-98,19
-55,98,19
98,-55,19
79,-80,19
78,-81,19
78,81,19
82,77,19
-89,69,19
-59,-96,19
74,85,19
-100,-52,19
-54,-99,19
-54,99,19
68,-90,19
-95,-61,19
-87,-72,19
72,-87,19
58,-97,19
-80,-80,19
-81,-79,19
-78,-82,19
-96,-60,19
83,77,19
-55,-99,19
-55,99,19
-93,65,19
64,-94,19
56,-99,19
61,-96,19
-82,-79,19
-79,-82,19
79,-82,19
84,77,19
66,-93,19
-75,86,19
-74,87,19
74,-87,19
57,-99,19
81,81,19
-80,-82,19
-79,-83,19
-56,-100,19
-78,-84,19
78,84,19
85,77,19
66,-94,19
-75,87,19
-95,65,19
81,-82,19
-80,-83,19
80,83,19
-79,-84,19
84,79,19
78,85,19
-96,64,19
67,-94,19
77,86,19
-75,88,19
66,-95,19
-74,89,19
-96,65,19
-82,-82,19
-83,81,19
81,-83,19
81,83,19
-94,68,19
68,-94,19
64,-97,19
67,-95,19
-75,89,19
-74,90,19
82,-83,19
-84,81,19
-80,85,19
65,-97,19
62,-99,19
-78,87,19
-93,71,19
-96,67,19
-100,-61,19
-95,69,19
-85,81,19
-86,80,19
86,80,19
-87,-79,19
65,-98,19
-90,-76,19
91,75,19
82,85,19
-86,81,19
-81,86,19
-91,-76,19
71,-95,19
-88,-80,19
-73,94,19
-91,-77,19
68,-98,19
92,76,19
67,-99,19
-82,87,19
88,81,19
70,-97,19
-89,80,19
92,77,19
-96,72,19
-72,96,19
-68,99,19
68,-99,19
71,-97,19
85,-85,19
84,-86,19
-81,89,19
67,-100,19
-80,-90,19
-80,90,19
-96,73,19
-93,77,19
-97,72,19
-72,97,19
-76,-94,19
88,83,19
-82,-89,19
-90,-81,19
72,-98,19
86,-86,19
-89,-83,19
-82,90,19
90,82,19
-81,-91,19
-92,-80,19
-80,-92,19
-97,74,19
-77,-95,19
-99,72,19
-83,90,19
90,83,19
-100,71,19
-93,-80,19
-78,-95,19
-73,-99,19
-77,-96,19
-85,-89,19
-84,-90,19
84,-90,19
-100,72,19
-97,76,19
-76,-97,19
-82,92,19
93,81,19
-95,79,19
-96,78,19
-78,-96,19
85,-90,19
-73,-100,19
-83,-92,19
-82,-93,19
94,81,19
-75,-99,19
-96,79,19
-88,-88,19
-87,-89,19
78,-97,19
-91,-85,19
-85,-91,19
85,-91,19
-83,93,19
-94,-82,19
-82,-94,19
94,82,19
-76,-99,19
-95,-81,19
-81,-95,19
-81,95,19
-80,-96,19
80,-96,19
96,-80,19
-97,79,19
-79,-97,19
-86,-91,19
92,85,19
-84,-93,19
-83,-94,19
-77,-99,19
-82,-95,19
-96,-81,19
-81,96,19
-89,-89,19
-88,-90,19
-87,-91,19
-85,-93,19
-94,-84,19
-82,-96,19
-98,80,19
-88,-91,19
99,79,19
-86,-93,19
86,-93,19
93,86,19
-85,-94,19
-85,94,19
-95,-84,19
-98,81,19
-86,-94,19
-86,94,19
-95,-85,19
85,-95,19
-82,-98,19
80,-100,19
85,-96,19
-97,-84,19
97,84,19
98,83,19
-82,-99,19
-94,-88,19
-87,-95,19
-87,95,19
85,-97,19
-84,-98,19
-96,-87,19
-97,-86,19
99,84,19
-93,-92,19
92,-93,19
91,-94,19
-96,-89,19
-97,-88,19
-88,-97,19
-87,-98,19
-86,-99,19
93,-93,19
-93,-94,19
-97,-90,19
-90,97,19
-89,-98,19
-87,-100,19
-90,98,19
90,-98,19
-93,-96,19
-93,96,19
-98,-91,19
-91,98,19
-90,-99,19
-90,99,19
99,-90,19
-100,-89,19
-94,-96,19
-100,-90,19
-90,-100,19
-95,-96,19
-95,96,19
-94,97,19
93,-98,19
92,-99,19
-94,-98,19
-95,98,19
-96,98,19
-95,-99,19
-98,97,19
-96,-99,19
-98,98,19
97,-99,19
-100,-96,19
-96,-100,19
97,-100,19
-100,99,19
-1,2,18
2,1,18
-2,2,18
2,3,18
3,2,18
4,1,18
3,-3,18
-4,2,18
2,4,18
4,2,18
-5,0,18
3,4,18
4,3,18
2,-5,18
1,-6,18
5,4,18
-7,0,18
5,-5,18
5,5,18
4,6,18
-7,-3,18
-5,-6,18
8,0,18
-8,-3,18
-5,-7,18
-9,-1,18
-9,-2,18
2,-9,18
-5,-8,18
-5,-9,18
9,5,18
8,7,18
10,5,18
3,-11,18
10,6,18
-5,-11,18
11,5,18
10,7,18
-11,6,18
-4,-12,18
-12,5,18
-5,-12,18
11,7,18
2,-13,18
-10,9,18
-4,-13,18
-12,8,18
12,8,18
-4,-14,18
-11,10,18
-9,12,18
6,-14,18
13,8,18
-15,4,18
-12,10,18
-14,7,18
16,1,18
-14,8,18
16,3,18
-12,12,18
-13,11,18
13,11,18
17,2,18
-15,10,18
-10,15,18
18,1,18
-2,18,18
-18,-3,18
-13,13,18
-11,15,18
-18,-5,18
-5,-18,18
-16,10,18
-9,17,18
-3,19,18
-7,-18,18
-16,-11,18
-4,-19,18
-18,8,18
-8,-18,18
-13,15,18
-6,19,18
-16,-12,18
20,0,18
-20,-2,18
-9,18,18
20,-3,18
20,-4,18
-5,-20,18
20,-5,18
21,0,18
9,-19,18
-18,-11,18
-2,-21,18
-20,7,18
-3,-21,18
-16,-14,18
-16,14,18
-13,17,18
10,-19,18
8,-20,18
21,-5,18
-12,18,18
9,-20,18
-1,22,18
-2,22,18
-21,-7,18
7,-21,18
-13,18,18
22,-3,18
22,-4,18
-21,8,18
8,-21,18
9,-21,18
-13,19,18
-2,-23,18
-3,23,18
-12,20,18
-23,-4,18
-17,16,18
-16,17,18
-18,-15,18
-23,-5,18
23,-5,18
-14,19,18
22,-9,18
22,9,18
0,-24,18
23,-7,18
23,7,18
10,-22,18
-12,21,18
-3,24,18
12,-21,18
24,-3,18
24,-4,18
-23,8,18
23,-8,18
-14,20,18
-5,24,18
22,11,18
9,-23,18
13,-21,18
24,-6,18
-1,25,18
1,25,18
2,25,18
23,-10,18
-3,25,18
3,25,18
25,-4,18
-18,-18,18
23,-11,18
25,5,18
6,-25,18
25,-6,18
25,6,18
-12,23,18
12,-23,18
23,12,18
25,7,18
-24,10,18
1,26,18
22,14,18
8,-25,18
26,-4,18
13,-23,18
-26,-5,18
-5,26,18
5,26,18
26,5,18
25,9,18
26,-6,18
-19,-19,18
-18,-20,18
20,-18,18
23,-14,18
16,-22,18
26,8,18
-27,-4,18
11,-25,18
25,-11,18
-23,-15,18
-19,-20,18
-18,-21,18
-14,24,18
-22,-17,18
17,-22,18
-26,-10,18
26,-10,18
23,-16,18
-25,-13,18
13,-25,18
25,13,18
22,-18,18
-28,-5,18
28,5,18
-27,-9,18
23,-17,18
-12,26,18
-6,28,18
24,-16,18
28,-7,18
21,-20,18
-26,-13,18
-28,-8,18
28,-8,18
28,8,18
-15,25,18
3,-29,18
-18,-23,18
-29,-4,18
4,-29,18
-28,-9,18
28,9,18
-29,-5,18
29,6,18
25,-16,18
21,-21,18
-28,-10,18
20,-22,18
-29,-7,18
19,-23,18
-18,-24,18
-15,26,18
1,30,18
2,30,18
-11,28,18
3,-30,18
-25,-17,18
-9,29,18
-5,-30,18
21,-22,18
-30,-6,18
30,6,18
-25,-18,18
-13,28,18
27,-15,18
-1,-31,18
2,31,18
22,-22,18
-3,-31,18
21,-23,18
23,-21,18
24,-20,18
-4,-31,18
31,4,18
-29,-12,18
-5,-31,18
25,-19,18
31,6,18
18,26,18
26,-18,18
-28,-15,18
22,-23,18
-24,-21,18
-20,-25,18
-2,32,18
3,-32,18
32,4,18
9,-31,18
-30,-12,18
12,-30,18
30,12,18
32,5,18
23,-23,18
-24,-22,18
-29,-15,18
-25,-21,18
25,-21,18
-13,30,18
20,26,18
26,-20,18
32,8,18
-2,33,18
14,-30,18
-16,29,18
-23,-24,18
-4,33,18
4,-33,18
31,12,18
33,4,18
28,-18,18
-25,-22,18
-33,5,18
33,5,18
-21,-26,18
21,26,18
-33,6,18
20,27,18
33,7,18
28,-19,18
-23,-25,18
-16,30,18
-14,31,18
-1,34,18
-2,34,18
22,26,18
34,3,18
21,27,18
5,-34,18
-17,30,18
-34,6,18
6,-34,18
24,25,18
-19,-29,18
29,-19,18
-34,7,18
-26,-23,18
7,-34,18
34,7,18
-22,27,18
-18,-30,18
-21,28,18
-1,-35,18
-2,-35,18
2,35,18
35,2,18
12,-33,18
35,3,18
20,-29,18
35,4,18
-27,-23,18
-35,6,18
35,-7,18
-16,-32,18
16,32,18
-21,29,18
14,33,18
-36,2,18
-20,30,18
-2,-36,18
20,-30,18
36,2,18
25,26,18
24,27,18
9,-35,18
-36,4,18
-4,-36,18
4,36,18
36,4,18
-28,-23,18
-5,-36,18
36,5,18
-19,31,18
-22,29,18
-10,35,18
13,34,18
36,-6,18
-21,30,18
21,30,18
30,-21,18
-36,7,18
7,36,18
16,33,18
36,-7,18
-11,35,18
-25,27,18
-20,-31,18
20,31,18
0,37,18
23,29,18
-17,-33,18
-22,-30,18
-22,30,18
22,30,18
37,5,18
-10,36,18
-21,31,18
-6,-37,18
27,26,18
25,28,18
-16,-34,18
18,-33,18
-24,29,18
14,35,18
35,14,18
23,30,18
-8,-37,18
12,36,18
-31,22,18
-22,31,18
-1,38,18
17,34,18
22,31,18
-2,38,18
-9,-37,18
19,-33,18
-3,-38,18
38,-3,18
-28,26,18
38,-4,18
-5,-38,18
-18,-34,18
-6,-38,18
6,38,18
18,-34,18
38,-6,18
-23,31,18
23,31,18
31,-23,18
14,36,18
38,7,18
-22,32,18
-27,28,18
28,27,18
-29,26,18
-19,-34,18
-39,0,18
15,36,18
39,0,18
-39,1,18
-24,31,18
31,-24,18
18,-35,18
18,35,18
16,36,18
-23,32,18
11,-38,18
14,37,18
22,-33,18
-30,26,18
17,-36,18
17,36,18
-19,-35,18
19,-35,18
25,-31,18
15,37,18
-40,3,18
40,-3,18
13,38,18
-4,40,18
-23,-33,18
16,37,18
28,-29,18
29,28,18
27,-30,18
-22,-34,18
14,-38,18
22,34,18
-32,25,18
-12,-39,18
24,-33,18
40,9,18
-41,1,18
28,-30,18
-23,34,18
13,-39,18
13,39,18
-20,-36,18
41,-4,18
26,-32,18
-22,-35,18
-21,-36,18
-8,-41,18
-23,35,18
26,-33,18
13,-40,18
16,-39,18
-42,4,18
25,-34,18
34,25,18
-14,-40,18
30,-30,18
29,-31,18
27,-33,18
23,-36,18
-34,26,18
-20,-38,18
18,-39,18
13,-41,18
-43,2,18
43,-3,18
32,29,18
-24,36,18
24,-36,18
28,-33,18
-5,-43,18
-34,27,18
-21,-38,18
42,11,18
-23,37,18
35,26,18
15,-41,18
41,15,18
-8,-43,18
25,-36,18
32,-30,18
32,30,18
-33,-29,18
-9,-43,18
-44,3,18
-24,37,18
24,-37,18
44,-4,18
14,-42,18
42,14,18
-44,5,18
43,11,18
25,-37,18
-34,-29,18
-41,-18,18
-22,-39,18
-35,-28,18
43,13,18
36,27,18
45,1,18
45,2,18
-45,3,18
-10,44,18
-45,4,18
45,-4,18
44,11,18
-45,6,18
25,38,18
45,7,18
12,-44,18
44,12,18
-22,-40,18
-37,-27,18
-27,37,18
-9,45,18
34,-31,18
-26,38,18
-35,30,18
-3,46,18
35,-30,18
35,30,18
46,-3,18
-46,4,18
-29,36,18
36,29,18
-5,46,18
45,11,18
-46,6,18
46,-6,18
-37,-28,18
-44,-15,18
12,-45,18
40,-24,18
35,-31,18
-44,-16,18
-16,-44,18
-13,-45,18
13,-45,18
-30,36,18
36,-30,18
-1,47,18
37,-29,18
-10,-46,18
-45,-14,18
45,14,18
-44,-17,18
-25,-40,18
-5,47,18
34,-33,18
47,-6,18
47,6,18
-43,-20,18
35,-32,18
45,15,18
47,7,18
-46,-12,18
-18,-44,18
-12,-46,18
-16,-45,18
-46,-13,18
-29,38,18
-21,-43,18
-42,-23,18
-39,-28,18
48,1,18
-10,-47,18
46,14,18
33,-35,18
-48,4,18
32,36,18
48,4,18
-5,48,18
48,5,18
-11,-47,18
-43,-22,18
-44,-20,18
-20,-44,18
48,6,18
-30,38,18
-12,-47,18
-41,26,18
-44,21,18
-23,-43,18
35,-34,18
-25,-42,18
42,-25,18
-37,32,18
32,37,18
37,-32,18
49,0,18
-49,-1,18
-1,49,18
49,1,18
17,-46,18
-49,-4,18
-49,4,18
49,4,18
-39,30,18
-24,-43,18
-49,5,18
-42,26,18
-26,-42,18
-18,-46,18
-40,-29,18
-29,40,18
-36,34,18
36,-34,18
-37,33,18
33,-37,18
37,-33,18
-44,-23,18
16,-47,18
-38,32,18
13,-48,18
-19,-46,18
-31,-39,18
-9,49,18
-42,-27,18
17,-47,18
-48,-14,18
-40,30,18
50,0,18
-50,-2,18
-50,2,18
-45,22,18
-22,-45,18
50,-3,18
50,4,18
-36,35,18
-29,41,18
-38,33,18
-18,-47,18
33,-38,18
38,-33,18
50,6,18
12,-49,18
49,12,18
-42,-28,18
-42,28,18
-50,7,18
-16,-48,18
-44,25,18
8,50,18
13,-49,18
-41,30,18
41,-30,18
36,-36,18
-35,-37,18
14,-49,18
49,14,18
-38,-34,18
-34,-38,18
-51,-1,18
51,1,18
-51,-2,18
-47,20,18
-20,-47,18
-51,-3,18
-33,39,18
51,-3,18
-44,-26,18
-51,-4,18
-51,5,18
51,5,18
-18,-48,18
-43,-28,18
-51,6,18
51,-6,18
-12,-50,18
12,-50,18
50,12,18
-47,21,18
-42,-30,18
-48,-19,18
-39,34,18
-34,-39,18
-33,-40,18
-24,-46,18
-47,22,18
-22,-47,18
-14,-50,18
14,50,18
-45,26,18
-10,-51,18
-32,41,18
32,-41,18
52,1,18
-52,-4,18
-52,4,18
52,-4,18
15,50,18
50,15,18
-52,5,18
52,5,18
-37,-37,18
-36,-38,18
52,-6,18
-46,-25,18
46,-25,18
-48,-21,18
39,-35,18
-45,27,18
-40,-34,18
-34,-40,18
16,50,18
34,-40,18
-49,-19,18
-41,33,18
-13,-51,18
41,-33,18
44,-29,18
-24,-47,18
-51,-14,18
-49,-20,18
-49,20,18
2,53,18
39,-36,18
-53,-3,18
18,50,18
-53,4,18
-11,-52,18
-48,-23,18
-53,5,18
-30,44,18
-34,-41,18
-34,41,18
-49,-21,18
-12,-52,18
-33,-42,18
42,-33,18
16,51,18
-53,7,18
-50,19,18
-52,-13,18
-13,-52,18
13,52,18
32,-43,18
53,-8,18
-49,-22,18
-26,-47,18
-40,36,18
-44,-31,18
44,-31,18
-50,20,18
-14,-52,18
-35,-41,18
-10,-53,18
10,53,18
0,54,18
-1,54,18
-42,-34,18
-34,42,18
-54,-3,18
-30,45,18
49,-23,18
53,11,18
-43,-33,18
-54,6,18
-12,-53,18
-46,-29,18
46,-29,18
7,54,18
-37,-40,18
-36,41,18
-53,-13,18
-13,-53,18
53,13,18
-26,-48,18
8,-54,18
-50,22,18
45,-31,18
9,54,18
20,51,18
-53,-14,18
-14,-53,18
43,-34,18
-46,-30,18
-46,30,18
54,10,18
-44,-33,18
-49,-25,18
-1,55,18
-52,-18,18
-53,-15,18
-15,-53,18
54,11,18
-55,-4,18
-41,-37,18
41,-37,18
-36,-42,18
42,-36,18
-52,-19,18
-55,7,18
7,55,18
-50,24,18
50,-24,18
-26,-49,18
-13,-54,18
-28,-48,18
8,55,18
55,8,18
34,-44,18
55,-9,18
55,9,18
-47,-30,18
39,-40,18
-55,-10,18
38,-41,18
41,-38,18
-51,-23,18
-49,-27,18
-27,-49,18
51,-23,18
-53,-18,18
-37,-42,18
0,56,18
56,2,18
-48,-29,18
-36,-43,18
56,3,18
-35,-44,18
-53,-19,18
-31,-47,18
6,-56,18
-51,-24,18
51,-24,18
45,-34,18
56,7,18
-56,8,18
39,-41,18
41,-39,18
46,-33,18
-53,-20,18
20,53,18
-37,-43,18
51,-25,18
-50,-27,18
-52,-23,18
-54,-18,18
-35,-45,18
-15,-55,18
-1,57,18
15,55,18
21,53,18
57,1,18
57,2,18
-56,-11,18
-31,-48,18
-56,-12,18
-52,-24,18
-52,24,18
-16,-55,18
41,-40,18
6,-57,18
42,-39,18
57,6,18
-47,-33,18
-49,-30,18
49,-30,18
-56,13,18
-37,-44,18
-55,-17,18
-36,-45,18
-52,25,18
9,57,18
57,9,18
-56,14,18
46,-35,18
-55,-18,18
18,55,18
57,-10,18
21,54,18
-56,-15,18
-49,-31,18
41,-41,18
42,-40,18
-1,58,18
58,2,18
-57,-11,18
58,3,18
-53,-24,18
-24,-53,18
-58,-5,18
5,-58,18
-16,-56,18
16,-56,18
-57,-12,18
48,-33,18
-37,-45,18
-37,45,18
37,-45,18
-54,22,18
-50,-30,18
6,58,18
58,6,18
-36,46,18
46,-36,18
7,58,18
-55,-20,18
17,56,18
8,-58,18
58,8,18
-52,27,18
-53,-25,18
-25,-53,18
25,53,18
47,-35,18
-34,48,18
50,-31,18
-58,-10,18
58,-10,18
-21,-55,18
21,55,18
-38,45,18
-57,15,18
59,1,18
-53,26,18
-46,-37,18
-37,46,18
37,-46,18
-54,-24,18
-54,24,18
-56,-19,18
19,-56,18
19,56,18
-51,30,18
-57,-16,18
-57,16,18
59,5,18
22,55,18
6,-59,18
59,6,18
48,-35,18
13,-58,18
13,58,18
-56,20,18
-53,-27,18
45,-39,18
-58,-14,18
-38,46,18
9,-59,18
9,59,18
-18,-57,18
-47,-37,18
10,59,18
-58,-15,18
48,-36,18
60,0,18
-24,-55,18
11,59,18
-60,-2,18
-52,-30,18
-52,30,18
-60,-3,18
60,-3,18
-19,-57,18
19,-57,18
-22,-56,18
-40,45,18
5,-60,18
12,-59,18
45,-40,18
60,6,18
46,-39,18
7,-60,18
20,57,18
-55,-25,18
-55,25,18
13,59,18
-47,-38,18
-17,-58,18
50,-34,18
8,-60,18
60,8,18
23,56,18
-48,-37,18
37,-48,18
14,-59,18
14,59,18
-33,-51,18
49,-36,18
59,-15,18
11,-60,18
-61,-3,18
61,-3,18
61,3,18
57,-22,18
16,59,18
61,4,18
12,-60,18
60,12,18
61,-5,18
-55,-27,18
-61,-6,18
-34,51,18
61,-6,18
61,6,18
-56,-25,18
58,-20,18
60,13,18
-59,-17,18
-37,49,18
17,-59,18
49,-37,18
-57,23,18
-23,57,18
-58,-21,18
-21,-58,18
-18,-59,18
18,59,18
-47,-40,18
-47,40,18
-56,26,18
24,57,18
48,-39,18
57,-24,18
59,-19,18
49,-38,18
-62,-3,18
62,-3,18
-34,-52,18
-34,52,18
-55,-29,18
-62,-5,18
-59,20,18
20,59,18
13,-61,18
61,13,18
-23,58,18
-49,39,18
49,-39,18
-18,-60,18
-24,58,18
-38,50,18
50,-38,18
61,15,18
-44,45,18
-53,34,18
-63,-2,18
-63,-3,18
-63,-4,18
-58,25,18
58,-25,18
5,-63,18
-60,20,18
-36,52,18
-49,40,18
23,59,18
-28,57,18
-58,26,18
-45,-45,18
-46,44,18
-59,24,18
-24,59,18
-47,-43,18
34,54,18
-49,41,18
-22,-60,18
-27,58,18
-64,-1,18
-56,-31,18
-64,-2,18
-40,50,18
-2,64,18
-53,36,18
-25,59,18
25,59,18
59,-25,18
59,25,18
-4,64,18
-63,12,18
33,55,18
-64,-5,18
-64,5,18
-39,51,18
-60,23,18
64,6,18
-63,13,18
-54,35,18
35,54,18
-64,-7,18
-38,-52,18
-28,58,18
-57,30,18
26,59,18
56,-32,18
-63,14,18
-49,42,18
-40,51,18
-62,-19,18
-58,-29,18
-59,27,18
-36,-54,18
36,54,18
-64,11,18
64,11,18
-60,25,18
0,-65,18
60,25,18
65,1,18
-65,-2,18
2,-65,18
-65,-4,18
-65,-5,18
-23,-61,18
-5,65,18
-17,63,18
17,-63,18
30,58,18
-59,28,18
64,13,18
-57,32,18
57,-32,18
-65,7,18
-51,41,18
-62,21,18
-37,54,18
-8,65,18
-63,18,18
-65,-9,18
29,59,18
31,58,18
-48,45,18
-39,-53,18
-49,-44,18
-57,-33,18
-16,64,18
16,-64,18
0,-66,18
-1,-66,18
-38,-54,18
-38,54,18
-65,12,18
65,12,18
66,4,18
-59,-30,18
66,5,18
-52,41,18
17,-64,18
58,-32,18
66,6,18
13,-65,18
-61,-26,18
-66,7,18
-49,-45,18
-36,56,18
36,56,18
-44,50,18
-39,-54,18
-39,54,18
-60,29,18
15,-65,18
-10,66,18
-64,-19,18
-52,42,18
-42,-52,18
-42,52,18
-38,-55,18
-38,55,18
-41,53,18
-1,-67,18
1,-67,18
-64,20,18
67,3,18
-61,-28,18
-61,28,18
-59,32,18
-37,-56,18
-28,61,18
4,-67,18
67,4,18
40,54,18
-46,-49,18
-66,-13,18
-50,45,18
13,-66,18
-44,-51,18
-67,-7,18
-55,39,18
-67,8,18
-52,-43,18
-52,43,18
-43,-52,18
-53,42,18
-42,53,18
-27,62,18
-38,-56,18
-38,56,18
-66,-15,18
15,-66,18
-54,41,18
-41,54,18
-48,48,18
-47,49,18
-50,-46,18
-68,0,18
-1,-68,18
1,-68,18
68,1,18
-45,-51,18
-45,51,18
-44,-52,18
68,4,18
63,26,18
5,-68,18
-39,56,18
39,56,18
-67,13,18
-43,53,18
43,53,18
-21,65,18
-42,54,18
61,-31,18
-67,-14,18
-68,8,18
38,57,18
-63,27,18
-47,50,18
15,-67,18
-46,-51,18
-25,-64,18
-68,-10,18
-45,-52,18
37,58,18
-40,-56,18
-40,56,18
-62,30,18
-61,32,18
-53,44,18
68,11,18
-63,28,18
-65,23,18
-66,-20,18
69,0,18
-54,43,18
-43,-54,18
-43,54,18
-12,68,18
-64,26,18
4,-69,18
69,4,18
-69,5,18
5,-69,18
69,5,18
-42,-55,18
13,-68,18
6,-69,18
-65,24,18
-49,-49,18
-49,49,18
-50,-48,18
-48,50,18
-62,31,18
-58,-38,18
-38,-58,18
-69,7,18
-41,56,18
-14,-68,18
-64,27,18
-40,-57,18
-40,57,18
68,15,18
-67,-19,18
-54,44,18
-44,-54,18
-69,-10,18
-43,55,18
-69,-11,18
69,11,18
39,58,18
-42,56,18
70,0,18
-65,26,18
-49,-50,18
-69,-12,18
-48,-51,18
-48,51,18
-12,69,18
12,-69,18
69,12,18
-52,-47,18
4,-70,18
-70,5,18
5,-70,18
70,5,18
-63,31,18
-41,57,18
-13,-69,18
63,31,18
-70,6,18
70,6,18
-45,-54,18
-45,54,18
-61,-35,18
-61,35,18
-70,7,18
-65,27,18
65,27,18
-69,-14,18
-44,-55,18
-66,25,18
-9,-70,18
-43,56,18
43,-56,18
43,56,18
-48,52,18
42,57,18
-47,53,18
-71,0,18
-70,-12,18
-12,-70,18
12,-70,18
70,12,18
41,-58,18
-45,55,18
17,-69,18
45,55,18
4,-71,18
64,-31,18
-63,33,18
-70,13,18
-62,-35,18
-62,35,18
-13,-70,18
-44,-56,18
-44,56,18
-71,6,18
-69,-18,18
-66,27,18
-71,7,18
-70,14,18
-14,-70,18
14,-70,18
-50,51,18
-52,-49,18
71,8,18
-48,53,18
-19,-69,18
-63,34,18
-47,54,18
42,58,18
-62,-36,18
-46,-55,18
10,-71,18
-56,45,18
45,-56,18
-71,-11,18
71,11,18
-61,-38,18
67,26,18
-72,0,18
-44,-57,18
-44,57,18
12,-71,18
44,57,18
64,33,18
2,-72,18
-29,66,18
-40,-60,18
60,-40,18
-51,51,18
5,-72,18
-62,-37,18
-67,27,18
-27,-67,18
-72,6,18
-70,-18,18
-47,-55,18
-47,55,18
-14,-71,18
-61,-39,18
-61,39,18
-42,-59,18
-22,-69,18
42,-59,18
8,-72,18
72,8,18
-68,25,18
64,34,18
66,-30,18
-19,-70,18
-72,9,18
72,9,18
-28,-67,18
67,28,18
-45,-57,18
45,57,18
-41,-60,18
60,-41,18
10,-72,18
-62,38,18
-44,58,18
-20,-70,18
-52,-51,18
-50,53,18
-49,54,18
64,35,18
-72,12,18
-48,55,18
-71,-17,18
-17,-71,18
-1,-73,18
-73,-3,18
-63,-37,18
47,-56,18
47,56,18
73,-4,18
-27,-68,18
-73,5,18
-60,-42,18
-62,39,18
-46,-57,18
-69,25,18
-45,-58,18
-45,58,18
45,58,18
-64,-36,18
-8,-73,18
-61,-41,18
-68,28,18
-72,-15,18
-73,-9,18
-51,-53,18
-9,-73,18
73,9,18
-63,-38,18
-63,38,18
-50,-54,18
-50,54,18
-44,-59,18
-55,49,18
-49,55,18
49,-55,18
73,10,18
-26,-69,18
-56,48,18
48,-56,18
-62,40,18
47,-57,18
-29,-68,18
-17,72,18
73,12,18
-46,58,18
-42,-61,18
-3,-74,18
3,-74,18
-27,-69,18
-74,-4,18
-74,5,18
5,-74,18
74,-5,18
-45,-59,18
-45,59,18
-18,72,18
-66,34,18
-67,32,18
-51,-54,18
65,36,18
-70,25,18
-62,41,18
-14,-73,18
-7,-74,18
55,-50,18
55,50,18
70,25,18
19,-72,18
-57,48,18
48,-57,18
-15,-73,18
-63,40,18
-40,-63,18
-61,-43,18
61,-43,18
-47,-58,18
-26,-70,18
70,26,18
-67,33,18
66,35,18
68,-31,18
-46,-59,18
-69,29,18
-29,-69,18
-17,-73,18
-52,54,18
54,52,18
-60,-45,18
-45,-60,18
-75,2,18
-75,3,18
75,-3,18
56,50,18
-75,-4,18
-75,4,18
4,-75,18
67,34,18
68,32,18
-41,-63,18
-73,-18,18
-73,18,18
-61,-44,18
-75,6,18
-58,48,18
-48,-58,18
-48,58,18
-22,72,18
-74,-14,18
-14,74,18
-8,-75,18
8,75,18
-59,47,18
19,-73,18
-74,-15,18
74,15,18
-75,9,18
9,75,18
-23,-72,18
33,-68,18
-46,-60,18
69,-31,18
-75,10,18
55,52,18
-74,-16,18
-74,16,18
-50,57,18
-74,17,18
12,-75,18
12,75,18
-73,21,18
-27,71,18
-2,-76,18
68,-34,18
-69,32,18
-59,48,18
-48,-59,18
-3,-76,18
69,-32,18
69,32,18
76,-3,18
76,-4,18
-74,18,18
-18,-74,18
-47,-60,18
-76,6,18
-61,-46,18
-76,-8,18
-76,8,18
-52,56,18
52,56,18
68,-35,18
-75,15,18
-51,57,18
51,-57,18
73,-23,18
-50,58,18
50,-58,18
-74,20,18
-16,75,18
16,-75,18
-59,49,18
49,-59,18
48,-60,18
-73,24,18
-24,-73,18
63,-44,18
-17,75,18
17,-75,18
-69,34,18
69,-34,18
12,76,18
70,-32,18
-47,-61,18
-47,61,18
-3,-77,18
3,77,18
-54,-55,18
-30,-71,18
55,54,18
-4,-77,18
77,-4,18
-75,18,18
-18,-75,18
-52,57,18
-77,5,18
-40,-66,18
-62,-46,18
22,-74,18
-58,51,18
-28,-72,18
-14,76,18
-59,50,18
-69,35,18
19,75,18
69,-35,18
70,-33,18
-49,-60,18
-15,76,18
20,-75,18
-77,-10,18
-66,41,18
-11,-77,18
55,-55,18
24,-74,18
54,-56,18
54,56,18
-47,-62,18
36,-69,18
69,-36,18
-57,53,18
-27,73,18
-76,-17,18
-17,76,18
-21,75,18
21,-75,18
-58,52,18
-52,58,18
52,-58,18
52,58,18
58,52,18
68,-38,18
-65,43,18
-30,-72,18
-2,-78,18
78,-3,18
78,3,18
13,77,18
-78,-4,18
-50,60,18
-18,76,18
4,78,18
18,76,18
25,-74,18
5,78,18
22,75,18
-28,73,18
-66,42,18
-61,-49,18
14,77,18
-7,-78,18
7,78,18
19,76,18
-31,72,18
68,-39,18
72,31,18
78,8,18
-26,74,18
-77,15,18
15,77,18
75,-23,18
44,-65,18
55,-56,18
55,56,18
65,-44,18
-29,73,18
58,53,18
-76,20,18
-47,-63,18
-59,52,18
-52,59,18
-16,77,18
-32,72,18
72,-32,18
21,76,18
-17,77,18
-61,50,18
-79,0,18
79,0,18
-79,1,18
79,1,18
-49,-62,18
79,2,18
79,-3,18
79,3,18
-28,74,18
5,79,18
35,-71,18
56,56,18
48,-63,18
79,6,18
14,78,18
-59,53,18
-53,-59,18
7,79,18
19,77,18
44,-66,18
-60,52,18
60,52,18
-47,-64,18
-23,76,18
79,8,18
-51,-61,18
51,-61,18
79,9,18
20,77,18
-67,43,18
43,-67,18
-16,78,18
-50,-62,18
38,-70,18
70,-38,18
-76,24,18
-24,76,18
-32,73,18
49,-63,18
77,-21,18
17,78,18
-66,-45,18
45,-66,18
55,58,18
-80,0,18
80,0,18
-80,-1,18
80,2,18
18,78,18
3,80,18
60,53,18
-77,22,18
77,-22,18
-4,-80,18
4,80,18
80,-4,18
80,4,18
73,-33,18
-67,-44,18
44,-67,18
61,52,18
80,5,18
-69,41,18
-51,-62,18
78,-19,18
7,80,18
-23,77,18
80,8,18
15,79,18
-68,43,18
68,-43,18
36,-72,18
-20,78,18
-49,-64,18
-49,64,18
56,58,18
-55,-59,18
55,-59,18
-54,60,18
54,-60,18
60,54,18
-11,-80,18
-21,78,18
-48,-65,18
65,-48,18
17,-79,18
17,79,18
62,52,18
-28,76,18
81,0,18
39,-71,18
-81,-2,18
-74,33,18
-47,-66,18
18,79,18
81,2,18
78,-22,18
-51,-63,18
3,-81,18
81,4,18
-70,41,18
70,-41,18
50,-64,18
64,-50,18
-79,19,18
46,-67,18
-69,43,18
-23,78,18
-29,76,18
29,76,18
56,-59,18
59,-56,18
-60,55,18
49,-65,18
-72,38,18
38,-72,18
72,-38,18
-54,61,18
-68,-45,18
45,-68,18
-24,78,18
-81,10,18
-10,-81,18
42,-70,18
52,-63,18
-69,-44,18
44,-69,18
37,-73,18
39,-72,18
72,-39,18
-33,75,18
-71,41,18
79,-22,18
-81,13,18
76,-31,18
-82,4,18
-55,-61,18
-49,-66,18
-62,54,18
19,80,18
-29,77,18
-23,79,18
38,-73,18
-63,53,18
-69,-45,18
-69,45,18
82,8,18
48,-67,18
20,80,18
52,-64,18
-71,-42,18
-16,-81,18
-16,81,18
79,-24,18
82,10,18
-65,51,18
51,-65,18
-47,-68,18
-70,-44,18
-74,-37,18
37,-74,18
-35,75,18
35,75,18
39,-73,18
73,-39,18
-50,-66,18
-56,-61,18
56,-61,18
-72,41,18
72,-41,18
-80,22,18
-18,81,18
83,0,18
-83,-3,18
3,-83,18
4,-83,18
64,53,18
-5,-83,18
-74,38,18
19,-81,18
-70,45,18
-6,-83,18
6,-83,18
45,-70,18
83,6,18
48,-68,18
-80,23,18
-65,52,18
23,80,18
40,-73,18
73,-40,18
7,-83,18
-82,15,18
32,77,18
-51,-66,18
51,-66,18
66,51,18
-81,20,18
-58,-60,18
-79,27,18
-9,-83,18
27,79,18
47,-69,18
-80,24,18
-71,44,18
-56,-62,18
-83,10,18
67,-50,18
37,-75,18
-81,21,18
-11,-83,18
-64,54,18
-70,-46,18
80,-25,18
80,25,18
-83,12,18
65,53,18
18,-82,18
-52,66,18
2,84,18
-84,-3,18
48,-69,18
-71,45,18
-75,-38,18
-76,-36,18
-4,-84,18
40,-74,18
74,-40,18
5,-84,18
-83,14,18
-58,-61,18
-19,-82,18
-14,83,18
-51,-67,18
-84,6,18
6,-84,18
62,57,18
73,-42,18
-63,56,18
-56,-63,18
-7,-84,18
84,7,18
-84,8,18
-8,-84,18
-64,55,18
-55,64,18
-82,20,18
-50,-68,18
68,50,18
-80,27,18
-27,-80,18
-81,24,18
24,81,18
65,54,18
37,76,18
-75,39,18
39,-75,18
-84,10,18
-10,-84,18
84,10,18
-71,46,18
74,-41,18
21,-82,18
66,53,18
-84,12,18
-79,31,18
-31,-79,18
61,-59,18
-72,-45,18
18,83,18
63,57,18
-36,77,18
36,77,18
-64,56,18
-56,-64,18
56,-64,18
-85,-3,18
-3,-85,18
3,85,18
-78,34,18
42,-74,18
-29,-80,18
85,4,18
-85,5,18
-55,-65,18
-55,65,18
65,-55,18
-85,6,18
-54,-66,18
-85,7,18
-15,84,18
-85,-8,18
83,-20,18
-24,82,18
-75,41,18
75,-41,18
85,-9,18
-78,35,18
16,84,18
-60,-61,18
43,-74,18
62,-59,18
74,-43,18
-79,33,18
33,79,18
63,-58,18
-57,-64,18
-28,81,18
28,81,18
57,-64,18
64,-57,18
-56,65,18
31,80,18
-51,-69,18
-51,69,18
-38,77,18
83,-22,18
-78,36,18
-55,66,18
42,-75,18
-13,85,18
-86,-1,18
29,81,18
-54,-67,18
3,-86,18
44,-74,18
-84,19,18
23,83,18
-14,85,18
-80,32,18
32,80,18
-53,68,18
62,-60,18
-15,85,18
63,-59,18
-37,78,18
-27,82,18
27,82,18
41,76,18
-64,58,18
86,8,18
-30,-81,18
-52,-69,18
-52,69,18
24,83,18
35,79,18
-75,-43,18
-57,-65,18
43,-75,18
-9,-86,18
16,85,18
-48,-72,18
-80,33,18
56,-66,18
-86,-10,18
-21,84,18
-70,-51,18
-55,-67,18
86,11,18
31,81,18
38,78,18
-77,-40,18
40,77,18
-54,68,18
-22,84,18
22,84,18
42,76,18
68,54,18
86,12,18
50,-71,18
-61,-62,18
-13,86,18
86,13,18
-81,32,18
-49,-72,18
-32,-81,18
-19,-85,18
5,87,18
6,-87,18
-77,41,18
-37,79,18
87,7,18
-80,35,18
-20,85,18
56,-67,18
76,-43,18
24,84,18
84,-24,18
-55,68,18
68,55,18
-81,33,18
45,75,18
-87,-10,18
69,54,18
-78,40,18
-40,78,18
-17,-86,18
38,79,18
-87,11,18
-61,-63,18
-77,42,18
-60,-64,18
-36,80,18
-22,85,18
44,76,18
-34,-81,18
-49,-73,18
-87,13,18
-57,-67,18
-57,67,18
87,13,18
-88,-1,18
2,-88,18
56,-68,18
88,4,18
87,14,18
-37,80,18
88,6,18
-72,-51,18
-55,69,18
69,55,18
-83,30,18
30,83,18
-15,87,18
-20,86,18
20,-86,18
-45,76,18
-62,-63,18
-33,-82,18
-61,-64,18
16,87,18
-59,-66,18
-40,79,18
38,-80,18
-44,77,18
88,11,18
-57,68,18
-49,-74,18
-34,-82,18
-22,-86,18
-88,12,18
88,12,18
-46,76,18
-56,-69,18
-56,69,18
69,56,18
26,85,18
-88,13,18
39,80,18
-55,-70,18
-55,70,18
-23,86,18
2,-89,18
-48,-75,18
-37,81,18
-19,-87,18
19,87,18
37,-81,18
43,78,18
78,-43,18
4,-89,18
89,4,18
62,-64,18
88,14,18
-89,-5,18
-35,-82,18
45,77,18
-66,60,18
-15,88,18
50,-74,18
-47,-76,18
-16,88,18
88,-16,18
-57,-69,18
-57,69,18
-21,87,18
57,-69,18
-82,36,18
-44,-78,18
44,78,18
-10,89,18
86,25,18
89,10,18
-73,-52,18
70,56,18
-11,89,18
-74,-51,18
51,-74,18
-48,76,18
-32,84,18
32,84,18
-81,39,18
-39,81,18
60,-67,18
23,87,18
-19,-88,18
-90,-4,18
4,-90,18
-14,89,18
27,86,18
75,-50,18
90,5,18
24,87,18
57,-70,18
-81,40,18
40,-81,18
-42,80,18
-38,82,18
-74,-52,18
-83,36,18
-36,83,18
-34,84,18
51,75,18
-48,77,18
-81,41,18
73,54,18
-43,80,18
-37,83,18
37,-83,18
-13,90,18
-76,-50,18
-19,-89,18
-1,91,18
91,2,18
-91,-3,18
30,86,18
4,-91,18
-64,-65,18
-20,89,18
-15,90,18
66,-63,18
61,-68,18
-55,-73,18
-55,73,18
-16,-90,18
90,-16,18
-46,79,18
-51,76,18
51,76,18
-34,85,18
-41,82,18
-39,83,18
32,86,18
-18,-90,18
90,-18,18
-91,12,18
-12,91,18
91,-12,18
-57,-72,18
-23,89,18
-13,91,18
-1,92,18
62,-68,18
-14,91,18
-49,78,18
-92,-5,18
-40,83,18
40,83,18
-24,-89,18
-24,89,18
-20,-90,18
60,-70,18
90,-20,18
-15,91,18
-7,92,18
-16,-91,18
91,-16,18
-21,90,18
54,75,18
75,54,18
-48,-79,18
-48,79,18
34,-86,18
-41,83,18
-17,-91,18
-82,43,18
66,-65,18
22,-90,18
-76,-53,18
-53,76,18
53,76,18
-81,45,18
-68,63,18
32,-87,18
63,-68,18
37,-85,18
-18,-91,18
62,-69,18
92,-12,18
61,-70,18
-19,-91,18
49,-79,18
91,-19,18
93,0,18
-75,-55,18
-42,83,18
-33,-87,18
-33,87,18
-14,92,18
92,-14,18
92,14,18
72,-59,18
-85,38,18
24,-90,18
-20,91,18
6,-93,18
-86,36,18
-76,-54,18
7,-93,18
-66,66,18
-68,64,18
92,-16,18
-34,-87,18
25,-90,18
74,57,18
-69,63,18
-75,-56,18
-37,86,18
-22,-91,18
-90,26,18
-80,49,18
-76,-55,18
76,-55,18
-59,73,18
-93,13,18
-30,-89,18
-40,85,18
-19,-92,18
-27,90,18
-58,-74,18
-46,82,18
-2,94,18
74,58,18
-93,14,18
-67,-66,18
-67,66,18
-66,67,18
77,54,18
93,-14,18
94,-3,18
-94,-4,18
-20,92,18
-48,-81,18
-48,81,18
-36,-87,18
94,-6,18
-93,15,18
-57,-75,18
-57,75,18
93,-15,18
-28,90,18
34,-88,18
94,-8,18
93,-16,18
-91,25,18
-41,-85,18
-41,85,18
25,-91,18
73,-60,18
-47,82,18
-55,-77,18
94,-11,18
-35,-88,18
-67,67,18
94,-12,18
-42,85,18
-40,-86,18
78,54,18
-51,-80,18
-46,83,18
94,-13,18
-91,27,18
-33,89,18
27,-91,18
33,-89,18
-38,87,18
-57,-76,18
-95,1,18
-72,-62,18
-48,82,18
95,-3,18
-88,36,18
79,53,18
-50,-81,18
50,-81,18
-56,77,18
77,-56,18
95,-7,18
-8,95,18
92,25,18
-39,87,18
39,-87,18
-94,16,18
-80,52,18
-55,-78,18
-67,68,18
-37,-88,18
37,-88,18
-71,-64,18
26,-92,18
92,26,18
35,-89,18
95,-11,18
-86,42,18
94,-18,18
-85,44,18
-44,85,18
-51,-81,18
-51,81,18
-40,87,18
-83,48,18
94,-19,18
-1,96,18
-56,-78,18
78,-56,18
50,-82,18
-60,-75,18
-3,96,18
96,-3,18
-28,92,18
28,-92,18
-69,-67,18
-45,85,18
-41,-87,18
-15,-95,18
-34,90,18
66,-70,18
70,-66,18
90,-34,18
7,-96,18
47,84,18
-71,-65,18
72,-64,18
-49,-83,18
37,-89,18
9,-96,18
-73,-63,18
73,-63,18
-92,29,18
-29,92,18
29,-92,18
-54,-80,18
-22,94,18
74,-62,18
-93,26,18
-35,-90,18
-44,-86,18
-44,86,18
86,-44,18
-42,87,18
42,87,18
78,-57,18
96,-11,18
-92,-30,18
-53,-81,18
-33,-91,18
-33,91,18
91,-33,18
-76,-60,18
76,-60,18
-96,13,18
-69,-68,18
-69,68,18
-90,36,18
90,-36,18
72,-65,18
-87,43,18
-92,31,18
-73,-64,18
-55,80,18
-20,-95,18
41,-88,18
-28,93,18
47,85,18
85,-47,18
97,-5,18
-89,-39,18
39,-89,18
74,-63,18
-49,-84,18
84,-49,18
-7,97,18
95,-21,18
75,-62,18
8,-97,18
-54,81,18
-32,-92,18
92,-32,18
9,-97,18
79,57,18
-61,76,18
76,-61,18
-87,44,18
-35,-91,18
42,-88,18
-46,-86,18
86,-46,18
-89,-40,18
-85,48,18
48,85,18
-71,-67,18
-82,53,18
-72,-66,18
38,-90,18
30,-93,18
-33,-92,18
92,-33,18
-50,-84,18
-94,27,18
-59,-78,18
78,-59,18
-36,-91,18
-97,13,18
52,-83,18
-63,75,18
-89,-41,18
41,-89,18
98,0,18
-58,79,18
47,86,18
-31,-93,18
-31,93,18
-3,98,18
98,-3,18
-20,-96,18
96,-20,18
-92,34,18
28,-94,18
92,-34,18
-90,39,18
-15,-97,18
-82,54,18
-61,-77,18
-84,51,18
84,51,18
-8,98,18
-72,-67,18
32,-93,18
-29,94,18
-46,87,18
73,-66,18
-92,35,18
-90,40,18
74,-65,18
10,-98,18
-98,11,18
-91,-38,18
38,-91,18
50,-85,18
-76,-63,18
-63,76,18
-82,55,18
82,55,18
-95,27,18
27,-95,18
84,52,18
-88,-45,18
-19,-97,18
-19,97,18
43,-89,18
97,-19,18
-87,47,18
-90,41,18
-86,49,18
-31,-94,18
-31,94,18
-70,-70,18
99,0,18
-39,-91,18
39,-91,18
71,-69,18
-78,-61,18
-61,78,18
-54,83,18
78,-61,18
99,2,18
-72,-68,18
-97,20,18
28,-95,18
-4,99,18
-73,-67,18
-51,-85,18
85,51,18
-66,74,18
-37,-92,18
-6,99,18
99,6,18
-65,75,18
-21,-97,18
-7,99,18
65,75,18
99,7,18
-46,-88,18
82,56,18
-90,42,18
84,53,18
-29,95,18
-87,48,18
93,-35,18
-22,97,18
97,-22,18
-86,50,18
-77,-63,18
10,-99,18
-83,55,18
-55,83,18
11,-99,18
-33,-94,18
33,-94,18
81,58,18
85,52,18
-23,97,18
97,-23,18
-70,-71,18
70,-71,18
-96,27,18
-12,99,18
47,-88,18
-91,41,18
-61,-79,18
41,-91,18
79,-61,18
-98,19,18
98,-19,18
-87,49,18
54,-84,18
-66,75,18
66,75,18
-31,-95,18
-31,95,18
-34,-94,18
-60,-80,18
28,-96,18
-76,-65,18
-65,-76,18
76,-65,18
-93,-37,18
-64,-77,18
83,-56,18
-44,-90,18
-81,59,18
-59,-81,18
-42,-91,18
-21,-98,18
48,-88,18
-29,-96,18
-40,-92,18
92,-40,18
-87,50,18
-55,84,18
-71,71,18
-70,-72,18
79,-62,18
-17,99,18
69,-73,18
-38,-93,18
-86,52,18
-33,-95,18
67,75,18
-30,-96,18
-61,-80,18
-61,80,18
11,-100,18
43,-91,18
91,-43,18
-94,-36,18
94,36,18
23,-98,18
-85,54,18
-54,85,18
-100,12,18
12,-100,18
-88,49,18
41,-92,18
49,-88,18
-99,19,18
-87,51,18
-96,-31,18
84,56,18
-20,99,18
-59,82,18
-63,79,18
44,-91,18
-48,-89,18
48,-89,18
71,-72,18
-92,-42,18
25,-98,18
70,-73,18
-96,-32,18
-32,-96,18
-21,99,18
-68,-75,18
-95,-35,18
-29,97,18
95,35,18
-83,58,18
76,-67,18
87,52,18
-98,26,18
38,-94,18
81,-61,18
-99,22,18
-22,-99,18
-96,-33,18
-33,-96,18
-90,-47,18
-47,90,18
92,-43,18
49,-89,18
-60,-82,18
-93,-41,18
41,-93,18
79,-64,18
-88,51,18
-72,72,18
80,-63,18
-83,59,18
24,-99,18
-87,53,18
-44,-92,18
48,-90,18
81,-62,18
-67,77,18
-55,86,18
-25,99,18
-65,79,18
79,-65,18
-87,54,18
87,54,18
-83,60,18
83,-60,18
-91,47,18
80,-64,18
-97,-33,18
43,-93,18
96,36,18
-94,41,18
75,-70,18
23,-100,18
-56,86,18
86,-56,18
69,76,18
84,-59,18
39,-95,18
-31,98,18
-93,-44,18
-48,91,18
48,-91,18
85,58,18
-87,55,18
79,-66,18
-61,83,18
-89,52,18
-25,-100,18
25,-100,18
80,-65,18
-32,98,18
86,57,18
84,-60,18
-88,54,18
-74,-72,18
72,-74,18
-71,75,18
71,75,18
-92,47,18
-93,45,18
45,-93,18
43,-94,18
-33,98,18
-30,-99,18
-30,99,18
-87,-56,18
97,36,18
-59,-85,18
41,-95,18
-68,78,18
78,-68,18
53,-89,18
79,-67,18
39,-96,18
-58,86,18
86,58,18
-48,92,18
48,-92,18
-44,-94,18
-44,94,18
44,-94,18
-97,-37,18
-95,-42,18
42,-95,18
90,52,18
-71,-76,18
-71,76,18
-57,-87,18
70,77,18
-54,-89,18
54,-89,18
89,54,18
-93,47,18
83,-63,18
-94,45,18
79,-68,18
-95,43,18
-43,-95,18
-56,88,18
88,-56,18
-36,98,18
-58,87,18
-89,55,18
-74,-74,18
-48,93,18
-75,-73,18
-73,-75,18
-76,-72,18
-72,76,18
-100,-31,18
-95,44,18
-44,95,18
-31,-100,18
44,-95,18
50,-92,18
71,77,18
-42,-96,18
78,-70,18
91,52,18
88,-57,18
90,54,18
38,-98,18
-93,49,18
-49,-93,18
-45,-95,18
-89,-56,18
56,-89,18
-97,41,18
-75,74,18
-74,-75,18
74,-75,18
-73,-76,18
88,-58,18
-72,77,18
-46,95,18
-44,-96,18
80,-69,18
-92,-52,18
-89,57,18
-97,42,18
81,-68,18
40,-98,18
95,-47,18
56,-90,18
-94,49,18
-96,45,18
-93,51,18
93,51,18
-76,-74,18
74,76,18
77,-73,18
72,78,18
78,-72,18
-84,-65,18
71,79,18
79,-71,18
61,-87,18
-91,-55,18
55,-91,18
39,-99,18
-94,50,18
57,-90,18
93,52,18
86,-63,18
-98,-42,18
-98,42,18
37,-100,18
-99,40,18
76,-75,18
-89,59,18
-77,-74,18
77,-74,18
78,-73,18
-45,-97,18
94,51,18
65,-85,18
70,81,18
90,-58,18
-61,-88,18
-86,-64,18
-50,95,18
-46,97,18
91,-57,18
87,-63,18
-98,44,18
-84,-67,18
77,-75,18
78,-74,18
-93,-54,18
-79,73,18
73,79,18
-85,66,18
66,-85,18
80,-72,18
-47,97,18
70,82,18
-98,-45,18
-61,-89,18
-91,-58,18
-53,94,18
-99,-43,18
-87,64,18
87,-64,18
-90,60,18
-77,76,18
-76,77,18
-48,97,18
48,-97,18
-50,96,18
79,-74,18
-98,-46,18
-80,73,18
73,80,18
-91,59,18
62,-89,18
-56,93,18
87,-65,18
-97,49,18
49,-97,18
-98,-47,18
-69,84,18
61,-90,18
-99,45,18
-95,-53,18
-53,-95,18
88,-64,18
-55,-94,18
75,-79,18
79,-75,18
-57,93,18
-48,98,18
-50,-97,18
-46,-99,18
-96,52,18
-83,71,18
71,83,18
-100,44,18
-54,95,18
-88,65,18
-56,94,18
85,-69,18
-49,-98,18
-99,47,18
-51,-97,18
93,-58,18
-80,-75,18
-80,75,18
-53,-96,18
75,80,18
-81,-74,18
81,-74,18
87,-67,18
-83,72,18
88,-66,18
-50,-98,18
50,-98,18
98,50,18
-91,62,18
-54,-96,18
-56,-95,18
-80,76,18
-61,-92,18
81,-75,18
-94,58,18
-82,74,18
58,-94,18
94,-58,18
98,51,18
-100,47,18
-83,73,18
83,-73,18
-88,67,18
-72,84,18
63,-91,18
-85,-71,18
-71,85,18
-89,66,18
-50,-99,18
50,-99,18
-48,-100,18
-98,52,18
-52,-98,18
-79,-78,18
-78,-79,18
77,-80,18
77,80,18
80,77,18
-82,75,18
82,-75,18
-96,56,18
-56,-96,18
-56,96,18
-88,68,18
-73,84,18
-58,-95,18
-100,49,18
99,51,18
-72,85,18
-89,67,18
-55,-97,18
-86,-71,18
57,-96,18
96,-57,18
-87,70,18
-79,-79,18
-80,-78,18
80,78,18
-82,-76,18
-82,76,18
-50,-100,18
99,52,18
83,75,18
-56,-97,18
-56,97,18
51,-100,18
99,53,18
63,-93,18
-79,-80,18
79,80,18
-81,-78,18
81,78,18
-82,-77,18
57,-97,18
-83,76,18
-84,75,18
84,75,18
-92,65,18
-96,-59,18
-90,68,18
-98,56,18
-56,98,18
-58,97,18
-53,-100,18
66,-92,18
84,76,18
-57,-98,18
-57,98,18
69,-90,18
-62,-95,18
-91,68,18
68,-91,18
99,-56,18
-81,-80,18
-80,-81,18
80,-81,18
-58,98,18
58,-98,18
-78,-83,18
-55,-100,18
-57,-99,18
65,-94,18
-88,-73,18
-88,73,18
64,-95,18
80,-82,18
79,83,18
67,-93,18
-77,-85,18
58,-99,18
-94,66,18
-87,-75,18
-98,-60,18
-60,-98,18
-100,57,18
-57,-100,18
57,-100,18
65,-95,18
-93,68,18
59,-99,18
-82,-81,18
-81,-82,18
-81,82,18
79,84,18
-85,78,18
-78,85,18
85,78,18
64,-96,18
-94,67,18
61,-98,18
-76,87,18
-95,66,18
-93,69,18
65,-96,18
-62,-98,18
82,-82,18
-83,-81,18
-81,83,18
-84,-80,18
-78,86,18
78,86,18
-64,-97,18
-95,67,18
-76,88,18
-96,66,18
-90,-74,18
-83,-82,18
-83,82,18
-81,84,18
81,84,18
-85,80,18
-80,-85,18
-65,-97,18
-89,-76,18
-76,89,18
67,-96,18
70,-94,18
-81,85,18
-80,-86,18
-79,87,18
-88,-78,18
71,-94,18
-95,70,18
-74,92,18
84,-83,18
66,-98,18
-87,80,18
-73,-93,18
-73,93,18
-78,89,18
65,-99,18
90,77,18
91,76,18
-95,71,18
67,-98,18
64,-100,18
-87,-81,18
87,81,18
-80,88,18
-66,99,18
-89,-79,18
-79,89,18
69,-97,18
-78,90,18
-77,-91,18
71,-96,18
84,-85,18
83,86,18
-67,99,18
-81,-88,18
-74,-94,18
-90,-79,18
-79,90,18
-73,-95,18
73,-95,18
66,-100,18
69,-98,18
-75,-94,18
94,75,18
-81,-89,18
89,81,18
-74,-95,18
70,-98,18
-91,79,18
-73,96,18
73,-96,18
92,78,18
-93,-77,18
93,77,18
94,76,18
-87,-84,18
-83,-88,18
-71,-98,18
71,-98,18
89,82,18
-81,90,18
90,81,18
-91,-80,18
-80,-91,18
-80,91,18
91,80,18
-96,74,18
-70,-99,18
-70,99,18
-92,-79,18
-92,79,18
-79,92,18
-93,78,18
73,-97,18
-98,72,18
84,-88,18
-83,-89,18
-82,-90,18
-75,-96,18
-91,-81,18
-81,91,18
-71,-99,18
-71,99,18
91,81,18
92,80,18
-79,-93,18
-94,78,18
-78,-94,18
-73,-98,18
86,-87,18
85,-88,18
-84,-89,18
-72,-99,18
-72,99,18
-82,-91,18
-82,91,18
91,82,18
-80,93,18
-79,-94,18
94,79,18
-74,-98,18
-95,78,18
90,84,18
-72,-100,18
92,82,18
-93,-81,18
-81,93,18
-80,-94,18
-80,94,18
94,80,18
87,-88,18
-86,-89,18
90,85,18
91,84,18
92,83,18
93,82,18
-98,76,18
-81,94,18
-80,-95,18
95,80,18
-79,-96,18
79,-96,18
91,85,18
92,84,18
93,83,18
-99,76,18
-96,80,18
-100,75,18
-89,-88,18
-88,-89,18
93,84,18
-83,94,18
94,83,18
-82,95,18
-81,-96,18
-97,80,18
97,-80,18
-90,-88,18
-98,79,18
98,79,18
-91,-87,18
85,-93,18
-84,-94,18
94,84,18
-95,-83,18
95,83,18
-82,96,18
96,82,18
80,-98,18
98,80,18
88,-91,18
-92,-87,18
85,-94,18
-81,-98,18
99,80,18
-91,-89,18
-92,-88,18
-87,-93,18
95,85,18
-84,-96,18
96,84,18
-83,-97,18
-83,97,18
-82,98,18
98,82,18
99,-81,18
-92,-89,18
-86,-95,18
95,86,18
-84,-97,18
99,82,18
-100,81,18
-91,-91,18
93,-89,18
-86,-96,18
96,86,18
-85,-97,18
-85,97,18
84,-98,18
98,84,18
92,-91,18
90,-93,18
94,-89,18
-88,-95,18
-87,96,18
-86,-97,18
86,-97,18
98,85,18
83,-100,18
92,-92,18
-95,-89,18
-97,-87,18
-87,-97,18
-86,-98,18
86,-98,18
98,86,18
99,85,18
-89,-96,18
89,-96,18
96,-89,18
87,-98,18
98,-87,18
-85,-100,18
-95,-91,18
91,-95,18
90,-96,18
89,-97,18
-88,-98,18
-86,-100,18
93,-94,18
92,-95,18
90,-97,18
98,-89,18
99,-88,18
93,-95,18
-98,-90,18
99,-89,18
93,-96,18
-92,97,18
92,-97,18
98,-91,18
-99,-90,18
-89,-100,18
-95,-95,18
94,-96,18
-93,97,18
93,-97,18
-92,98,18
92,-98,18
-99,-91,18
94,-97,18
-93,98,18
-92,99,18
-100,-91,18
-96,-96,18
-95,-97,18
94,-98,18
-96,97,18
94,-99,18
-99,-96,18
99,-96,18
-99,97,18
-97,99,18
-99,98,18
-98,99,18
-99,99,18
99,-99,18
0,1,17
0,2,17
2,2,17
1,3,17
3,1,17
-3,-2,17
-2,-3,17
1,4,17
-4,-2,17
3,-4,17
-5,1,17
1,-5,17
5,1,17
-5,-3,17
6,2,17
4,5,17
-6,-3,17
3,-6,17
7,0,17
-1,-7,17
-6,-4,17
6,4,17
1,-8,17
7,4,17
-6,-6,17
8,3,17
5,7,17
7,5,17
9,3,17
7,7,17
2,-10,17
10,3,17
11,1,17
11,3,17
-4,-11,17
11,4,17
12,3,17
11,6,17
12,4,17
3,-13,17
-13,5,17
-14,-2,17
14,2,17
-13,7,17
-14,5,17
15,1,17
-4,-15,17
12,10,17
0,-16,17
-16,-2,17
-16,5,17
5,-16,17
-15,8,17
14,10,17
-17,-3,17
17,3,17
-17,5,17
-5,-17,17
5,-17,17
6,-17,17
15,10,17
14,12,17
15,11,17
-18,-6,17
-18,7,17
-11,16,17
0,-20,17
18,9,17
-3,20,17
20,3,17
-4,-20,17
-4,20,17
18,10,17
-8,-19,17
8,-19,17
21,1,17
7,-20,17
-3,21,17
-17,-13,17
-10,19,17
-20,9,17
-9,20,17
20,9,17
-19,-11,17
-11,19,17
19,11,17
-3,-22,17
-3,22,17
20,10,17
-16,16,17
-22,-6,17
20,11,17
-21,9,17
21,9,17
-2,23,17
22,7,17
-4,23,17
8,-22,17
22,-8,17
-19,-14,17
11,-21,17
9,-22,17
23,-6,17
1,-24,17
-2,24,17
22,10,17
-19,-15,17
-4,24,17
8,-23,17
23,8,17
24,-5,17
24,5,17
23,9,17
-24,-6,17
6,-24,17
24,6,17
-15,20,17
-12,22,17
12,-22,17
3,-25,17
-24,-8,17
8,-24,17
24,-8,17
-4,25,17
-19,-17,17
5,25,17
25,-7,17
14,-22,17
-3,26,17
20,-17,17
-4,26,17
4,26,17
25,-9,17
-26,-6,17
26,6,17
-20,-18,17
23,14,17
26,7,17
1,27,17
26,-8,17
-13,24,17
13,-24,17
-25,-11,17
-5,27,17
5,27,17
23,15,17
27,5,17
-26,-9,17
-20,-19,17
27,6,17
-25,-12,17
25,12,17
-24,-14,17
27,7,17
-23,-16,17
2,28,17
3,28,17
27,-8,17
-13,25,17
-15,24,17
27,-9,17
28,6,17
-14,25,17
14,-25,17
-28,-7,17
-21,-20,17
-13,26,17
26,-13,17
3,29,17
15,25,17
27,-11,17
23,-18,17
-24,-17,17
5,-29,17
-14,26,17
26,-14,17
-12,27,17
29,-6,17
16,25,17
-21,-21,17
-10,28,17
0,30,17
29,9,17
-22,-21,17
22,-21,17
27,-14,17
30,-5,17
30,5,17
-23,-20,17
-20,-23,17
-24,-19,17
29,11,17
17,26,17
-23,-21,17
-21,-23,17
-28,-14,17
-19,-25,17
31,-5,17
31,5,17
30,10,17
-29,-13,17
31,7,17
23,-22,17
-17,27,17
20,-25,17
32,2,17
-29,-14,17
26,-19,17
4,-32,17
24,-22,17
32,-6,17
-21,-25,17
-15,29,17
28,-17,17
33,0,17
33,1,17
33,2,17
-14,30,17
3,-33,17
33,3,17
-24,-23,17
-18,28,17
-22,-25,17
25,-22,17
26,-21,17
-15,30,17
-17,29,17
33,-7,17
-24,-24,17
33,-8,17
-25,-23,17
0,-34,17
1,34,17
34,1,17
-34,2,17
-26,-22,17
-22,-26,17
-34,3,17
-18,29,17
4,-34,17
-34,5,17
-20,28,17
-15,31,17
34,6,17
13,32,17
-25,-24,17
-24,-25,17
-19,29,17
11,33,17
-22,-27,17
-16,31,17
8,-34,17
-21,-28,17
12,33,17
-35,3,17
-35,4,17
29,-20,17
15,32,17
-35,5,17
5,35,17
35,5,17
-24,-26,17
24,26,17
6,35,17
-22,28,17
7,35,17
11,-34,17
29,-21,17
8,-35,17
36,0,17
1,36,17
2,36,17
12,34,17
36,-3,17
36,-4,17
-23,28,17
28,-23,17
5,-36,17
-19,-31,17
19,31,17
-22,-29,17
10,-35,17
22,-29,17
36,6,17
25,27,17
8,-36,17
8,36,17
20,-31,17
37,0,17
9,-36,17
9,36,17
19,32,17
-21,-31,17
21,31,17
26,27,17
37,-6,17
37,6,17
-25,28,17
18,33,17
-29,-24,17
11,36,17
7,37,17
20,32,17
-23,-30,17
23,-30,17
0,38,17
38,0,17
-22,-31,17
1,38,17
-2,-38,17
-19,-33,17
9,37,17
38,3,17
27,27,17
-4,-38,17
-21,-32,17
13,36,17
10,-37,17
10,37,17
38,-5,17
30,-24,17
18,34,17
38,6,17
11,37,17
7,38,17
22,-32,17
-30,-25,17
-25,30,17
9,38,17
39,-3,17
-24,-31,17
-10,-38,17
10,38,17
-23,-32,17
23,32,17
-28,28,17
-27,29,17
-7,-39,17
27,-29,17
-22,-33,17
-26,30,17
26,-30,17
-25,-31,17
31,-25,17
-40,0,17
-24,-32,17
-24,32,17
24,32,17
23,33,17
18,-36,17
18,36,17
-10,-39,17
10,39,17
-29,-28,17
-20,-35,17
20,-35,17
-30,27,17
-6,-40,17
-31,26,17
-26,31,17
26,-31,17
-11,-39,17
-25,32,17
17,-37,17
40,8,17
-24,-33,17
12,-39,17
12,39,17
24,33,17
-21,-35,17
-9,-40,17
-30,-28,17
-23,-34,17
23,34,17
16,38,17
-14,-39,17
-24,34,17
17,-38,17
29,-30,17
12,-40,17
-31,-28,17
23,35,17
-9,-41,17
41,9,17
-33,26,17
-20,-37,17
-13,-40,17
16,39,17
22,-36,17
-5,42,17
-24,35,17
24,-35,17
24,35,17
-31,-29,17
-11,-41,17
11,-41,17
31,-29,17
-28,32,17
-21,-37,17
17,-39,17
17,39,17
-12,-41,17
12,-41,17
23,36,17
-13,-41,17
25,-35,17
35,25,17
16,-40,17
-3,43,17
30,31,17
43,-4,17
-6,-43,17
-6,43,17
21,-38,17
7,-43,17
12,-42,17
29,-33,17
43,9,17
13,-42,17
16,-41,17
-44,4,17
27,35,17
35,27,17
26,-36,17
-7,-44,17
33,-30,17
-8,-44,17
16,-42,17
24,-38,17
27,36,17
44,10,17
-26,37,17
14,-43,17
32,32,17
-23,-39,17
5,-45,17
34,-30,17
11,-44,17
6,-45,17
-35,-29,17
-35,29,17
35,-29,17
25,-38,17
7,-45,17
-8,-45,17
45,9,17
32,-33,17
-38,26,17
-10,45,17
10,-45,17
-36,29,17
-46,5,17
11,-45,17
-7,46,17
7,-46,17
46,7,17
45,12,17
-38,-27,17
33,-33,17
-8,-46,17
32,34,17
45,13,17
-36,30,17
-9,-46,17
47,0,17
-37,29,17
-2,47,17
-11,-46,17
-20,-43,17
32,-35,17
32,35,17
-47,7,17
-44,-18,17
12,-46,17
-37,30,17
-30,37,17
37,-30,17
-8,47,17
-26,-40,17
-45,-16,17
-19,-44,17
48,0,17
-35,33,17
-17,-45,17
17,-45,17
35,-33,17
36,-32,17
-22,-43,17
-24,-42,17
42,-24,17
-46,-15,17
38,-30,17
-18,-45,17
12,-47,17
48,7,17
-26,-41,17
-21,-44,17
-47,-13,17
-35,34,17
-34,35,17
34,-35,17
-40,-28,17
-9,-48,17
-45,-19,17
-49,-2,17
-31,-38,17
49,2,17
-11,-48,17
49,5,17
-49,6,17
-6,49,17
-46,-18,17
40,-29,17
12,-48,17
-49,7,17
-35,35,17
-7,49,17
49,7,17
-36,-34,17
-41,-28,17
-8,49,17
-32,38,17
-48,-13,17
48,13,17
-31,39,17
-27,-42,17
-17,-47,17
48,14,17
-50,-1,17
-50,1,17
50,2,17
-50,-3,17
50,3,17
-44,-24,17
-24,-44,17
-41,29,17
-11,-49,17
41,-29,17
-50,5,17
-34,-37,17
-26,-43,17
-47,-18,17
-33,38,17
18,-47,17
-50,6,17
-49,-12,17
-32,-39,17
-28,-42,17
-7,-50,17
50,7,17
-23,-45,17
16,-48,17
-44,-25,17
-40,-31,17
-31,40,17
40,-31,17
-47,-19,17
-19,-47,17
49,13,17
-35,37,17
-46,-22,17
-10,-50,17
34,38,17
-24,-45,17
0,51,17
51,0,17
-51,2,17
-42,-29,17
42,-29,17
33,-39,17
50,11,17
32,-40,17
-41,-31,17
-50,-12,17
-47,-21,17
-7,-51,17
51,7,17
-27,44,17
-19,-48,17
51,-8,17
51,8,17
-50,-13,17
-35,-38,17
-35,38,17
50,13,17
-39,-34,17
-9,-51,17
9,51,17
33,-40,17
17,-49,17
-46,-24,17
-52,-1,17
-52,1,17
1,52,17
41,-32,17
-52,-2,17
-52,2,17
2,52,17
52,2,17
-52,3,17
52,-3,17
-42,-31,17
42,-31,17
-47,23,17
-52,6,17
-6,-52,17
36,-38,17
-48,21,17
-39,35,17
-35,-39,17
-7,-52,17
52,7,17
-27,-45,17
-50,16,17
-40,34,17
-49,19,17
-8,-52,17
52,-8,17
-33,-41,17
13,51,17
-29,44,17
-47,-24,17
52,9,17
-32,-42,17
17,-50,17
-26,-46,17
-10,-52,17
-43,-31,17
-37,-38,17
-39,-36,17
-36,-39,17
-53,3,17
3,53,17
-50,-18,17
18,-50,17
-40,-35,17
-35,-40,17
35,-40,17
53,-4,17
-53,-5,17
-25,-47,17
5,53,17
30,-44,17
-41,-34,17
-27,-46,17
6,53,17
12,52,17
-42,-33,17
-7,-53,17
53,-7,17
53,7,17
-29,-45,17
-43,-32,17
-32,-43,17
-48,-24,17
37,-39,17
39,-37,17
-36,-40,17
-46,28,17
-41,-35,17
-34,-42,17
34,-42,17
42,-34,17
-54,3,17
-51,-18,17
45,-30,17
-54,-4,17
-54,4,17
-33,-43,17
33,-43,17
43,-33,17
-54,-5,17
-50,-21,17
12,53,17
53,12,17
-46,29,17
-44,-32,17
16,52,17
32,-44,17
-51,-19,17
-54,7,17
39,-38,17
37,-40,17
-49,-24,17
-41,-36,17
-36,-41,17
41,-36,17
13,53,17
-31,-45,17
-35,-42,17
-35,42,17
-51,-20,17
14,53,17
33,-44,17
50,-23,17
-27,-48,17
53,15,17
-11,-54,17
11,-54,17
-38,-40,17
40,-38,17
47,-29,17
-12,-54,17
6,-55,17
55,-6,17
7,-55,17
55,-7,17
13,54,17
55,-8,17
-44,-34,17
-52,-20,17
9,-55,17
-30,-47,17
47,-30,17
14,54,17
40,-39,17
10,55,17
56,1,17
-46,-32,17
-15,-54,17
15,54,17
-52,-21,17
21,52,17
-56,-4,17
56,4,17
-56,-5,17
-44,-35,17
-12,-55,17
12,-55,17
-54,-16,17
56,6,17
-50,-26,17
-50,26,17
-45,-34,17
-56,7,17
7,-56,17
8,-56,17
8,56,17
-48,-30,17
-30,-48,17
-54,-17,17
-56,9,17
-14,-55,17
47,-32,17
11,-56,17
57,-3,17
57,3,17
46,-34,17
5,-57,17
-54,-19,17
-51,-26,17
-51,26,17
-50,-28,17
-57,-6,17
22,53,17
47,-33,17
-49,30,17
-57,8,17
57,-8,17
-54,-20,17
20,54,17
-48,-32,17
48,-32,17
-52,-25,17
-51,27,17
14,56,17
23,53,17
-54,-21,17
15,56,17
49,-31,17
47,-34,17
-58,-3,17
58,-3,17
-58,-4,17
-52,-26,17
-52,26,17
26,52,17
38,-44,17
58,-4,17
-53,24,17
-51,28,17
-55,-19,17
-56,-16,17
-57,12,17
57,-12,17
6,-58,17
-46,-36,17
13,57,17
32,-49,17
-57,14,17
23,54,17
34,-48,17
-50,-31,17
10,58,17
57,-15,17
-59,-2,17
-58,-11,17
-58,11,17
11,-58,17
11,58,17
-52,-28,17
33,-49,17
59,3,17
-24,-54,17
-56,19,17
59,4,17
-16,-57,17
57,-16,17
-58,12,17
12,58,17
-22,-55,17
35,-48,17
59,7,17
-58,13,17
-56,-20,17
-40,44,17
-57,-17,17
27,53,17
8,-59,17
59,8,17
-55,23,17
-23,-55,17
46,-38,17
-51,-31,17
-57,18,17
18,57,17
-21,-56,17
47,-37,17
59,-10,17
-58,15,17
58,-15,17
36,-48,17
24,55,17
11,-59,17
-58,-16,17
58,-16,17
12,59,17
51,-32,17
6,-60,17
-39,46,17
-57,-20,17
20,-57,17
60,7,17
-58,17,17
-38,47,17
34,-50,17
-56,23,17
-52,-31,17
-23,-56,17
-14,-59,17
-58,-18,17
18,58,17
57,-21,17
-54,-28,17
10,-60,17
15,59,17
30,53,17
-56,24,17
24,56,17
-22,57,17
-59,16,17
61,-4,17
5,-61,17
61,5,17
-38,48,17
-34,-51,17
-59,17,17
-17,-59,17
31,53,17
-58,21,17
-21,58,17
58,-21,17
-55,-28,17
-40,47,17
30,54,17
-60,15,17
-57,24,17
-48,-39,17
-48,39,17
-35,-51,17
-35,51,17
-19,59,17
-62,0,17
-62,-2,17
22,58,17
58,-22,17
16,-60,17
62,4,17
-29,55,17
-43,45,17
25,57,17
31,54,17
62,-6,17
-17,-60,17
17,-60,17
-47,-41,17
-58,23,17
-36,51,17
61,14,17
-56,-28,17
-59,21,17
60,-18,17
-57,26,17
-35,52,17
-58,24,17
24,58,17
38,50,17
-61,15,17
-19,60,17
-59,22,17
63,0,17
-63,-1,17
-37,51,17
37,51,17
63,1,17
-47,-42,17
-61,16,17
-57,27,17
3,-63,17
31,55,17
25,58,17
60,-20,17
-40,49,17
-53,35,17
26,58,17
60,-21,17
-51,38,17
-38,51,17
-45,45,17
24,59,17
-48,42,17
62,15,17
-52,37,17
-41,49,17
61,-19,17
-63,11,17
-64,0,17
64,0,17
-1,-64,17
-1,64,17
1,-64,17
-62,-16,17
-36,-53,17
-3,-64,17
-61,20,17
5,-64,17
-23,-60,17
-62,17,17
-46,45,17
-48,-43,17
32,56,17
-49,-42,17
-24,60,17
-64,9,17
-53,37,17
-37,53,17
37,53,17
-51,40,17
-61,22,17
-19,62,17
-57,31,17
-54,36,17
-65,0,17
-25,60,17
65,0,17
-1,-65,17
1,-65,17
-2,65,17
-47,45,17
-48,-44,17
-48,44,17
-65,5,17
65,5,17
42,50,17
32,57,17
-7,65,17
-65,8,17
-56,34,17
34,56,17
18,-63,17
-40,52,17
-64,-15,17
36,55,17
-58,-31,17
-47,46,17
-60,27,17
-27,60,17
-63,-19,17
-57,33,17
33,57,17
65,-11,17
43,50,17
-66,0,17
66,0,17
-66,-1,17
66,2,17
-35,56,17
-51,-42,17
42,51,17
-63,20,17
-66,5,17
-60,28,17
-41,52,17
-58,32,17
37,-55,17
-66,-7,17
-57,34,17
-40,-53,17
-66,-8,17
-66,8,17
-8,66,17
65,14,17
-66,9,17
-54,39,17
39,54,17
31,59,17
-65,-15,17
-61,-27,17
-61,27,17
-43,51,17
-27,61,17
-15,65,17
43,51,17
-55,38,17
16,-65,17
-41,-53,17
67,1,17
-20,64,17
37,-56,17
37,56,17
-67,5,17
17,-65,17
67,5,17
-54,40,17
-40,-54,17
-46,49,17
-13,66,17
-64,21,17
-44,51,17
-21,64,17
39,-55,17
-66,-14,17
-43,52,17
43,52,17
67,-8,17
67,-9,17
42,53,17
38,56,17
66,15,17
-65,-19,17
-67,-10,17
-58,35,17
-10,67,17
63,25,17
41,54,17
16,-66,17
-55,40,17
40,-55,17
-51,-45,17
-51,45,17
-28,62,17
-67,12,17
-12,67,17
4,-68,17
68,5,17
-43,-53,17
-13,67,17
68,6,17
-24,-64,17
-54,42,17
42,54,17
-38,-57,17
-27,63,17
-9,68,17
-55,41,17
-41,55,17
41,55,17
-67,-15,17
-66,-19,17
-51,46,17
-19,66,17
-64,25,17
64,25,17
-10,68,17
-52,-45,17
-45,52,17
-56,40,17
-44,-53,17
-11,68,17
44,53,17
63,28,17
-60,-34,17
-60,34,17
-20,66,17
-69,0,17
0,-69,17
2,-69,17
43,54,17
-39,-57,17
3,-69,17
-55,42,17
42,55,17
-69,6,17
69,6,17
-24,-65,17
38,58,17
-63,29,17
-61,33,17
-47,51,17
-18,-67,17
-56,41,17
-69,8,17
-60,-35,17
-45,-53,17
-45,53,17
45,53,17
-22,66,17
-57,40,17
15,-68,17
40,-57,17
-65,25,17
-25,-65,17
44,54,17
69,10,17
-43,-55,17
43,55,17
-61,-34,17
-69,11,17
-70,0,17
42,56,17
-49,50,17
-69,12,17
-12,-69,17
3,-70,17
-68,-17,17
-17,-68,17
-70,4,17
-59,-38,17
-41,-57,17
13,-69,17
6,-70,17
-64,29,17
-27,65,17
-14,-69,17
-55,44,17
44,55,17
-58,40,17
-15,-69,17
64,30,17
-62,34,17
-50,50,17
-10,-70,17
70,10,17
-52,-48,17
-48,-52,17
65,28,17
-69,-16,17
-61,-36,17
-61,36,17
-11,-70,17
-66,26,17
-46,-54,17
-60,-38,17
-17,-69,17
3,-71,17
-21,-68,17
-71,5,17
65,29,17
13,-70,17
-56,44,17
40,-59,17
66,27,17
-61,-37,17
70,14,17
-43,-57,17
-43,57,17
-8,-71,17
-25,-67,17
67,25,17
64,32,17
-70,-15,17
-47,-54,17
15,-70,17
65,30,17
-42,-58,17
-42,58,17
-66,28,17
-46,55,17
71,10,17
-45,-56,17
-41,-59,17
11,-71,17
41,-59,17
-67,26,17
-61,38,17
-1,72,17
-70,-17,17
17,-70,17
3,-72,17
-63,35,17
4,-72,17
40,-60,17
72,-4,17
-52,-50,17
-72,5,17
-71,13,17
13,-71,17
-62,37,17
-43,-58,17
6,-72,17
-18,-70,17
18,-70,17
-71,-14,17
14,-71,17
-39,-61,17
-72,8,17
-56,46,17
-46,-56,17
19,-70,17
-63,36,17
9,-72,17
-71,-15,17
-72,10,17
-71,-16,17
-68,26,17
-26,-68,17
-20,70,17
-61,40,17
-40,-61,17
12,-72,17
-43,-59,17
-29,67,17
-17,71,17
-73,2,17
2,-73,17
-63,37,17
73,-3,17
-21,70,17
-73,4,17
-56,47,17
5,-73,17
-73,-6,17
-71,-18,17
-57,46,17
-46,57,17
6,-73,17
18,-71,17
46,57,17
14,-72,17
72,14,17
-65,34,17
65,34,17
-22,70,17
-73,-8,17
73,8,17
-41,-61,17
19,-71,17
-52,-52,17
72,15,17
-51,53,17
54,50,17
44,-59,17
26,-69,17
-48,-56,17
-40,-62,17
33,-66,17
-43,-60,17
43,-60,17
65,35,17
-57,47,17
47,57,17
-1,-74,17
2,-74,17
46,58,17
-21,71,17
-74,-3,17
61,-42,17
-39,-63,17
-74,-5,17
-72,-18,17
18,-72,17
-52,-53,17
32,-67,17
54,51,17
-30,68,17
68,30,17
-50,55,17
-22,71,17
-60,-44,17
49,56,17
-69,28,17
-28,-69,17
-9,-74,17
-23,-71,17
-58,47,17
33,-67,17
31,-68,17
-46,59,17
-73,-17,17
-53,-53,17
-21,72,17
0,-75,17
45,-60,17
-51,55,17
1,-75,17
-2,-75,17
2,-75,17
27,-70,17
-3,-75,17
3,-75,17
-50,56,17
50,-56,17
-4,-75,17
13,-74,17
34,-67,17
67,-34,17
74,13,17
-68,32,17
68,-32,17
-5,-75,17
5,-75,17
49,57,17
6,75,17
-47,59,17
-15,74,17
9,-75,17
-23,72,17
23,-72,17
72,-23,17
67,-35,17
-71,26,17
31,-69,17
-52,55,17
-20,73,17
56,51,17
-29,-70,17
-45,-61,17
50,-57,17
67,-36,17
-76,-4,17
-4,-76,17
13,75,17
-70,30,17
18,-74,17
76,-5,17
-72,25,17
25,-72,17
6,76,17
-14,75,17
14,75,17
-28,-71,17
7,76,17
53,55,17
55,53,17
-46,-61,17
-8,-76,17
52,-56,17
56,52,17
-15,-75,17
15,-75,17
15,75,17
51,57,17
-76,-9,17
-76,9,17
67,-37,17
-72,26,17
-64,42,17
-26,-72,17
-26,72,17
-29,-71,17
-29,71,17
-65,41,17
-72,27,17
-27,72,17
-17,-75,17
75,-17,17
-21,74,17
21,-74,17
34,-69,17
68,-36,17
-61,-47,17
-1,-77,17
67,-38,17
-30,71,17
54,55,17
71,-30,17
-77,-4,17
-53,56,17
53,56,17
56,53,17
52,-57,17
52,57,17
-5,-77,17
25,-73,17
77,-5,17
-22,74,17
46,-62,17
-77,-6,17
-51,58,17
-6,-77,17
51,-58,17
-28,72,17
14,76,17
-77,7,17
-7,-77,17
-75,19,17
-77,8,17
-71,31,17
-26,73,17
-29,72,17
20,75,17
-77,10,17
44,-64,17
-77,11,17
-62,-47,17
47,-62,17
-70,34,17
57,53,17
-75,21,17
21,75,17
65,-43,17
-51,59,17
46,-63,17
-75,22,17
-22,75,17
78,-5,17
78,5,17
45,-64,17
64,-45,17
-61,49,17
49,-61,17
-70,35,17
37,-69,17
71,-33,17
72,-31,17
-48,-62,17
-8,-78,17
-23,75,17
-65,44,17
-9,-78,17
54,-57,17
-67,41,17
-58,53,17
-53,-58,17
-20,76,17
20,76,17
76,-20,17
47,-63,17
-52,-59,17
52,-59,17
-71,34,17
-51,-60,17
24,-75,17
-66,43,17
38,-69,17
69,-38,17
46,-64,17
64,-46,17
-21,76,17
77,-17,17
-50,-61,17
50,-61,17
-68,40,17
40,-68,17
73,-30,17
0,-79,17
1,-79,17
49,-62,17
65,-45,17
77,-18,17
4,79,17
-76,22,17
-22,76,17
-79,5,17
56,-56,17
-72,33,17
72,-33,17
55,-57,17
57,-55,17
57,55,17
-79,6,17
-6,-79,17
6,-79,17
6,79,17
-58,54,17
69,-39,17
-73,31,17
53,-59,17
77,-19,17
66,-44,17
-64,-47,17
-64,47,17
-20,77,17
77,-20,17
71,-36,17
78,-16,17
46,-65,17
-62,50,17
-73,32,17
73,-32,17
-69,40,17
-77,21,17
78,-17,17
66,-45,17
56,-57,17
42,-68,17
55,-58,17
58,-55,17
-54,-59,17
54,-59,17
59,54,17
0,-80,17
-80,1,17
-76,25,17
1,80,17
72,-35,17
80,3,17
-71,37,17
13,-79,17
71,-37,17
-73,33,17
-33,73,17
-70,39,17
39,-70,17
70,-39,17
-80,5,17
-61,52,17
67,-44,17
-65,-47,17
-47,-65,17
47,-65,17
-6,-80,17
80,6,17
-79,14,17
74,-31,17
41,-69,17
80,7,17
-77,23,17
79,15,17
46,-66,17
78,-20,17
71,-38,17
-16,-79,17
64,-49,17
-32,74,17
-10,-80,17
70,-40,17
-24,77,17
67,-45,17
-54,-60,17
80,11,17
-78,21,17
48,-65,17
-17,-79,17
53,-61,17
52,-62,17
-72,37,17
-77,25,17
73,-35,17
-68,-44,17
0,-81,17
-71,39,17
1,-81,17
71,-39,17
47,-66,17
-22,78,17
81,-3,17
-81,4,17
41,-70,17
-81,5,17
5,-81,17
-80,14,17
14,-80,17
-81,6,17
81,6,17
67,-46,17
81,7,17
15,-80,17
73,-36,17
-74,34,17
-20,79,17
-9,-81,17
68,-45,17
62,53,17
16,-80,17
-27,77,17
48,-66,17
63,52,17
-81,11,17
-79,21,17
-17,80,17
-64,51,17
-47,-67,17
47,-67,17
-81,12,17
71,-41,17
-18,80,17
0,82,17
80,-18,17
82,0,17
-22,79,17
82,1,17
-82,-2,17
3,-82,17
82,-3,17
56,-60,17
-81,14,17
-14,-81,17
66,-49,17
-54,62,17
-26,78,17
54,-62,17
82,6,17
-79,23,17
-82,7,17
53,-63,17
34,75,17
45,-69,17
-80,20,17
-20,80,17
-9,-82,17
71,-42,17
-27,78,17
-24,79,17
30,77,17
-82,11,17
-11,-82,17
-75,35,17
66,50,17
61,-56,17
61,56,17
28,78,17
55,-62,17
80,-22,17
-63,54,17
-54,-63,17
-54,63,17
0,83,17
1,83,17
43,-71,17
-83,-2,17
-13,-82,17
83,-4,17
83,4,17
-83,5,17
5,-83,17
83,-5,17
-82,14,17
38,-74,17
-19,81,17
19,81,17
-78,29,17
-70,-45,17
-48,-68,17
-34,76,17
34,76,17
-83,7,17
-7,-83,17
72,-42,17
-15,-82,17
20,81,17
-83,9,17
-47,-69,17
-27,79,17
61,57,17
-24,80,17
-16,-82,17
56,-62,17
62,-56,17
30,78,17
-10,83,17
-63,55,17
37,75,17
55,-63,17
-74,39,17
74,-39,17
-35,76,17
35,76,17
-21,81,17
21,81,17
83,11,17
-54,64,17
54,-64,17
64,54,17
-17,-82,17
17,-82,17
46,-70,17
1,84,17
-83,13,17
-13,-83,17
-52,-66,17
-69,-48,17
84,-3,17
-84,4,17
84,-4,17
-5,-84,17
29,79,17
82,-19,17
-51,67,17
23,81,17
-6,-84,17
84,-6,17
-57,-62,17
57,-62,17
7,-84,17
63,-56,17
63,56,17
-70,-47,17
-47,-70,17
15,-83,17
-55,-64,17
-20,82,17
82,-20,17
-27,80,17
-84,9,17
-24,81,17
30,79,17
79,-30,17
16,-83,17
-77,35,17
-10,84,17
-53,-66,17
-21,82,17
-78,33,17
17,-83,17
43,-73,17
-28,-80,17
25,81,17
67,52,17
-12,84,17
31,79,17
48,-70,17
-82,22,17
62,-58,17
-18,-83,17
57,-63,17
38,76,17
-85,0,17
-84,13,17
-75,40,17
-51,-68,17
-13,84,17
68,51,17
75,-40,17
-85,-1,17
1,85,17
-85,3,17
85,3,17
34,78,17
74,-42,17
-85,4,17
-80,29,17
-29,80,17
85,-4,17
83,-19,17
-14,84,17
-23,82,17
-6,-85,17
69,50,17
85,-6,17
32,79,17
44,-73,17
85,-8,17
-53,-67,17
49,-70,17
-85,-9,17
41,-75,17
41,75,17
-52,-68,17
68,52,17
-63,58,17
-71,-48,17
-48,-71,17
-25,82,17
-80,31,17
-65,56,17
-56,-65,17
85,12,17
-22,83,17
22,83,17
38,77,17
40,76,17
-84,18,17
-36,78,17
36,78,17
-55,-66,17
-75,42,17
85,13,17
-79,34,17
-70,-50,17
-26,82,17
-2,-86,17
50,-70,17
-81,29,17
-86,3,17
-86,4,17
-4,-86,17
-86,5,17
-5,-86,17
85,14,17
-86,6,17
86,-6,17
-53,-68,17
68,53,17
-86,7,17
-86,-8,17
-86,8,17
-8,-86,17
58,-64,17
-81,30,17
-79,35,17
-35,79,17
-75,43,17
43,75,17
-28,82,17
-25,83,17
67,-55,17
-11,86,17
-81,31,17
-78,38,17
-36,79,17
-12,86,17
-50,-71,17
-18,-85,17
18,85,17
-80,34,17
-34,80,17
-53,-69,17
-53,69,17
59,-64,17
-23,84,17
-58,-65,17
-14,86,17
-87,5,17
-52,-70,17
-87,6,17
-57,-66,17
-6,-87,17
-82,30,17
82,-30,17
-56,-67,17
-35,80,17
-24,84,17
-8,-87,17
-71,-51,17
-51,-71,17
-87,-9,17
-16,-86,17
16,86,17
-21,85,17
-87,10,17
-10,-87,17
-54,-69,17
-25,84,17
40,78,17
-38,79,17
62,-62,17
-80,36,17
-65,59,17
-53,-70,17
-81,34,17
-58,-66,17
-18,-86,17
57,-67,17
-23,85,17
39,-79,17
39,79,17
-78,-41,17
-14,87,17
87,-14,17
88,5,17
-77,43,17
77,-43,17
-88,6,17
-81,35,17
20,86,17
45,76,17
-82,33,17
63,-62,17
-54,-70,17
61,-64,17
-88,9,17
87,-16,17
47,75,17
21,86,17
-79,40,17
40,79,17
-88,10,17
-78,42,17
42,78,17
-58,-67,17
-81,36,17
17,87,17
44,77,17
77,-44,17
57,-68,17
-82,34,17
-34,82,17
22,-86,17
22,86,17
-12,88,17
-80,39,17
-39,80,17
-89,-1,17
-23,-86,17
70,55,17
89,2,17
-51,-73,17
51,-73,17
-43,78,17
-63,-63,17
63,-63,17
89,5,17
-82,35,17
-45,77,17
27,85,17
-59,-67,17
59,-67,17
24,86,17
-50,-74,17
-83,33,17
-33,83,17
47,76,17
-16,-88,17
-38,81,17
69,57,17
-36,-82,17
-89,10,17
-25,86,17
-49,-75,17
-17,-88,17
73,52,17
-89,11,17
-46,-77,17
-46,77,17
-34,83,17
22,87,17
-63,-64,17
-12,89,17
-55,-71,17
-55,71,17
-18,-88,17
48,76,17
-60,-67,17
-79,43,17
43,-79,17
-23,-87,17
-23,87,17
-54,-72,17
90,0,17
90,1,17
-90,-2,17
90,2,17
59,-68,17
-90,-3,17
-45,78,17
3,-90,17
90,3,17
-35,-83,17
89,14,17
-58,69,17
-20,88,17
-33,84,17
-24,87,17
-40,81,17
-8,-90,17
-79,44,17
-56,-71,17
-49,76,17
-16,-89,17
-16,89,17
44,79,17
79,-44,17
89,-16,17
-9,90,17
-21,88,17
-31,85,17
31,85,17
-64,-64,17
-46,-78,17
-46,78,17
-55,-72,17
72,55,17
61,-67,17
89,-17,17
-48,-77,17
29,86,17
-59,-69,17
-41,81,17
-45,79,17
-23,-88,17
-84,35,17
91,0,17
91,1,17
74,53,17
-47,-78,17
-14,90,17
-91,-5,17
-5,-91,17
-85,33,17
33,-85,17
-65,64,17
64,-65,17
89,-20,17
-40,82,17
-81,42,17
-66,63,17
-42,81,17
-75,-52,17
75,52,17
80,-44,17
-8,91,17
-84,36,17
73,55,17
-16,90,17
60,-69,17
-21,89,17
-9,91,17
89,-21,17
-48,-78,17
-48,78,17
-17,-90,17
90,-17,17
-91,11,17
91,-11,17
-82,41,17
-22,-89,17
58,-71,17
-81,43,17
-43,81,17
-80,45,17
-45,80,17
-57,72,17
53,75,17
75,53,17
-65,-65,17
-23,-89,17
91,-13,17
66,-64,17
-67,63,17
67,-63,17
92,0,17
-2,92,17
-27,88,17
-92,-4,17
76,52,17
69,-61,17
-86,33,17
33,-86,17
-42,82,17
5,-92,17
24,-89,17
-74,-55,17
91,-15,17
-75,-54,17
-21,-90,17
-25,89,17
89,25,17
92,-10,17
-57,73,17
-65,66,17
-50,78,17
-22,-90,17
-64,-67,17
67,-64,17
92,-11,17
68,-63,17
-85,37,17
-26,-89,17
-26,89,17
-47,80,17
-56,-74,17
74,56,17
-86,35,17
-23,90,17
77,52,17
92,-13,17
71,-60,17
-83,42,17
93,-3,17
-92,14,17
-93,-4,17
-38,85,17
-20,-91,17
91,-20,17
-51,78,17
78,51,17
93,-6,17
92,-15,17
36,-86,17
93,-7,17
-66,-66,17
93,-8,17
-65,-67,17
67,-65,17
-16,-92,17
68,-64,17
-90,25,17
-25,90,17
34,-87,17
69,-63,17
-41,84,17
41,-84,17
-83,43,17
77,53,17
70,-62,17
39,85,17
-17,-92,17
37,-86,17
-32,88,17
-26,90,17
-18,-92,17
78,52,17
92,-18,17
93,-12,17
35,-87,17
49,-80,17
-23,91,17
93,-13,17
-84,42,17
-42,84,17
-83,44,17
92,-19,17
-94,-1,17
-1,94,17
-94,-2,17
38,-86,17
-66,-67,17
-65,-68,17
68,-65,17
-4,94,17
5,-94,17
36,-87,17
70,-63,17
-75,-57,17
-31,-89,17
94,-7,17
78,53,17
92,-21,17
-25,91,17
-56,76,17
37,-87,17
-52,79,17
-32,89,17
79,52,17
77,-55,17
-94,11,17
49,-81,17
-68,-66,17
-69,-65,17
-85,42,17
-75,-58,17
-23,92,17
-64,70,17
-54,-78,17
90,-30,17
-80,51,17
-51,80,17
-94,13,17
83,-46,17
-63,71,17
-33,-89,17
-19,-93,17
71,-63,17
38,-87,17
-95,0,17
-95,-1,17
-2,95,17
-14,-94,17
94,-14,17
-24,92,17
36,-88,17
93,-20,17
73,-61,17
-94,15,17
6,-95,17
-85,43,17
-25,92,17
-52,80,17
-75,-59,17
-55,78,17
78,55,17
-69,-66,17
69,-66,17
-70,-65,17
-49,-82,17
-49,82,17
-17,-94,17
-10,-95,17
49,-82,17
65,-70,17
-22,93,17
-64,71,17
-63,72,17
-94,18,17
42,-86,17
85,-44,17
84,-46,17
73,-62,17
91,-30,17
-33,-90,17
-33,90,17
90,-33,17
-48,83,17
27,-92,17
74,-61,17
-53,80,17
-14,-95,17
-50,-82,17
96,-4,17
96,-5,17
-31,-91,17
91,-31,17
-86,43,17
-87,41,17
-67,69,17
41,-87,17
-6,96,17
96,-6,17
-88,-39,17
-81,52,17
-52,81,17
-47,84,17
79,-55,17
93,25,17
-21,94,17
-72,-64,17
-16,-95,17
-89,37,17
49,-83,17
-58,77,17
91,-32,17
-51,-82,17
26,-93,17
90,-35,17
-87,42,17
85,-46,17
-61,75,17
75,-61,17
-18,-95,17
-12,-96,17
48,84,17
-30,92,17
38,-89,17
-53,81,17
-60,-76,17
-60,76,17
79,56,17
-27,93,17
27,-93,17
-68,69,17
-13,-96,17
-19,-95,17
-70,-67,17
-67,70,17
-50,-83,17
50,83,17
67,-70,17
-36,-90,17
-97,1,17
-59,-77,17
-1,97,17
-14,-96,17
-45,-86,17
-45,86,17
86,-45,17
-41,-88,17
73,-64,17
80,-55,17
92,-31,17
-82,52,17
-52,82,17
28,-93,17
-85,47,17
-5,-97,17
-5,97,17
-15,-96,17
78,-58,17
-49,84,17
94,25,17
-21,-95,17
-90,37,17
-16,-96,17
81,54,17
-51,-83,17
29,-93,17
83,51,17
-61,-76,17
-88,-42,17
-94,26,17
-46,86,17
-68,70,17
67,-71,17
97,-11,17
-90,38,17
-30,93,17
-33,92,17
-73,-65,17
-23,95,17
-84,50,17
50,-84,17
-74,-64,17
-64,74,17
-91,36,17
-19,-96,17
-88,-43,17
88,-43,17
-87,45,17
-75,-63,17
-45,-87,17
-45,87,17
75,-63,17
95,-24,17
-86,47,17
-14,-97,17
-93,31,17
-34,-92,17
-28,94,17
-4,98,17
76,-62,17
-85,49,17
-49,-85,17
49,-85,17
-5,98,17
-6,98,17
82,54,17
95,-25,17
51,84,17
70,-69,17
68,-71,17
8,-98,17
-93,32,17
-32,93,17
-88,-44,17
78,-60,17
9,-98,17
92,-35,17
-56,81,17
-83,53,17
83,53,17
-86,48,17
-22,96,17
96,-22,17
-74,-65,17
-65,74,17
26,-95,17
-75,-64,17
79,-59,17
-30,94,17
30,-94,17
-93,33,17
96,-23,17
-55,82,17
-89,43,17
47,-87,17
41,-90,17
31,-94,17
-14,-98,17
70,-70,17
-71,-69,17
-99,2,17
-83,54,17
-34,-93,17
83,54,17
68,-72,17
-95,28,17
-20,-97,17
-99,3,17
-57,81,17
-15,-98,17
96,-25,17
-75,-65,17
-21,97,17
-89,44,17
-42,-90,17
42,-90,17
48,-87,17
-91,40,17
-59,80,17
26,-96,17
50,86,17
-63,77,17
-99,10,17
38,-92,17
-58,81,17
-30,-95,17
-30,95,17
-71,-70,17
71,-70,17
-69,-72,17
69,-72,17
-90,43,17
-61,79,17
91,-41,17
-74,-67,17
-54,-84,17
82,-57,17
82,57,17
-39,-92,17
31,-95,17
-14,-99,17
86,51,17
-96,28,17
-60,80,17
80,-60,17
-98,20,17
-20,98,17
-100,3,17
-37,-93,17
-64,77,17
-15,-99,17
-85,53,17
46,-89,17
81,-59,17
-91,-42,17
-91,42,17
91,-42,17
-88,48,17
-32,95,17
-7,-100,17
-63,78,17
-92,-40,17
40,-92,17
70,-72,17
-22,98,17
-100,10,17
-52,-86,17
74,-68,17
-75,-67,17
-67,75,17
-91,-43,17
-47,89,17
-43,-91,17
47,-89,17
27,-97,17
83,57,17
-92,-41,17
77,-65,17
-60,-81,17
81,-60,17
-31,96,17
-56,-84,17
-86,53,17
-82,59,17
-53,86,17
86,53,17
-90,46,17
46,-90,17
69,-74,17
-32,96,17
-21,-99,17
-88,50,17
-75,-68,17
-40,-93,17
75,-68,17
-76,-67,17
-94,-38,17
77,-66,17
-30,-97,17
-30,97,17
-18,-100,17
82,-60,17
-93,41,17
-41,-93,17
-23,99,17
-27,-98,17
88,51,17
39,-94,17
-56,-85,17
-63,-80,17
-63,80,17
-97,-31,17
-71,-73,17
-31,97,17
71,-73,17
73,-71,17
-24,99,17
-92,44,17
-76,-68,17
-68,-76,17
-90,-48,17
-48,90,17
-93,42,17
42,-93,17
-58,-84,17
-58,84,17
-89,50,17
89,50,17
-97,-32,17
-32,97,17
-94,-40,17
-21,-100,17
96,35,17
-57,-85,17
-26,99,17
-22,-100,17
22,-100,17
-60,-83,17
-91,-47,17
-93,-43,17
-93,43,17
-43,-93,17
-33,-97,17
97,33,17
-49,90,17
-30,98,17
-96,-36,17
-94,-41,17
-74,-71,17
-71,74,17
71,-74,17
74,-71,17
70,-75,17
-63,-81,17
-56,-86,17
86,56,17
-95,-39,17
-88,53,17
-77,-68,17
-68,77,17
77,-68,17
-34,-97,17
97,34,17
-67,-78,17
-24,-100,17
-99,28,17
-96,-37,17
-28,-99,17
-55,-87,17
-94,-42,17
42,-94,17
-95,40,17
-65,80,17
40,-95,17
89,52,17
-32,-98,17
32,-98,17
-29,-99,17
-29,99,17
81,-64,17
-72,-74,17
-54,-88,17
75,-71,17
-70,76,17
-94,-43,17
-94,43,17
-77,-69,17
-69,77,17
-63,-82,17
-33,-98,17
82,-63,17
-56,87,17
87,-56,17
-95,41,17
-67,79,17
-62,-83,17
-66,80,17
-58,-86,17
-34,-98,17
98,34,17
31,-99,17
-61,-84,17
-100,28,17
-90,52,17
-72,-75,17
-72,75,17
75,-72,17
71,76,17
76,-71,17
-70,77,17
-35,-98,17
-89,54,17
-47,-93,17
-68,79,17
-49,92,17
-95,-43,17
91,51,17
80,-67,17
-96,41,17
-30,-100,17
-97,-39,17
-89,-55,17
-61,-85,17
85,-61,17
-94,46,17
-46,94,17
99,34,17
76,-72,17
77,-71,17
-96,-42,17
-52,-91,17
-57,88,17
86,-60,17
40,-97,17
-32,-100,17
32,-100,17
-47,94,17
-95,45,17
-87,59,17
-45,95,17
-89,56,17
-56,89,17
-96,-43,17
-96,43,17
-92,-51,17
-92,51,17
-51,-92,17
51,-92,17
-62,-85,17
-33,-100,17
-53,-91,17
-75,-74,17
-76,-73,17
73,76,17
-77,-72,17
72,77,17
-86,61,17
-98,-39,17
-46,-95,17
-50,-93,17
-96,-44,17
-96,44,17
-69,80,17
-52,-92,17
52,-92,17
92,52,17
-57,89,17
-54,91,17
-98,-40,17
88,-59,17
-90,56,17
-56,90,17
-49,-94,17
-86,62,17
-75,-75,17
51,-93,17
75,-75,17
76,-74,17
-97,-43,17
-77,-73,17
-92,-53,17
-92,53,17
-53,92,17
53,-92,17
-71,79,17
-41,-98,17
89,-58,17
-96,46,17
-46,-96,17
-46,96,17
-50,-94,17
-97,-44,17
-90,57,17
-93,52,17
63,-86,17
-54,-92,17
54,-92,17
-76,-75,17
-87,62,17
-73,78,17
-91,56,17
56,-91,17
-96,47,17
-47,96,17
-51,94,17
-85,-65,17
-98,-43,17
-53,-93,17
-53,93,17
53,-93,17
93,53,17
-99,-41,17
-99,41,17
-55,92,17
55,-92,17
48,-96,17
-89,60,17
-97,46,17
-91,57,17
-52,94,17
52,-94,17
-76,-76,17
74,78,17
-99,-42,17
-54,93,17
56,-92,17
71,81,17
65,-86,17
-98,45,17
-89,61,17
61,-89,17
-94,53,17
91,-58,17
94,53,17
-43,-99,17
-93,55,17
-100,41,17
-78,75,17
78,-75,17
-97,48,17
-92,57,17
57,-92,17
96,50,17
-46,-98,17
-95,-52,17
80,-73,17
-99,44,17
81,-72,17
-54,94,17
54,-94,17
86,-66,17
-100,42,17
-70,83,17
-49,97,17
-84,69,17
-51,-96,17
-51,96,17
-92,58,17
58,-92,17
-95,53,17
-100,43,17
-85,68,17
-77,77,17
-94,-55,17
-55,94,17
55,-94,17
-75,79,17
80,-74,17
-60,-91,17
-89,63,17
-81,-73,17
81,-73,17
57,-93,17
-98,48,17
-48,-98,17
72,82,17
82,-72,17
97,50,17
-52,-96,17
66,-87,17
-54,-95,17
-59,-92,17
-84,70,17
-56,-94,17
-85,69,17
-98,49,17
-93,58,17
-78,-77,17
58,-93,17
76,-79,17
86,-68,17
-96,53,17
-55,95,17
82,-73,17
-87,67,17
83,-72,17
-57,-94,17
-99,-48,17
-48,-99,17
-97,52,17
-52,-97,17
-46,-100,17
-59,-93,17
-89,65,17
89,-65,17
-56,95,17
-78,-78,17
-79,-77,17
77,79,17
76,80,17
87,-68,17
-90,64,17
-58,-94,17
-49,-99,17
-47,-100,17
67,-88,17
-84,-72,17
-55,-96,17
-60,-93,17
60,-93,17
-95,57,17
-57,-95,17
-57,95,17
57,-95,17
95,-57,17
66,-89,17
99,50,17
-100,48,17
59,-94,17
-90,65,17
-81,76,17
-83,74,17
-91,64,17
-95,-58,17
58,-95,17
-99,-51,17
-85,-72,17
-60,-94,17
-78,-80,17
78,80,17
-77,-81,17
62,-93,17
82,76,17
-91,65,17
-59,-95,17
83,-75,17
-74,84,17
84,-74,17
-97,56,17
97,-56,17
64,-92,17
-96,-58,17
-86,-72,17
-86,72,17
58,-96,17
-90,67,17
90,-67,17
-100,51,17
-60,-95,17
-91,66,17
91,-66,17
-80,-79,17
-78,-81,17
-77,-82,17
-77,82,17
-57,97,17
83,76,17
-62,-94,17
62,-94,17
-75,84,17
89,-69,17
85,-74,17
-99,54,17
99,54,17
-86,-73,17
61,-95,17
-91,67,17
-97,-58,17
-79,-81,17
79,-81,17
79,81,17
63,-94,17
-82,-78,17
60,-96,17
-77,-83,17
-77,83,17
-92,66,17
-89,70,17
99,-55,17
-76,-84,17
-75,85,17
85,75,17
-90,69,17
-97,-59,17
-87,-73,17
-87,73,17
-54,-100,17
-99,56,17
81,-80,17
-89,71,17
-58,-98,17
-77,84,17
85,76,17
-60,-97,17
-91,69,17
91,-69,17
-87,-74,17
99,-57,17
-98,-59,17
-59,-98,17
59,-98,17
-81,-81,17
81,-81,17
-61,-97,17
-78,84,17
84,78,17
-90,71,17
-76,86,17
86,76,17
-91,70,17
-63,-96,17
63,-96,17
60,-98,17
-89,-73,17
-62,-97,17
-82,81,17
82,-81,17
-84,79,17
-78,-85,17
-64,-96,17
-61,-98,17
86,77,17
-92,70,17
-63,-97,17
63,-97,17
-89,-74,17
-99,-60,17
-81,-83,17
-84,80,17
-80,84,17
-79,-85,17
-79,85,17
59,-100,17
-77,87,17
-88,-76,17
-76,-88,17
61,-99,17
-100,-60,17
60,-100,17
-82,-83,17
83,-82,17
-81,-84,17
79,86,17
86,79,17
-62,-99,17
-92,72,17
-72,-92,17
-77,88,17
61,-100,17
-94,70,17
91,-74,17
-81,-85,17
69,-95,17
81,85,17
-73,92,17
-80,86,17
80,86,17
62,-100,17
-76,-90,17
-94,71,17
-86,-81,17
81,86,17
63,-100,17
87,80,17
69,-96,17
-88,-79,17
89,78,17
-72,-94,17
-71,-95,17
84,-84,17
-70,-96,17
70,-96,17
-74,-93,17
-66,-99,17
66,-99,17
-89,79,17
-73,-94,17
-72,-95,17
72,-95,17
-68,-98,17
-67,-99,17
-82,-87,17
-80,-89,17
-80,89,17
90,79,17
-78,-91,17
-78,91,17
91,78,17
-72,-96,17
-90,-80,17
-79,91,17
91,79,17
-92,78,17
-78,-92,17
-72,-97,17
-94,76,17
-95,75,17
-75,-95,17
-81,-90,17
-74,-96,17
92,79,17
-73,-97,17
-94,77,17
-77,-94,17
94,77,17
-72,-98,17
-88,-84,17
-84,-88,17
89,83,17
-90,-82,17
-96,75,17
-80,92,17
92,-80,17
-74,-97,17
-79,93,17
-70,-100,17
-95,77,17
95,77,17
-90,-83,17
-96,76,17
-76,-96,17
-81,-92,17
-81,92,17
92,81,17
-97,75,17
-75,-97,17
-71,-100,17
93,-80,17
-79,94,17
95,78,17
-99,73,17
87,-87,17
-96,77,17
85,-89,17
-83,-91,17
-81,-93,17
-79,-95,17
95,79,17
86,-89,17
-97,77,17
-81,-94,17
94,-81,17
96,79,17
-100,74,17
-86,-90,17
-91,-86,17
86,-91,17
-85,-92,17
85,-92,17
-100,76,17
-80,-97,17
97,80,17
86,-92,17
99,78,17
-83,95,17
-90,-89,17
89,-90,17
-91,-88,17
94,85,17
-84,-95,17
95,-84,17
-82,97,17
97,-82,17
97,82,17
98,81,17
-99,80,17
86,-94,17
-100,79,17
99,81,17
89,-92,17
-100,80,17
-82,99,17
99,-82,17
91,-91,17
92,-90,17
95,-87,17
-86,96,17
86,-96,17
-84,98,17
-83,99,17
93,-90,17
89,-94,17
95,-88,17
-86,97,17
-85,-98,17
99,-84,17
94,-90,17
88,-96,17
96,-88,17
87,-97,17
97,-87,17
94,-91,17
-88,97,17
86,-99,17
99,-86,17
99,86,17
92,-94,17
94,-92,17
96,-90,17
-89,97,17
-88,98,17
98,-88,17
-87,-99,17
87,-99,17
86,-100,17
-94,-93,17
94,-93,17
-95,-92,17
-96,-91,17
91,-96,17
-89,98,17
89,-98,17
-88,-99,17
-88,99,17
-94,-94,17
98,-90,17
-89,-99,17
-89,99,17
-95,-94,17
94,-95,17
-94,96,17
-98,-92,17
91,-99,17
99,-91,17
-98,-93,17
-99,-93,17
99,-93,17
-96,-97,17
-99,-94,17
-97,97,17
97,-97,17
-96,-98,17
96,-98,17
97,-98,17
-100,-95,17
-99,-97,17
99,-97,17
-100,96,17
-99,-98,17
98,-99,17
-100,-97,17
-97,-100,17
-100,98,17
0,0,16
-1,1,16
1,1,16
-2,-1,16
-2,1,16
1,2,16
-3,1,16
-4,0,16
-4,-1,16
-4,1,16
-3,-3,16
3,3,16
2,-4,16
-4,-3,16
0,-5,16
5,0,16
-5,-1,16
4,4,16
5,3,16
-6,-2,16
6,3,16
1,-7,16
7,1,16
7,2,16
7,3,16
8,2,16
6,6,16
-4,-8,16
9,1,16
-4,-9,16
8,6,16
1,-10,16
10,1,16
-3,-10,16
-4,-10,16
9,6,16
1,-11,16
2,-11,16
11,2,16
2,-12,16
12,5,16
13,3,16
-12,6,16
12,6,16
12,7,16
13,5,16
14,4,16
14,5,16
0,-15,16
-15,-2,16
-14,6,16
-15,-3,16
-3,-15,16
15,4,16
5,-15,16
13,9,16
-1,-16,16
1,-16,16
14,8,16
13,10,16
14,9,16
0,-17,16
6,-16,16
-2,-17,16
-17,-4,16
-4,-17,16
7,-16,16
18,2,16
-3,-18,16
18,3,16
-12,14,16
-17,8,16
-18,6,16
-6,-18,16
19,2,16
-17,9,16
19,3,16
18,7,16
-19,-4,16
-5,-19,16
5,-19,16
18,8,16
-10,17,16
-6,-19,16
6,-19,16
-12,16,16
-1,-20,16
20,1,16
-2,-20,16
20,2,16
-11,17,16
-7,-19,16
-10,18,16
-19,8,16
5,-20,16
-6,20,16
6,-20,16
20,6,16
-9,19,16
-11,18,16
-7,20,16
-4,-21,16
20,8,16
6,-21,16
1,-22,16
-2,-22,16
-20,-10,16
-20,10,16
-4,22,16
10,-20,16
-21,-8,16
-19,-12,16
-8,21,16
-5,22,16
5,-22,16
-20,-11,16
-11,20,16
-21,-9,16
-19,-13,16
-1,-23,16
-1,23,16
23,1,16
23,2,16
-21,-10,16
-22,-8,16
-5,23,16
-11,21,16
21,11,16
-22,-9,16
23,6,16
24,0,16
-1,24,16
24,1,16
-23,-7,16
7,-23,16
-18,-16,16
-22,-10,16
-23,-8,16
-20,-14,16
-24,-5,16
11,-22,16
7,-24,16
24,7,16
-23,-10,16
2,-25,16
23,10,16
25,-3,16
4,25,16
-5,25,16
5,-25,16
23,11,16
25,-5,16
-23,-12,16
7,25,16
24,-10,16
3,26,16
26,-3,16
-11,24,16
23,13,16
22,15,16
6,26,16
-21,-17,16
2,27,16
3,27,16
27,-3,16
-26,-8,16
-24,-13,16
-4,27,16
4,27,16
24,13,16
27,4,16
-11,25,16
9,26,16
26,-9,16
-6,27,16
6,27,16
27,-6,16
-27,-7,16
27,8,16
-19,-21,16
-22,-18,16
5,28,16
28,-6,16
14,25,16
27,-10,16
-24,-16,16
-7,28,16
28,7,16
-19,-22,16
13,26,16
-23,-18,16
4,29,16
-9,28,16
29,-5,16
-22,-20,16
10,28,16
-23,-19,16
-19,-23,16
29,7,16
-24,-18,16
3,30,16
30,-4,16
-21,-22,16
-12,28,16
16,26,16
30,-6,16
-19,-24,16
7,30,16
30,-7,16
-28,-13,16
1,31,16
3,-31,16
-20,-24,16
-31,-4,16
4,-31,16
-14,28,16
-16,27,16
5,31,16
31,-6,16
-21,-24,16
21,-24,16
32,0,16
32,1,16
-14,29,16
19,26,16
32,-5,16
-22,-24,16
21,25,16
-17,28,16
32,-7,16
0,33,16
-1,33,16
19,27,16
-33,4,16
13,31,16
7,-33,16
2,-34,16
26,-22,16
34,2,16
3,34,16
12,32,16
-21,-27,16
27,-21,16
4,34,16
28,-20,16
15,31,16
34,-6,16
-23,-26,16
34,-7,16
27,-22,16
14,32,16
0,-35,16
35,0,16
3,35,16
-20,29,16
4,35,16
5,-35,16
35,-5,16
10,34,16
-23,-27,16
13,33,16
-19,30,16
35,-6,16
35,6,16
-22,-28,16
28,-22,16
11,34,16
21,-29,16
21,29,16
-1,-36,16
12,-34,16
-36,3,16
36,-5,16
10,35,16
-21,-30,16
21,-30,16
7,-36,16
11,35,16
-27,-25,16
-28,-24,16
28,-24,16
12,35,16
-23,-29,16
29,-23,16
37,1,16
17,33,16
37,-3,16
22,-30,16
30,-22,16
37,-5,16
28,-25,16
24,29,16
29,-24,16
30,-23,16
8,37,16
22,-31,16
38,1,16
19,33,16
-28,-26,16
25,29,16
-24,-30,16
24,30,16
20,-33,16
-23,-31,16
23,-31,16
-22,-32,16
-28,-27,16
-28,27,16
27,28,16
-26,29,16
0,39,16
1,39,16
-39,2,16
-25,-30,16
2,39,16
25,30,16
-3,39,16
24,-31,16
24,31,16
-20,-34,16
6,39,16
28,28,16
-29,-27,16
7,39,16
-30,-26,16
8,39,16
-25,31,16
19,35,16
25,31,16
21,-34,16
21,34,16
24,-32,16
23,-33,16
-29,28,16
-28,29,16
28,29,16
22,-34,16
11,-39,16
-7,-40,16
25,-32,16
19,36,16
33,-24,16
-41,0,16
18,-37,16
20,36,16
-4,41,16
-10,-40,16
22,35,16
-25,-33,16
25,-33,16
-11,-40,16
11,-40,16
19,37,16
-24,-34,16
24,34,16
21,-36,16
-30,-29,16
-26,33,16
18,-38,16
20,37,16
42,-3,16
-4,-42,16
-25,-34,16
-25,34,16
-5,-42,16
21,-37,16
7,-42,16
-23,36,16
-8,-42,16
-26,-34,16
25,35,16
22,-37,16
31,30,16
-32,-29,16
-24,-36,16
-5,43,16
17,-40,16
23,-37,16
26,-35,16
8,-43,16
-22,-38,16
22,-38,16
33,-29,16
-28,34,16
-2,44,16
43,10,16
-4,44,16
-27,35,16
-5,-44,16
-5,44,16
19,-40,16
-6,-44,16
-6,44,16
6,-44,16
7,-44,16
31,32,16
30,-33,16
42,15,16
12,-43,16
-34,29,16
-29,34,16
-35,28,16
13,-43,16
-36,27,16
-27,36,16
27,-36,16
-2,45,16
-3,45,16
-4,45,16
26,-37,16
26,37,16
43,14,16
-45,5,16
-5,45,16
31,-33,16
17,-42,16
-34,-30,16
-34,30,16
-6,-45,16
-6,45,16
-29,35,16
-7,-45,16
-36,-28,16
-36,28,16
24,-39,16
-1,46,16
31,-34,16
31,34,16
-2,46,16
26,-38,16
-30,35,16
45,10,16
-4,46,16
-36,-29,16
17,-43,16
-6,46,16
-37,28,16
-28,37,16
44,15,16
-24,-40,16
-8,46,16
32,-34,16
30,36,16
-9,46,16
-23,-41,16
19,-43,16
46,10,16
17,-44,16
-38,-28,16
46,11,16
-6,47,16
6,-47,16
33,-34,16
-22,-42,16
-24,-41,16
46,12,16
30,37,16
-38,-29,16
38,-29,16
46,13,16
-9,47,16
-25,-41,16
41,-25,16
-45,-17,16
-36,32,16
32,-36,16
-40,27,16
-37,31,16
-31,37,16
31,37,16
37,-31,16
-48,6,16
6,-48,16
-38,30,16
-30,-38,16
-48,7,16
48,8,16
-44,-21,16
47,13,16
-35,-34,16
-33,36,16
-9,48,16
-19,-45,16
-32,37,16
32,-37,16
-10,-48,16
-46,-17,16
-31,38,16
31,38,16
47,14,16
-27,-41,16
49,3,16
39,-30,16
-45,-20,16
-20,-45,16
-47,-15,16
18,-46,16
48,12,16
7,-49,16
-49,8,16
-28,-41,16
49,8,16
32,-38,16
32,38,16
-25,-43,16
-9,-49,16
-47,-17,16
-40,-30,16
-45,-22,16
-35,-36,16
-35,36,16
-41,-29,16
-37,-34,16
5,50,16
-38,-33,16
-33,-38,16
-39,-32,16
-32,39,16
32,-39,16
28,-42,16
7,50,16
-45,-23,16
-21,-46,16
-25,-44,16
50,8,16
-41,-30,16
-9,-50,16
9,50,16
-36,-36,16
17,-48,16
-37,-35,16
-22,-46,16
10,-50,16
-51,0,16
29,-42,16
-47,-20,16
-33,-39,16
39,-33,16
11,-50,16
11,50,16
-32,40,16
-48,-18,16
28,-43,16
-6,-51,16
-31,-41,16
31,-41,16
41,-31,16
-23,-46,16
23,-46,16
-25,-45,16
-21,-47,16
30,-42,16
-8,-51,16
8,51,16
13,50,16
-34,39,16
-40,-33,16
-29,-43,16
29,-43,16
43,-29,16
24,-46,16
-48,-20,16
52,0,16
-41,-32,16
-32,-41,16
-50,-15,16
-49,18,16
18,-49,16
31,-42,16
-47,-23,16
-38,-36,16
-25,-46,16
12,51,16
-35,39,16
35,-39,16
30,-43,16
43,-30,16
19,-49,16
52,8,16
-41,-33,16
33,-41,16
-42,-32,16
32,-42,16
42,-32,16
51,14,16
53,0,16
-53,-1,16
43,-31,16
-38,-37,16
-53,-4,16
40,-35,16
52,11,16
53,-5,16
44,-30,16
34,-41,16
41,-34,16
-53,6,16
-6,-53,16
33,-42,16
-51,-16,16
7,53,16
-50,-19,16
45,-29,16
52,13,16
-37,-39,16
-31,-44,16
20,50,16
-41,35,16
41,-35,16
54,1,16
5,-54,16
54,-5,16
-6,-54,16
54,-6,16
-52,-16,16
-38,-39,16
-7,-54,16
7,-54,16
54,-7,16
8,54,16
31,-45,16
42,-35,16
-47,28,16
-28,-47,16
-34,-43,16
34,-43,16
-30,-46,16
-10,-54,16
10,54,16
46,-30,16
21,51,16
39,-39,16
38,-40,16
-37,-41,16
37,-41,16
12,54,16
-53,-16,16
-7,-55,16
46,-31,16
8,-55,16
-34,-44,16
-53,-17,16
-45,-33,16
-56,-3,16
-11,-55,16
-56,5,16
5,-56,16
35,-44,16
56,-5,16
47,-31,16
-49,28,16
56,-7,16
-13,-55,16
13,55,16
40,-40,16
56,8,16
-46,-33,16
-51,-25,16
25,51,16
23,52,16
-45,-35,16
48,-31,16
57,4,16
-46,-34,16
-57,-5,16
57,5,16
26,51,16
12,-56,16
24,52,16
-50,28,16
38,-43,16
-57,7,16
7,57,16
33,-47,16
57,-7,16
57,8,16
36,-45,16
32,-48,16
-57,9,16
-51,-27,16
-50,-29,16
-46,-35,16
35,-46,16
-15,-56,16
-47,-34,16
34,-47,16
58,1,16
-58,-2,16
-57,11,16
11,-57,16
4,-58,16
58,4,16
-51,-28,16
24,53,16
16,56,16
-48,-33,16
12,-57,16
33,-48,16
7,-58,16
58,7,16
-56,-17,16
58,-8,16
-52,-27,16
27,52,16
-53,25,16
-47,-35,16
35,-47,16
-51,-29,16
-51,29,16
-23,-54,16
14,57,16
58,-9,16
45,-38,16
59,0,16
-59,-1,16
26,53,16
58,-11,16
-49,-33,16
-3,-59,16
59,-3,16
-19,-56,16
-51,-30,16
-47,-36,16
-36,47,16
16,57,16
5,-59,16
59,-5,16
58,-12,16
32,-50,16
-48,-35,16
7,-59,16
7,59,16
58,-13,16
17,57,16
-54,25,16
-52,-29,16
-52,29,16
8,59,16
-39,45,16
23,55,16
-57,-18,16
-56,21,16
-54,26,16
26,54,16
-53,-28,16
-48,-36,16
0,-60,16
-60,-1,16
-55,24,16
59,-11,16
-57,19,16
60,4,16
-16,-58,16
-59,12,16
60,-6,16
27,54,16
-57,20,16
-53,-29,16
-50,-34,16
31,52,16
-37,48,16
-18,-58,16
-57,21,16
-36,49,16
-55,26,16
-35,50,16
-19,-58,16
-52,-32,16
-39,47,16
3,-61,16
-57,22,16
4,-61,16
59,-16,16
-48,-38,16
-48,38,16
-56,25,16
-20,-58,16
20,-58,16
13,-60,16
17,59,16
59,-17,16
23,57,16
-60,14,16
14,-60,16
-61,9,16
26,56,16
-54,-30,16
-39,48,16
32,53,16
19,-59,16
0,-62,16
-62,-1,16
-38,49,16
1,-62,16
-22,58,16
2,-62,16
-60,16,16
-61,12,16
27,56,16
5,-62,16
-57,25,16
59,-20,16
-61,13,16
33,53,16
-48,-40,16
-48,40,16
-40,48,16
-61,14,16
-21,-59,16
59,-21,16
18,-60,16
26,57,16
30,55,16
32,54,16
58,-24,16
-60,19,16
-22,59,16
34,53,16
59,-22,16
-63,0,16
0,-63,16
-1,-63,16
1,-63,16
27,57,16
-48,-41,16
-48,41,16
-41,48,16
-62,12,16
-36,-52,16
-61,-17,16
-23,59,16
17,-61,16
-39,50,16
35,53,16
-62,14,16
62,14,16
-61,-18,16
-18,-61,16
18,-61,16
38,51,16
-55,-32,16
-48,-42,16
-42,48,16
-54,34,16
-61,19,16
-49,-41,16
-62,16,16
-2,-64,16
-64,4,16
-20,61,16
61,-20,16
-51,39,16
-64,7,16
-43,48,16
-64,8,16
-62,-18,16
-62,18,16
-37,-53,16
-41,50,16
-64,10,16
-62,19,16
64,-11,16
33,56,16
39,52,16
-2,-65,16
-3,-65,16
65,-3,16
65,4,16
-62,20,16
-20,62,16
-55,35,16
-49,-43,16
-49,43,16
-43,49,16
35,-55,16
-53,38,16
-38,-53,16
-63,-17,16
-6,65,16
-50,42,16
-57,-32,16
65,-7,16
-51,-41,16
-41,51,16
41,51,16
-54,37,16
-65,-8,16
64,14,16
-63,-18,16
-52,40,16
65,-9,16
65,-10,16
-65,11,16
-50,43,16
-43,50,16
-64,-16,16
-2,-66,16
-51,42,16
-20,63,16
-23,-62,16
66,-6,16
34,57,16
66,-7,16
-53,40,16
40,53,16
-64,-18,16
18,-64,16
66,-8,16
44,50,16
66,-9,16
-59,-31,16
-51,-43,16
65,15,16
-19,64,16
-52,-42,16
38,-55,16
38,55,16
-65,-16,16
-53,41,16
41,53,16
-2,-67,16
-66,12,16
-67,4,16
-47,48,16
-40,54,16
-45,50,16
67,6,16
-51,-44,16
67,-7,16
-24,-63,16
-39,55,16
-8,67,16
-67,9,16
-9,67,16
-15,66,16
-25,63,16
-16,66,16
-50,46,16
37,-57,16
68,0,16
-40,55,16
-20,65,16
-59,34,16
-52,-44,16
-52,44,16
-44,52,16
17,-66,16
-56,39,16
39,-56,16
-42,-54,16
68,8,16
-60,33,16
38,-57,16
-59,-35,16
41,-55,16
-46,51,16
-52,45,16
-58,-37,16
-68,-11,16
-61,-32,16
-53,-44,16
-23,65,16
-66,20,16
-1,-69,16
-57,39,16
39,-57,16
-67,-17,16
42,-55,16
-13,-68,16
-13,68,16
-21,66,16
-24,65,16
-51,47,16
63,29,16
69,7,16
-46,52,16
-14,68,16
14,-68,16
46,52,16
-60,35,16
-27,64,16
-9,-69,16
69,9,16
-68,-15,16
65,25,16
-10,-69,16
63,30,16
16,-68,16
-58,39,16
-39,-58,16
39,-58,16
-20,-67,16
-42,-56,16
-2,70,16
70,-3,16
-52,47,16
17,-68,16
70,-4,16
-13,69,16
69,13,16
64,29,16
18,-68,16
14,-69,16
-40,-58,16
70,8,16
66,25,16
19,-68,16
-51,49,16
-49,-51,16
-42,-57,16
-42,57,16
42,-57,16
16,-69,16
-47,-53,16
-46,54,16
-71,1,16
-1,71,16
-41,-58,16
-2,71,16
-71,3,16
-45,-55,16
71,-3,16
-13,70,16
70,13,16
-18,-69,16
18,-69,16
-14,70,16
43,-57,16
-50,-51,16
-71,8,16
39,-60,16
-71,9,16
19,-69,16
42,-58,16
-62,36,16
-28,66,16
-16,-70,16
-20,69,16
-59,41,16
0,-72,16
-71,12,16
-64,33,16
-57,44,16
71,12,16
-72,2,16
-17,-70,16
-72,3,16
-3,72,16
72,-3,16
66,29,16
-72,4,16
-52,50,16
52,50,16
67,27,16
7,-72,16
-59,42,16
-22,69,16
-25,-68,16
-25,68,16
68,25,16
-46,56,16
66,30,16
-15,-71,16
15,-71,16
-57,45,16
72,10,16
-16,-71,16
26,-68,16
44,-58,16
-52,51,16
66,31,16
72,12,16
-59,-43,16
1,-73,16
67,29,16
-73,3,16
-3,73,16
-47,56,16
4,-73,16
27,-68,16
-42,-60,16
-73,-7,16
-7,-73,16
32,-66,16
25,-69,16
30,-67,16
67,30,16
-52,52,16
15,-72,16
-53,-51,16
-53,51,16
-54,50,16
-73,10,16
-48,56,16
-16,72,16
16,-72,16
48,56,16
-20,71,16
20,-71,16
66,33,16
67,-31,16
-72,-17,16
0,-74,16
24,-70,16
1,-74,16
-2,-74,16
21,-71,16
27,-69,16
-74,4,16
4,-74,16
-13,73,16
73,13,16
-5,-74,16
66,34,16
-53,52,16
-52,53,16
67,32,16
-54,51,16
-51,54,16
68,-30,16
-55,50,16
25,-70,16
74,-7,16
-74,-8,16
-64,38,16
-72,-19,16
-19,72,16
28,-69,16
48,57,16
15,-73,16
71,-23,16
47,58,16
67,33,16
-66,35,16
35,-66,16
-20,72,16
20,-72,16
-16,-73,16
-16,73,16
29,-69,16
-62,42,16
24,-71,16
-54,52,16
-12,74,16
21,-72,16
55,51,16
-67,34,16
32,-68,16
-63,41,16
49,-57,16
75,-5,16
-66,36,16
18,-73,16
-44,-61,16
-6,-75,16
30,-69,16
48,58,16
72,-22,16
-7,-75,16
-75,-8,16
15,-74,16
-68,33,16
68,-33,16
-67,35,16
35,-67,16
-60,-46,16
-54,-53,16
53,54,16
54,53,16
20,-73,16
-16,-74,16
-51,56,16
51,-56,16
-70,29,16
-29,70,16
72,-24,16
-17,-74,16
-21,73,16
-64,41,16
34,-68,16
44,-62,16
-59,-48,16
-30,-70,16
30,-70,16
-76,-5,16
-5,-76,16
5,76,16
-60,-47,16
-60,47,16
-25,-72,16
-25,72,16
47,-60,16
72,-25,16
-6,-76,16
43,-63,16
-7,-76,16
54,54,16
-55,53,16
-53,55,16
-68,35,16
35,-68,16
-23,73,16
37,-67,16
50,58,16
45,-62,16
-66,39,16
39,-66,16
-60,-48,16
-60,48,16
-24,73,16
47,-61,16
38,-67,16
-71,30,16
-77,4,16
-56,53,16
4,77,16
13,76,16
18,75,16
75,-18,16
-25,73,16
5,77,16
-66,40,16
74,-22,16
77,-7,16
35,-69,16
-8,-77,16
37,-68,16
-60,-49,16
-60,49,16
15,76,16
23,-74,16
-77,9,16
-67,39,16
-9,-77,16
-61,48,16
-48,-61,16
48,-61,16
-16,76,16
16,76,16
-55,-55,16
55,55,16
-24,74,16
70,-34,16
-69,36,16
-53,57,16
53,-57,16
76,-17,16
43,-65,16
72,-30,16
-67,40,16
76,-18,16
-78,5,16
-73,28,16
-6,-78,16
78,-6,16
-49,-61,16
-14,77,16
78,7,16
-19,76,16
48,-62,16
-74,26,16
-55,-56,16
-78,9,16
-57,54,16
-54,-57,16
57,54,16
-53,58,16
-63,-47,16
-78,10,16
16,77,16
77,-16,16
-78,11,16
-27,74,16
43,-66,16
-64,46,16
76,-21,16
17,77,16
-61,-50,16
-73,30,16
2,79,16
-79,3,16
-25,75,16
3,-79,16
45,-65,16
18,77,16
42,-67,16
79,-4,16
79,4,16
79,-5,16
-54,-58,16
54,-58,16
54,58,16
-69,39,16
-79,7,16
-53,59,16
-31,73,16
-7,-79,16
-68,41,16
41,-68,16
76,-23,16
-15,78,16
-29,74,16
72,-34,16
65,-46,16
-70,38,16
-21,77,16
-79,12,16
-57,56,16
-56,-57,16
56,57,16
57,-56,16
57,56,16
-68,42,16
58,55,16
-54,59,16
-64,-48,16
-48,-64,16
-25,76,16
-28,75,16
-79,13,16
-22,77,16
-5,-80,16
52,-61,16
-80,6,16
6,80,16
14,-79,16
-62,51,16
51,-62,16
-76,26,16
-26,76,16
77,-23,16
-29,75,16
50,-63,16
-66,-46,16
66,-46,16
43,-68,16
-9,-80,16
80,9,16
-71,38,16
-34,73,16
-16,79,16
16,-79,16
49,-64,16
79,-16,16
57,-57,16
57,57,16
-80,10,16
-70,40,16
40,-70,16
56,-58,16
58,-56,16
80,10,16
-80,11,16
-11,80,16
-69,42,16
30,75,16
61,53,16
79,-17,16
-80,12,16
80,12,16
-62,52,16
-52,-62,16
44,-68,16
-81,0,16
-81,-1,16
74,-33,16
79,-18,16
-78,22,16
-3,-81,16
-4,-81,16
-14,80,16
79,-19,16
-77,26,16
-26,77,16
-81,7,16
-78,23,16
57,-58,16
57,58,16
-55,-60,16
-15,80,16
81,8,16
-49,-65,16
-34,74,16
74,-34,16
54,-61,16
40,-71,16
-32,75,16
-62,53,16
-78,24,16
-10,81,16
30,76,16
81,11,16
80,-17,16
-73,37,16
73,-37,16
-35,74,16
74,-35,16
-78,25,16
-25,78,16
-28,77,16
33,75,16
58,58,16
-59,57,16
-57,-59,16
-13,81,16
57,-59,16
59,-57,16
-82,3,16
-56,-60,16
4,-82,16
-55,61,16
5,-82,16
-78,26,16
80,-19,16
-74,36,16
74,-36,16
-73,38,16
73,-38,16
82,7,16
63,53,16
-75,34,16
-72,40,16
40,-72,16
-15,81,16
-8,-82,16
-67,-48,16
-64,52,16
32,76,16
76,-32,16
-82,9,16
-82,10,16
-10,-82,16
-10,82,16
77,-30,16
-68,-47,16
-70,44,16
-21,80,16
-74,37,16
-58,-59,16
-57,-60,16
60,-57,16
-73,39,16
-17,81,16
81,-17,16
33,76,16
-79,25,16
-82,12,16
-55,62,16
62,55,16
-69,-46,16
-22,80,16
-83,-1,16
-49,-67,16
-1,83,16
83,1,16
-82,13,16
-83,-4,16
-83,4,16
-79,26,16
-26,79,16
-14,82,16
82,14,16
81,-19,16
82,15,16
-83,8,16
-8,-83,16
-59,-59,16
60,-58,16
-69,-47,16
44,-71,16
-62,56,16
16,-82,16
-78,30,16
67,50,16
83,10,16
-55,63,16
75,-37,16
-83,11,16
41,-73,16
33,77,16
77,-33,16
-80,25,16
-49,-68,16
83,-12,16
22,81,16
31,78,16
0,84,16
-84,-1,16
84,1,16
-48,-69,16
84,3,16
-71,-45,16
45,-71,16
38,-75,16
38,75,16
4,-84,16
84,4,16
-80,26,16
-84,5,16
-59,-60,16
-29,79,16
-61,58,16
-14,-83,16
19,82,16
34,77,16
61,-58,16
61,58,16
83,-14,16
83,14,16
-81,23,16
62,-57,16
56,-63,16
84,-7,16
-78,32,16
47,-70,16
-15,-83,16
83,15,16
84,-8,16
20,82,16
84,-9,16
75,-39,16
35,77,16
-71,-46,16
41,-74,16
-49,-69,16
-11,84,16
-28,80,16
-25,81,16
-60,-60,16
-31,79,16
-70,-48,16
-62,58,16
22,82,16
-72,45,16
-63,57,16
-57,-63,16
-57,63,16
63,-57,16
-13,-84,16
40,-75,16
40,75,16
84,13,16
-85,1,16
85,1,16
-85,2,16
3,-85,16
85,-3,16
29,80,16
-83,19,16
-71,-47,16
-5,-85,16
47,-71,16
85,-5,16
84,14,16
-50,-69,16
85,-7,16
-8,-85,16
20,83,16
-77,37,16
30,80,16
-70,-49,16
61,-60,16
-52,68,16
-21,83,16
-57,64,16
-11,-85,16
-11,85,16
-31,80,16
56,-65,16
69,51,16
-12,85,16
42,75,16
75,-42,16
-86,0,16
-86,1,16
86,1,16
2,86,16
86,-3,16
86,-4,16
-19,-84,16
84,-19,16
86,-5,16
-62,-60,16
39,77,16
85,15,16
20,84,16
-76,41,16
86,-8,16
30,81,16
81,-30,16
-24,83,16
69,52,16
57,-65,16
86,-9,16
-10,-86,16
45,-74,16
17,85,16
86,-11,16
-77,40,16
84,-22,16
85,-18,16
44,-75,16
-62,-61,16
-26,83,16
60,-63,16
-87,-1,16
-2,-87,16
-64,59,16
-87,3,16
-3,-87,16
-87,4,16
87,4,16
19,85,16
86,-14,16
-5,-87,16
-27,83,16
-7,-87,16
-76,43,16
87,-8,16
-55,-68,16
-9,-87,16
-9,87,16
45,-75,16
87,-9,16
-10,87,16
87,-10,16
87,10,16
-78,-40,16
-50,-72,16
-82,31,16
-62,-62,16
77,-42,16
60,-64,16
70,53,16
49,-73,16
-88,0,16
-52,-71,16
-82,32,16
-3,-88,16
88,3,16
-56,-68,16
-4,-88,16
-79,39,16
-78,41,16
43,77,16
85,-24,16
-8,-88,16
62,-63,16
70,54,16
-16,-87,16
60,-65,16
40,-79,16
78,-42,16
-83,31,16
-17,-87,16
-11,88,16
-57,-68,16
-52,-72,16
-18,-87,16
18,87,16
-13,88,16
88,13,16
-79,41,16
1,-89,16
89,1,16
73,51,16
-14,88,16
-61,65,16
61,-65,16
-30,84,16
60,-66,16
89,6,16
-24,86,16
86,-24,16
-89,8,16
-8,89,16
-58,68,16
-53,-72,16
-40,80,16
40,-80,16
-79,42,16
-42,79,16
42,-79,16
79,-42,16
87,-21,16
-84,31,16
-44,78,16
-52,-73,16
-56,-70,16
-56,70,16
89,11,16
87,-22,16
63,-64,16
71,55,16
62,-65,16
-66,61,16
-61,66,16
-51,-74,16
74,51,16
-80,41,16
-43,79,16
43,79,16
79,-43,16
-37,82,16
-90,0,16
72,54,16
-90,-1,16
-59,-68,16
88,-19,16
-83,35,16
73,53,16
-84,33,16
-57,70,16
70,57,16
-80,42,16
74,52,16
-65,63,16
-25,87,16
63,-65,16
-90,10,16
62,-66,16
90,11,16
75,51,16
-22,88,16
59,-69,16
-54,-73,16
-39,82,16
-80,43,16
-32,85,16
43,-80,16
-58,-70,16
-23,88,16
-57,71,16
71,57,16
90,-14,16
-91,-4,16
-4,-91,16
-6,-91,16
63,-66,16
52,75,16
-91,7,16
62,-67,16
-80,44,16
-91,8,16
-28,87,16
-91,9,16
-25,88,16
-91,10,16
34,-85,16
-74,-54,16
41,-82,16
89,-22,16
43,-81,16
-26,88,16
-50,-77,16
72,57,16
-75,-53,16
-64,66,16
63,-67,16
73,56,16
91,-14,16
-52,76,16
-4,-92,16
-33,86,16
86,-33,16
-82,42,16
-5,-92,16
81,-44,16
-92,7,16
92,-7,16
-85,36,16
-92,8,16
92,-8,16
87,-31,16
90,-21,16
-92,9,16
48,-79,16
72,58,16
-92,10,16
41,-83,16
-22,90,16
-92,11,16
-67,64,16
-29,88,16
-32,-87,16
-74,-56,16
35,-86,16
70,-61,16
23,-90,16
-55,-75,16
-27,89,16
82,-44,16
-4,93,16
-93,-5,16
-5,93,16
5,-93,16
-51,-78,16
-6,93,16
-54,76,16
-58,73,16
-93,7,16
-7,93,16
-48,-80,16
-48,80,16
48,-80,16
-28,89,16
88,-31,16
-93,8,16
-67,65,16
-21,91,16
87,-34,16
83,-43,16
-39,85,16
-93,10,16
-56,-75,16
71,-61,16
-22,91,16
93,-11,16
-52,78,16
-93,12,16
87,-35,16
-55,-76,16
-49,80,16
-40,-85,16
40,-85,16
-33,-88,16
-33,88,16
88,-33,16
-94,0,16
-38,86,16
-51,79,16
-94,-3,16
-54,-77,16
-14,-93,16
-68,-65,16
94,-4,16
-24,91,16
69,-64,16
-70,-63,16
-6,94,16
-15,-93,16
-31,89,16
-53,-78,16
-94,8,16
-50,-80,16
-50,80,16
-84,43,16
-16,-93,16
41,-85,16
91,25,16
83,-45,16
-94,9,16
47,82,16
-94,10,16
94,-10,16
-29,90,16
-32,-89,16
-59,74,16
-49,-81,16
-49,81,16
35,-88,16
-66,68,16
-58,-75,16
-58,75,16
-84,44,16
-70,-64,16
40,-86,16
-30,90,16
-71,-63,16
93,-19,16
-57,76,16
48,-82,16
-3,95,16
-73,-61,16
-53,79,16
-5,-95,16
95,-5,16
-50,81,16
-31,-90,16
-6,-95,16
90,-31,16
-74,-60,16
-60,74,16
74,-60,16
-41,-86,16
-41,86,16
34,-89,16
89,-34,16
-47,83,16
67,-68,16
-32,90,16
90,-32,16
-95,10,16
-58,76,16
-26,92,16
-35,-89,16
89,-35,16
-72,-63,16
72,-63,16
-54,-79,16
79,54,16
-42,-86,16
-42,86,16
81,51,16
-95,12,16
-73,-62,16
-57,77,16
-23,93,16
-30,91,16
-92,27,16
-27,92,16
48,-83,16
-13,-95,16
-53,-80,16
80,53,16
-96,0,16
-2,96,16
-50,82,16
-75,-60,16
-60,75,16
-4,-96,16
-4,96,16
94,-20,16
-43,-86,16
-92,28,16
69,-67,16
6,-96,16
-59,-76,16
84,-47,16
-55,79,16
-63,73,16
-96,10,16
10,-96,16
80,54,16
82,51,16
-57,78,16
42,-87,16
-96,11,16
-96,12,16
-48,84,16
48,-84,16
84,-48,16
92,-30,16
94,-23,16
79,-56,16
-93,27,16
69,-68,16
70,-67,16
-72,-65,16
-43,-87,16
-3,97,16
43,-87,16
87,-43,16
97,-3,16
-88,-41,16
-64,73,16
82,52,16
89,-39,16
-74,-63,16
-63,74,16
-84,49,16
49,-84,16
94,-25,16
-76,-61,16
-44,-87,16
-88,42,16
-97,10,16
-22,95,16
95,-22,16
26,-94,16
-70,-68,16
77,-60,16
-53,-82,16
-53,82,16
82,53,16
-18,-96,16
84,50,16
-27,94,16
27,-94,16
-13,-97,16
-55,81,16
81,55,16
-83,52,16
-52,83,16
83,52,16
79,-58,16
-98,2,16
-20,96,16
-76,-62,16
-62,76,16
-4,-98,16
49,85,16
-54,82,16
-57,80,16
-61,77,16
-25,95,16
77,-61,16
-21,96,16
-69,70,16
69,-70,16
-88,44,16
-44,-88,16
44,-88,16
-60,-78,16
-87,46,16
-73,-66,16
-42,-89,16
-35,-92,16
48,86,16
-26,95,16
-59,79,16
50,85,16
91,-38,16
-23,96,16
-27,95,16
-52,-84,16
-36,-92,16
-58,80,16
80,-58,16
-45,-88,16
-89,-43,16
-62,77,16
77,-62,16
-47,87,16
-90,-41,16
49,86,16
-54,-83,16
-68,72,16
-20,97,16
81,57,16
-4,-99,16
-85,51,16
-60,79,16
-25,96,16
79,-60,16
44,-89,16
-88,46,16
46,-88,16
82,-56,16
-90,-42,16
-95,29,16
29,-95,16
76,-64,16
80,-59,16
91,-40,16
-26,96,16
86,50,16
77,-63,16
30,-95,16
-62,78,16
78,-62,16
-85,52,16
-52,-85,16
-70,71,16
-27,96,16
27,-96,16
-45,-89,16
45,-89,16
-43,-90,16
43,-90,16
-88,47,16
-91,-41,16
-84,54,16
-54,84,16
-92,39,16
39,-92,16
-94,34,16
-86,51,16
-28,96,16
-20,-98,16
-100,4,16
77,-64,16
-53,85,16
-90,-44,16
-90,44,16
-6,-100,16
44,-90,16
-59,81,16
-98,21,16
-21,98,16
-100,7,16
78,-63,16
-16,-99,16
-100,9,16
-55,-84,16
9,-100,16
82,-58,16
82,58,16
-68,74,16
10,-100,16
95,33,16
-96,30,16
-90,45,16
-91,43,16
-89,47,16
-66,76,16
-23,98,16
-97,27,16
-27,97,16
-92,41,16
-65,-77,16
-19,-99,16
-93,-39,16
39,-93,16
31,-96,16
-24,98,16
78,-64,16
-95,34,16
-34,-95,16
95,34,16
-28,97,16
-37,-94,16
79,-63,16
-90,-46,16
-91,44,16
-15,-100,16
72,-71,16
73,-70,16
74,-69,16
-68,75,16
40,-93,16
-55,-85,16
29,-97,16
-58,-83,16
-16,-100,16
-67,76,16
-26,98,16
26,-98,16
-61,-81,16
-66,-77,16
-22,99,16
-17,-100,16
-96,33,16
-57,-84,16
96,33,16
-91,45,16
-90,47,16
-65,-78,16
47,-90,16
-92,43,16
-43,-92,16
23,-99,16
-27,98,16
27,-98,16
-64,79,16
-19,-100,16
72,-72,16
-73,-71,16
31,-97,16
-34,-96,16
-74,-70,16
87,53,16
-69,75,16
75,-69,16
-98,28,16
-28,-98,16
-28,98,16
-20,-100,16
76,-68,16
-90,48,16
-42,-93,16
77,-67,16
86,55,16
-25,-99,16
25,-99,16
-40,-94,16
40,-94,16
-66,-78,16
-61,-82,16
-29,-98,16
-29,98,16
26,-99,16
-54,-87,16
-64,-80,16
-64,80,16
-97,33,16
-30,-98,16
72,-73,16
-41,-94,16
41,-94,16
-89,51,16
89,51,16
-70,75,16
70,75,16
-53,-88,16
31,-98,16
24,-100,16
-92,46,16
-44,-93,16
-28,99,16
-87,-55,16
87,55,16
-98,32,16
-35,-97,16
97,35,16
-64,-81,16
73,-73,16
74,-72,16
-75,-71,16
70,76,16
-49,91,16
-43,-94,16
77,-69,16
-90,51,16
-41,-95,16
-68,-78,16
-67,-79,16
-96,39,16
-93,46,16
-55,88,16
88,55,16
-91,50,16
-28,-100,16
-42,-95,16
-74,-73,16
-73,-74,16
73,-74,16
-96,-40,16
40,-96,16
-57,87,16
-32,99,16
32,-99,16
-77,-70,16
-70,-77,16
77,-70,16
98,35,16
-100,29,16
-29,-100,16
-97,-38,16
47,-93,16
-94,-45,16
-92,-49,16
-92,49,16
-68,-79,16
-59,-86,16
88,56,16
-91,51,16
-33,-99,16
-100,30,16
-62,-84,16
30,-100,16
98,36,16
-97,39,16
39,-97,16
-46,-94,16
74,-74,16
75,-73,16
-34,-99,16
72,76,16
-44,-95,16
-92,50,16
-50,92,16
-77,-71,16
-71,-77,16
-98,37,16
-96,42,16
88,57,16
-60,-86,16
-69,79,16
-97,-40,16
-40,-97,16
-90,54,16
-100,32,16
-68,80,16
-99,35,16
-94,47,16
94,-47,16
87,-59,16
-41,-97,16
-36,-99,16
99,36,16
74,75,16
75,-74,16
77,-72,16
86,-61,16
-78,-71,16
-71,78,16
-55,90,16
78,-71,16
90,55,16
-93,-50,16
-100,34,16
-52,92,16
-87,60,16
87,-60,16
99,37,16
-68,81,16
91,54,16
-40,-98,16
-100,35,16
-95,47,16
-47,95,16
-45,-96,16
-99,38,16
99,38,16
-93,-51,16
-74,-76,16
-72,78,16
-53,-92,16
92,53,16
-100,36,16
-91,55,16
-96,-46,16
-88,60,16
88,-60,16
-97,44,16
-93,-52,16
-52,-93,16
-42,-98,16
-92,54,16
-54,92,16
-75,-76,16
75,76,16
73,78,16
-72,79,16
-47,-96,16
79,-72,16
-97,-45,16
-93,-53,16
-93,53,16
61,-88,16
88,-61,16
-69,82,16
64,-86,16
-48,96,16
89,-60,16
-97,-46,16
-50,-95,16
-87,63,16
-98,-44,16
94,52,16
-73,79,16
-100,40,16
-56,92,16
-49,96,16
-97,47,16
-47,-97,16
-70,82,16
-51,-95,16
-45,-98,16
-55,93,16
55,-93,16
-77,-76,16
-76,-77,16
-88,63,16
-48,-97,16
-74,79,16
-94,-54,16
-94,54,16
-86,66,16
66,-86,16
-62,-89,16
71,82,16
-87,65,16
-49,-97,16
-47,-98,16
96,51,16
-45,-99,16
92,-58,16
-77,-77,16
-78,76,16
-76,-78,16
-76,78,16
75,79,16
-80,74,16
-93,57,16
-97,-50,16
-87,66,16
59,-92,16
88,-65,16
-94,-56,16
97,51,16
-78,77,16
-79,76,16
-86,68,16
80,-75,16
80,75,16
-74,81,16
-82,-73,16
-73,82,16
-60,-92,16
60,-92,16
90,-63,16
-88,66,16
66,-88,16
-98,-50,16
-97,-52,16
62,-91,16
85,-70,16
93,-59,16
-96,-54,16
-86,69,16
-95,-56,16
56,-95,16
-77,-79,16
-81,-75,16
49,-99,16
-83,-73,16
88,-67,16
85,-71,16
-95,-57,16
89,-66,16
86,-70,16
-99,50,16
-62,-92,16
94,-59,16
-97,54,16
-79,78,16
78,79,16
-80,-77,16
-80,77,16
-77,-80,16
-76,81,16
-82,-75,16
-75,82,16
-74,83,16
88,-68,16
-61,-93,16
-49,-100,16
89,-67,16
-98,53,16
-90,66,16
66,-90,16
79,79,16
-77,81,16
-62,-93,16
-100,50,16
-99,-52,16
65,-91,16
-75,-83,16
98,54,16
89,-68,16
-61,-94,16
-87,71,16
-63,-93,16
-98,55,16
66,-91,16
-88,70,16
-82,77,16
97,-57,16
-76,-83,16
-76,83,16
-75,-84,16
84,-75,16
65,-92,16
59,-96,16
90,-68,16
-86,73,16
98,-56,16
64,-93,16
-61,-95,16
-87,72,16
97,-58,16
-88,71,16
-63,-94,16
-60,-96,16
92,-66,16
89,-70,16
-99,55,16
-84,76,16
-76,84,16
-85,75,16
85,-75,16
98,-57,16
90,-69,16
62,-95,16
86,-74,16
59,-97,16
91,-68,16
88,-72,16
-92,67,16
-80,81,16
-98,-58,16
-83,-78,16
-77,-84,16
-63,-95,16
63,-95,16
-90,70,16
90,-70,16
-76,85,16
-93,66,16
60,-97,16
86,75,16
-100,55,16
-87,74,16
-99,-57,16
98,-59,16
-92,68,16
92,-68,16
-89,72,16
-82,-80,16
-82,80,16
-83,-79,16
61,-97,16
-100,56,16
56,-100,16
-93,67,16
-84,78,16
-71,-90,16
99,-58,16
-76,-86,16
-70,-91,16
91,-70,16
-88,-74,16
-92,69,16
62,-97,16
-68,-93,16
-59,-99,16
-90,72,16
-83,-80,16
-83,80,16
-84,-79,16
-79,84,16
-77,-86,16
-87,-76,16
87,76,16
-100,-58,16
-58,-100,16
58,-100,16
-88,-75,16
-60,-99,16
-69,-93,16
-65,-96,16
62,-98,16
80,84,16
-91,72,16
86,78,16
-92,71,16
-71,-92,16
-61,-99,16
-93,70,16
-63,-98,16
-94,69,16
-60,-100,16
-73,-91,16
-85,-80,16
80,85,16
-86,-79,16
-86,79,16
99,-62,16
-95,68,16
-68,-95,16
68,-95,16
87,78,16
-88,-77,16
-71,-93,16
-64,-98,16
-67,-96,16
-61,-100,16
-75,-90,16
90,-75,16
90,75,16
-74,91,16
63,-99,16
83,-83,16
-92,73,16
-73,-92,16
-86,-80,16
-79,-87,16
-78,88,16
-72,-93,16
-68,-96,16
68,-96,16
89,77,16
-76,90,16
90,76,16
-71,-94,16
-67,-97,16
91,-75,16
70,-95,16
-74,-92,16
-80,-87,16
-80,87,16
-88,79,16
-79,88,16
88,79,16
-77,-90,16
68,-97,16
-76,-91,16
-75,-92,16
92,-75,16
83,-85,16
85,-83,16
-74,93,16
-81,-87,16
89,79,16
-90,78,16
-78,-90,16
90,78,16
-95,72,16
91,77,16
-76,-92,16
-75,-93,16
-75,93,16
-87,-82,16
-74,94,16
89,80,16
-90,79,16
-79,-90,16
-91,78,16
-92,77,16
-77,-92,16
-77,92,16
-68,-99,16
-94,75,16
90,80,16
-70,-98,16
-79,-91,16
-78,92,16
-69,-99,16
-77,-93,16
-88,-83,16
91,-80,16
-78,93,16
-73,97,16
-69,-100,16
95,76,16
-78,94,16
87,-86,16
-88,-85,16
-85,-88,16
-80,-93,16
93,80,16
-73,99,16
-88,-86,16
96,77,16
-89,-85,16
-90,-84,16
94,-80,16
-99,74,16
-88,-87,16
-87,-88,16
-89,-86,16
-90,-85,16
90,-85,16
-100,73,16
-79,96,16
-89,-87,16
87,-89,16
89,-87,16
-97,78,16
86,-90,16
95,81,16
97,79,16
88,-89,16
-90,-87,16
87,-90,16
91,-86,16
-98,78,16
92,-85,16
94,-83,16
95,82,16
96,-81,16
87,-91,16
-85,93,16
-84,94,16
94,-84,16
-83,-95,16
-89,-90,16
87,-92,16
94,-85,16
95,84,16
-83,96,16
90,-90,16
89,-91,16
88,-92,16
92,-88,16
95,-85,16
96,-84,16
90,-91,16
88,-93,16
93,-88,16
87,-94,16
-86,95,16
95,-86,16
-85,96,16
96,-85,16
96,85,16
-84,97,16
-83,98,16
98,-83,16
90,-92,16
87,-95,16
96,-86,16
97,85,16
98,-84,16
88,-95,16
96,-87,16
97,86,16
93,-91,16
90,-94,16
89,-95,16
95,-89,16
-87,97,16
98,-86,16
90,-95,16
-94,-92,16
95,-91,16
97,-89,16
88,-98,16
99,-87,16
87,-100,16
94,-94,16
89,-99,16
89,-100,16
-96,-94,16
98,-92,16
-99,-92,16
95,-97,16
-100,-92,16
-99,-95,16
99,-95,16
-98,-97,16
98,-97,16
98,-98,16
-97,-99,16
-98,-99,16
-99,-99,16
-100,-98,16
1,0,15
-2,-2,15
3,0,15
-3,-1,15
4,0,15
-3,-4,15
-2,-5,15
5,2,15
-4,-4,15
0,-6,15
6,0,15
-1,-6,15
6,1,15
-5,-5,15
-4,-6,15
-7,-4,15
-4,-7,15
8,1,15
1,-9,15
7,6,15
9,2,15
0,-10,15
-3,-11,15
1,-12,15
12,2,15
-3,-12,15
2,-14,15
3,-14,15
14,3,15
13,7,15
-1,-15,15
15,2,15
15,3,15
14,7,15
-15,5,15
15,5,15
6,-15,15
15,6,15
-16,-3,15
-3,-16,15
-4,-16,15
-15,7,15
-1,-17,15
16,6,15
-3,-17,15
17,5,15
16,8,15
-17,6,15
-1,-18,15
17,6,15
-2,-18,15
7,-17,15
16,10,15
-1,-19,15
-2,-19,15
2,-19,15
3,-19,15
17,9,15
7,-18,15
19,4,15
-8,18,15
19,6,15
20,4,15
-8,19,15
-5,20,15
19,8,15
0,-21,15
3,-21,15
21,4,15
-20,8,15
-8,20,15
-5,21,15
21,5,15
2,-22,15
-10,20,15
4,-22,15
22,5,15
-6,22,15
6,-22,15
22,6,15
23,0,15
7,-22,15
3,-23,15
10,-21,15
-23,-6,15
2,-24,15
-10,22,15
3,-24,15
24,4,15
5,-24,15
-11,22,15
-21,-13,15
24,-7,15
25,0,15
4,-25,15
25,4,15
-23,-11,15
-11,23,15
-20,-16,15
-24,-9,15
24,-9,15
6,25,15
2,26,15
26,3,15
-25,-8,15
8,25,15
25,-8,15
26,4,15
-24,-11,15
-21,-16,15
24,-11,15
24,11,15
-23,-13,15
26,-5,15
9,25,15
-22,-15,15
-24,-12,15
-12,24,15
24,12,15
-25,-10,15
-23,-14,15
10,25,15
25,-10,15
27,3,15
-22,-16,15
27,-4,15
11,25,15
-21,-18,15
-12,25,15
10,26,15
-7,27,15
-20,-20,15
4,28,15
-21,-19,15
9,27,15
-23,-17,15
-20,-21,15
-22,-19,15
29,-4,15
29,4,15
14,26,15
-20,-22,15
29,-7,15
-13,27,15
15,26,15
30,1,15
-8,29,15
30,3,15
4,30,15
-14,27,15
10,29,15
-15,27,15
31,1,15
31,2,15
9,30,15
10,30,15
-15,28,15
7,31,15
24,-21,15
11,30,15
0,32,15
31,8,15
-16,28,15
5,32,15
18,27,15
22,-24,15
21,-25,15
32,7,15
4,33,15
23,-24,15
24,-23,15
5,33,15
6,33,15
33,-6,15
27,-20,15
17,29,15
11,32,15
24,-24,15
23,-25,15
25,-23,15
16,30,15
34,0,15
1,-34,15
14,31,15
2,34,15
3,-34,15
-34,4,15
5,34,15
20,28,15
10,33,15
24,-25,15
7,34,15
28,-21,15
2,-35,15
4,-35,15
-25,-25,15
-21,-29,15
18,31,15
20,30,15
-26,-25,15
3,-36,15
9,35,15
4,-36,15
-23,-28,15
29,-22,15
6,-36,15
18,32,15
27,-25,15
3,-37,15
-28,-25,15
7,-37,15
20,-32,15
8,-37,15
-26,28,15
26,28,15
-29,-25,15
24,-30,15
-20,-33,15
20,33,15
-8,-38,15
8,38,15
-29,-26,15
19,34,15
26,-29,15
-9,-38,15
-2,-39,15
-2,39,15
25,-30,15
23,-32,15
20,-34,15
-6,-39,15
-29,27,15
26,30,15
-8,-39,15
-21,-34,15
32,-24,15
-9,-39,15
9,-39,15
9,39,15
-2,40,15
-3,40,15
-27,30,15
27,30,15
-26,-31,15
-8,-40,15
21,35,15
29,29,15
23,-34,15
-31,27,15
-27,-31,15
-27,31,15
-3,41,15
18,37,15
-26,-32,15
-26,32,15
10,-40,15
22,-35,15
-25,33,15
-7,-41,15
24,-34,15
30,-29,15
-23,-35,15
23,-35,15
-26,-33,15
20,-37,15
-22,-36,15
-4,42,15
22,36,15
25,34,15
-24,-35,15
31,29,15
-7,-42,15
-33,27,15
-23,-36,15
-26,34,15
26,-34,15
20,-38,15
-25,35,15
-3,-43,15
10,-42,15
-4,-43,15
-4,43,15
24,36,15
-28,33,15
19,39,15
-27,34,15
6,-43,15
11,-42,15
27,-34,15
-23,-37,15
-7,-43,15
-26,-35,15
-26,35,15
26,35,15
18,-40,15
-33,29,15
-29,33,15
9,-43,15
-1,44,15
-34,28,15
28,-34,15
-3,44,15
-4,-44,15
27,-35,15
5,-44,15
21,-39,15
11,-43,15
17,-41,15
-26,36,15
23,-38,15
25,37,15
29,-34,15
34,-29,15
8,-44,15
22,-39,15
22,39,15
-28,35,15
28,35,15
9,-44,15
45,-3,15
-37,26,15
-26,-37,15
23,-39,15
31,33,15
30,-34,15
29,35,15
-7,45,15
-24,-39,15
27,37,15
-26,-38,15
26,38,15
30,-35,15
25,-39,15
6,-46,15
-46,7,15
-22,-41,15
-7,-46,15
18,-43,15
-34,32,15
8,-46,15
46,8,15
-35,31,15
-31,35,15
31,35,15
-39,26,15
46,9,15
10,-46,15
-47,4,15
11,-46,15
-34,33,15
-35,32,15
-32,35,15
-39,27,15
-27,-39,15
-31,36,15
31,36,15
41,-24,15
18,-44,15
-40,26,15
-38,29,15
47,9,15
-39,28,15
47,10,15
-34,34,15
-35,-33,15
-33,35,15
-32,36,15
-31,-37,15
11,-47,15
47,11,15
30,38,15
18,-45,15
-7,48,15
7,-48,15
47,12,15
-39,29,15
-29,-39,15
39,-29,15
-8,-48,15
8,-48,15
23,-43,15
-40,28,15
-36,33,15
-37,-32,15
10,-48,15
-47,-14,15
-38,-31,15
38,-31,15
-39,-30,15
-30,-39,15
-5,-49,15
-6,-49,15
26,-42,15
-40,29,15
-29,-40,15
-7,-49,15
-34,-36,15
-34,36,15
-41,28,15
-8,-49,15
-38,-32,15
-32,-38,15
-46,-19,15
19,-46,15
-39,-31,15
9,-49,15
40,-30,15
49,10,15
22,-45,15
-20,-46,15
-36,-35,15
11,-49,15
49,11,15
-34,37,15
-5,-50,15
33,38,15
39,-32,15
31,-40,15
-8,-50,15
-27,-43,15
30,-41,15
50,9,15
10,50,15
22,-46,15
-29,-42,15
-39,-33,15
-26,-44,15
-40,-32,15
-32,-40,15
40,-32,15
18,-48,15
-28,-43,15
51,6,15
42,-30,15
-37,-36,15
-27,-44,15
19,-48,15
-49,-17,15
-47,-22,15
-50,-14,15
-26,-45,15
10,51,15
51,10,15
-52,0,15
20,-48,15
3,52,15
-28,-44,15
4,52,15
51,11,15
-49,-18,15
-31,-42,15
21,-48,15
51,13,15
29,-44,15
-9,-52,15
9,52,15
24,-47,15
-50,-17,15
10,52,15
52,10,15
-53,0,15
-28,-45,15
-31,-43,15
53,1,15
-53,-2,15
-53,2,15
36,-39,15
53,-3,15
-35,40,15
11,52,15
-30,-44,15
52,12,15
8,53,15
43,-32,15
-38,-38,15
-9,-53,15
9,53,15
-40,-36,15
40,-36,15
52,14,15
54,0,15
-54,-2,15
30,-45,15
52,15,15
11,53,15
-54,5,15
-5,-54,15
6,-54,15
36,-41,15
-8,-54,15
22,50,15
-45,-31,15
-52,-17,15
9,-54,15
10,-54,15
55,1,15
-55,-2,15
11,54,15
32,-45,15
-55,5,15
-29,-47,15
36,-42,15
-50,-24,15
-31,-46,15
-8,-55,15
-9,-55,15
33,-45,15
-50,-25,15
37,-42,15
56,0,15
-56,-2,15
-56,2,15
46,-32,15
-48,29,15
56,-3,15
11,-55,15
11,55,15
12,55,15
-56,6,15
56,-6,15
24,51,15
34,-45,15
22,52,15
56,-8,15
48,-30,15
33,-46,15
37,-43,15
10,-56,15
57,0,15
35,-45,15
11,56,15
-57,-3,15
31,-48,15
57,-4,15
34,-46,15
-57,5,15
-12,-56,15
12,56,15
57,7,15
13,56,15
37,-44,15
25,52,15
-50,29,15
-57,10,15
58,0,15
11,57,15
3,-58,15
12,57,15
-58,6,15
-58,7,15
20,-55,15
-48,-34,15
-58,10,15
-15,-57,15
0,-59,15
-1,-59,15
-2,-59,15
28,52,15
24,54,15
-59,4,15
4,-59,15
59,-4,15
12,-58,15
59,-6,15
-50,-32,15
-13,-58,15
20,-56,15
25,54,15
23,-55,15
-49,-34,15
-58,14,15
14,58,15
31,51,15
51,-31,15
59,-9,15
-37,47,15
-50,-33,15
-15,-58,15
28,53,15
-59,11,15
30,52,15
4,-60,15
60,-4,15
-51,-32,15
60,-5,15
13,-59,15
25,55,15
29,53,15
59,-13,15
17,58,15
23,-56,15
-59,14,15
59,-14,15
-60,10,15
26,55,15
-59,15,15
-41,45,15
-15,-59,15
-40,46,15
-61,0,15
-60,11,15
0,-61,15
-61,-1,15
-1,-61,15
1,-61,15
-58,19,15
2,-61,15
32,52,15
-16,-59,15
-60,12,15
-12,-60,15
-51,-34,15
25,56,15
-60,13,15
-61,7,15
-61,8,15
-42,45,15
33,52,15
-36,50,15
60,-14,15
61,-9,15
-61,11,15
-19,-59,15
-49,-38,15
-58,22,15
-62,-4,15
-52,-34,15
-4,-62,15
4,-62,15
34,52,15
29,55,15
-37,50,15
-54,-31,15
-62,6,15
-20,-59,15
-60,17,15
58,-23,15
62,-7,15
-39,49,15
-60,18,15
-55,-30,15
-52,-35,15
35,52,15
-19,-60,15
19,-60,15
-43,46,15
-51,37,15
-2,-63,15
2,-63,15
29,-56,15
63,-3,15
-63,4,15
-55,-31,15
-20,-60,15
-20,60,15
-49,-40,15
33,54,15
-61,17,15
-59,23,15
-63,7,15
-63,8,15
-21,-60,15
-63,9,15
59,-24,15
-43,47,15
-63,10,15
63,-10,15
-37,-52,15
37,52,15
60,-22,15
27,58,15
0,-64,15
64,1,15
2,-64,15
36,53,15
64,-3,15
39,51,15
-23,60,15
-64,6,15
-62,-17,15
64,-7,15
-52,38,15
28,58,15
-56,-32,15
61,-21,15
-42,49,15
18,-62,15
34,-55,15
63,15,15
40,51,15
31,57,15
-52,39,15
60,-25,15
-1,65,15
-46,46,15
-3,65,15
-23,61,15
65,-6,15
-50,-42,15
-37,-54,15
-21,62,15
62,-21,15
65,-8,15
-24,61,15
-52,-40,15
40,52,15
-65,9,15
-55,36,15
36,-55,15
-46,47,15
-22,62,15
-45,48,15
-53,39,15
-49,44,15
61,-25,15
-54,38,15
38,54,15
-56,-35,15
65,-12,15
-4,66,15
-5,-66,15
-52,-41,15
-17,64,15
41,52,15
-37,-55,15
-26,61,15
-46,48,15
-18,64,15
-49,45,15
-45,49,15
-50,-44,15
-50,44,15
-9,66,15
66,-10,15
42,52,15
-55,-38,15
-25,62,15
-66,11,15
66,-11,15
-16,65,15
67,0,15
-67,1,15
-53,-41,15
-23,63,15
-17,65,15
-49,46,15
-58,34,15
-26,62,15
-7,67,15
-24,63,15
36,-57,15
39,55,15
-65,-18,15
18,-65,15
-14,66,15
-8,-67,15
-59,33,15
-53,-42,15
27,-62,15
-22,64,15
-19,65,15
-58,-35,15
67,-10,15
-49,47,15
-68,1,15
-23,-64,15
-23,64,15
45,51,15
-68,2,15
-68,3,15
-68,4,15
-4,-68,15
-53,-43,15
36,-58,15
-24,64,15
68,-7,15
-66,-18,15
-54,-42,15
-14,67,15
-8,68,15
68,-8,15
-68,9,15
-49,48,15
-9,-68,15
68,-9,15
68,9,15
-59,35,15
-22,65,15
68,-10,15
68,10,15
45,52,15
-58,37,15
37,-58,15
40,-56,15
-67,-16,15
-54,-43,15
-68,12,15
-69,3,15
-26,64,15
-69,4,15
-17,-67,15
17,-67,15
-50,48,15
-58,38,15
41,-56,15
-52,46,15
-46,-52,15
64,27,15
69,8,15
-69,9,15
-15,-68,15
-59,-37,15
-19,-67,15
-19,67,15
37,-59,15
-16,-68,15
-11,-69,15
-11,69,15
-58,-39,15
-23,66,15
-20,67,15
-60,36,15
0,-70,15
42,-56,15
-70,1,15
-50,49,15
-1,-70,15
49,50,15
65,26,15
2,-70,15
-51,48,15
-47,-52,15
-47,52,15
47,52,15
-53,-46,15
-46,-53,15
-46,53,15
38,-59,15
46,53,15
-21,-67,15
41,-57,15
-54,45,15
45,54,15
-70,8,15
-60,-37,15
-60,37,15
70,9,15
-56,43,15
-69,-15,15
15,-69,15
-59,39,15
39,-59,15
-52,48,15
-16,-69,15
-20,68,15
66,26,15
-1,-71,15
-70,12,15
-60,38,15
-12,70,15
-58,41,15
-55,45,15
-3,71,15
64,31,15
71,-4,15
6,-71,15
71,-6,15
-59,40,15
-61,37,15
-7,-71,15
-57,43,15
-51,50,15
-52,49,15
-22,-68,15
-22,68,15
-53,48,15
-25,67,15
-60,-39,15
-19,69,15
71,9,15
66,28,15
-71,10,15
46,55,15
-70,-16,15
-16,70,15
16,-70,15
-59,-41,15
-11,71,15
44,-57,15
65,31,15
-2,72,15
-17,70,15
-60,40,15
-24,68,15
-21,69,15
72,-5,15
-53,-49,15
-53,49,15
72,-6,15
-18,70,15
-55,47,15
71,14,15
-59,-42,15
-64,34,15
46,56,15
-19,70,15
-60,-41,15
-60,41,15
41,-60,15
-23,-69,15
-23,69,15
-16,71,15
16,-71,15
-58,44,15
-26,68,15
-11,72,15
51,52,15
-53,-50,15
-53,50,15
33,-65,15
65,33,15
31,-66,15
-64,35,15
-12,72,15
0,-73,15
48,55,15
-59,43,15
43,-59,15
69,-24,15
-5,73,15
-60,42,15
73,-6,15
34,-65,15
-25,-69,15
69,-25,15
-58,45,15
-61,41,15
-19,71,15
-15,-72,15
-59,-44,15
-23,-70,15
23,-70,15
-69,26,15
-65,35,15
31,-67,15
35,-65,15
67,31,15
-57,-47,15
-47,57,15
-64,37,15
29,-68,15
-24,-70,15
-74,2,15
-58,46,15
-2,74,15
-74,3,15
-61,42,15
39,-63,15
-4,-74,15
-4,74,15
-74,-6,15
-6,-74,15
34,-66,15
74,-6,15
-53,-52,15
-65,36,15
30,-68,15
-14,73,15
14,-73,15
41,-62,15
50,55,15
70,-25,15
71,-22,15
73,14,15
44,-60,15
-49,56,15
74,-8,15
-28,69,15
-57,-48,15
-15,73,15
40,-63,15
-23,71,15
-58,-47,15
-47,58,15
-70,26,15
68,31,15
-65,37,15
-59,-46,15
-59,46,15
-29,69,15
17,-73,15
-54,-52,15
0,75,15
72,-21,15
-1,-75,15
-1,75,15
1,75,15
-70,27,15
-27,-70,15
-3,75,15
-4,75,15
-75,5,15
-5,75,15
5,75,15
69,-30,15
75,-6,15
71,-25,15
-65,38,15
38,-65,15
-14,-74,15
14,-74,15
-70,28,15
-28,-70,15
-28,70,15
75,-8,15
43,-62,15
-64,40,15
-15,-74,15
46,-60,15
37,-66,15
-55,52,15
16,-74,15
42,-63,15
51,56,15
-65,39,15
45,-61,15
50,57,15
-24,-72,15
17,-74,15
49,58,15
-27,-71,15
21,-73,15
73,-21,15
2,76,15
3,76,15
13,-75,15
-66,38,15
38,-66,15
-76,-6,15
76,-6,15
-22,73,15
22,-73,15
73,-22,15
14,-75,15
-76,-7,15
-65,40,15
-28,71,15
-54,-54,15
19,-74,15
76,-8,15
-9,76,15
42,-64,15
-71,29,15
24,-73,15
41,-65,15
-27,-72,15
74,-21,15
36,-68,15
0,77,15
-61,47,15
1,77,15
-54,55,15
-77,-5,15
40,-66,15
-77,6,15
51,58,15
-72,28,15
19,-75,15
77,-8,15
45,-63,15
-73,26,15
-61,-48,15
75,-20,15
-10,77,15
-64,44,15
76,-16,15
-73,27,15
75,-21,15
-68,38,15
38,-68,15
0,78,15
3,78,15
-78,4,15
22,-75,15
75,-22,15
-78,7,15
76,-19,15
-72,31,15
39,-68,15
-78,8,15
-62,-48,15
78,-8,15
23,-75,15
-54,57,15
53,-58,15
-10,78,15
-24,75,15
-74,27,15
-69,38,15
-76,21,15
-78,12,15
-62,49,15
2,-79,15
3,79,15
-79,4,15
-71,35,15
5,-79,15
-70,37,15
-57,55,15
-55,-57,15
79,-6,15
-54,58,15
73,-31,15
79,-7,15
-75,26,15
-79,8,15
-8,-79,15
-71,36,15
-62,-50,15
50,-62,15
-30,74,15
0,80,15
-1,80,15
-80,2,15
2,-80,15
78,-18,15
-80,3,15
-72,35,15
-60,53,15
80,-3,15
-80,4,15
4,-80,15
5,-80,15
65,-47,15
-74,31,15
-31,74,15
-14,79,15
79,14,15
-80,7,15
-7,-80,15
-75,29,15
15,-79,15
-63,50,15
-72,36,15
-80,9,15
-73,34,15
-57,-57,15
-74,32,15
74,-32,15
-77,24,15
-76,27,15
-27,76,15
-59,55,15
-55,59,15
59,55,15
-30,75,15
-65,-48,15
-61,53,15
-12,80,15
72,-37,15
-25,77,15
0,81,15
-81,1,15
-81,2,15
-66,-47,15
-33,74,15
2,-81,15
-13,80,15
13,-80,15
-81,3,15
81,-4,15
-31,75,15
-5,-81,15
80,14,15
-6,-81,15
-67,-46,15
-7,81,15
-57,-58,15
58,-57,15
58,57,15
59,56,15
-73,36,15
55,-60,15
-61,54,15
61,54,15
-71,40,15
-9,81,15
75,-32,15
-16,80,15
-63,52,15
-21,79,15
-11,-81,15
-11,81,15
-67,-47,15
-74,35,15
-72,39,15
-12,81,15
75,-33,15
-58,-58,15
58,-58,15
-60,56,15
-68,-46,15
-61,55,15
-5,-82,15
-14,81,15
-6,-82,15
82,-6,15
-7,-82,15
82,-7,15
-34,75,15
81,15,15
-82,8,15
-8,82,15
-48,-67,15
-32,76,15
82,9,15
-78,27,15
-30,77,15
74,-37,15
-60,57,15
75,-35,15
-33,76,15
41,-72,15
-25,79,15
-78,28,15
-28,78,15
82,-12,15
-62,55,15
63,54,15
81,-18,15
-77,31,15
-13,82,15
83,-3,15
74,-38,15
82,-14,15
36,75,15
75,-36,15
-29,78,15
83,-6,15
-68,-48,15
-76,34,15
77,-32,15
59,-59,15
-60,58,15
60,58,15
-61,57,15
61,-57,15
83,-9,15
62,56,15
-30,78,15
78,-30,15
-50,-67,15
-75,37,15
-55,-63,15
63,55,15
-76,35,15
-11,83,15
83,-11,15
-77,33,15
-28,79,15
-25,80,15
-12,83,15
-81,22,15
-78,31,15
78,-31,15
82,-18,15
-84,0,15
84,0,15
-13,83,15
83,-13,15
83,13,15
-75,38,15
76,-36,15
-26,80,15
84,-5,15
-79,29,15
-77,34,15
-34,77,15
67,51,15
-62,57,15
-56,63,15
32,78,15
55,-64,15
-79,30,15
-30,79,15
39,75,15
-35,77,15
84,-10,15
46,-71,15
-82,21,15
21,82,15
33,78,15
78,-33,15
-17,-83,15
83,-17,15
-80,28,15
84,-12,15
84,12,15
79,-31,15
58,-62,15
62,58,15
45,-72,15
-76,38,15
77,-36,15
84,-13,15
85,0,15
2,85,15
-19,-83,15
19,83,15
-14,-84,15
84,-14,15
-7,-85,15
84,15,15
-76,39,15
-80,30,15
-30,80,15
24,82,15
80,-30,15
-49,-70,15
-35,78,15
-61,-60,15
83,-21,15
58,-63,15
-17,-84,15
85,-11,15
45,-73,15
80,-31,15
-12,-85,15
-77,38,15
-76,40,15
-18,-84,15
85,-13,15
86,0,15
-34,79,15
1,86,15
-86,2,15
-50,-70,15
70,50,15
86,2,15
19,84,15
-14,-85,15
85,-14,15
-6,-86,15
-49,-71,15
49,-71,15
-7,-86,15
86,-7,15
-77,39,15
-63,59,15
59,-63,15
-16,-85,15
-33,80,15
-10,86,15
21,84,15
70,51,15
-17,-85,15
85,-17,15
-76,42,15
44,75,15
-29,82,15
61,-62,15
-87,0,15
87,0,15
-87,1,15
69,53,15
3,87,15
87,3,15
-4,-87,15
49,-72,15
87,-4,15
-58,65,15
58,-65,15
87,-5,15
-70,-52,15
-57,66,15
57,-66,15
87,-6,15
-87,7,15
87,-7,15
86,-15,15
20,85,15
43,76,15
85,-20,15
-87,8,15
71,51,15
-87,9,15
-33,81,15
21,85,15
85,-21,15
84,-25,15
-11,-87,15
-11,87,15
61,-63,15
59,-65,15
22,85,15
85,-22,15
-12,87,15
-58,66,15
58,-66,15
-26,84,15
-13,87,15
46,75,15
88,1,15
-88,2,15
-2,-88,15
88,2,15
-88,3,15
85,-23,15
19,86,15
-88,5,15
-5,-88,15
-51,-72,15
-88,7,15
-7,-88,15
88,-7,15
-24,85,15
-88,8,15
88,-8,15
-33,82,15
-65,60,15
73,50,15
-59,66,15
86,-21,15
-10,88,15
-31,83,15
-58,67,15
58,-67,15
87,-17,15
86,-22,15
-83,32,15
-32,83,15
-89,0,15
-89,1,15
41,-79,15
86,-23,15
-5,-89,15
-27,85,15
-60,66,15
-54,-71,15
71,54,15
88,-15,15
-89,7,15
-59,67,15
83,-33,15
-8,-89,15
72,53,15
-80,40,15
-89,9,15
-9,-89,15
-9,89,15
21,87,15
-31,84,15
86,-25,15
88,-17,15
-64,-63,15
88,-18,15
-65,62,15
-26,86,15
61,-66,15
-84,32,15
-48,-76,15
-60,67,15
1,-90,15
2,-90,15
-59,68,15
-3,-90,15
-4,-90,15
-58,-69,15
-50,-75,15
-6,-90,15
-53,-73,15
-47,-77,15
88,-20,15
-15,-89,15
89,-15,15
-90,7,15
-7,-90,15
-7,90,15
80,-42,15
-56,71,15
-49,-76,15
44,-79,15
88,-21,15
-66,62,15
-84,34,15
60,-68,15
-51,-75,15
-59,69,15
-85,32,15
80,-43,15
70,58,15
89,-19,15
-74,-53,15
-2,-91,15
-3,-91,15
3,-91,15
-30,86,15
-5,91,15
-91,6,15
-6,91,15
-24,88,15
72,56,15
90,-15,15
-49,77,15
91,-7,15
-61,68,15
-8,-91,15
91,-9,15
-51,-76,15
76,51,15
59,-70,15
-22,89,15
71,58,15
-29,87,15
-32,86,15
86,-32,15
-12,-91,15
-66,-64,15
-66,64,15
-63,67,15
87,-30,15
-3,-92,15
-3,92,15
-4,92,15
-49,-78,15
-5,92,15
-55,-74,15
-28,88,15
77,51,15
73,57,15
-66,-65,15
-66,65,15
65,-66,15
78,50,15
-64,67,15
86,-35,15
-23,-90,15
-52,77,15
88,-30,15
-93,-1,15
-93,-2,15
-93,-3,15
-3,93,15
87,-33,15
-15,-92,15
-31,-88,15
-67,-65,15
-68,-64,15
-64,68,15
64,-68,15
-93,9,15
-69,-63,15
93,-9,15
-53,77,15
93,-10,15
-29,89,15
91,-22,15
-32,-88,15
-11,-93,15
-72,-60,15
-52,-78,15
-49,-80,15
83,-44,15
-54,77,15
66,-67,15
67,-66,15
-65,68,15
-69,-64,15
-64,69,15
-5,-94,15
-5,94,15
92,-20,15
48,-81,15
-63,70,15
-6,-94,15
-94,7,15
-62,71,15
71,-62,15
72,-61,15
-39,86,15
-73,-60,15
-60,73,15
-17,-93,15
89,-32,15
92,-22,15
-11,-94,15
88,-35,15
-94,12,15
-12,-94,15
66,-68,15
68,-66,15
-65,69,15
65,-69,15
84,-44,15
92,-23,15
89,-33,15
72,-62,15
-95,-2,15
88,-36,15
-4,95,15
95,-4,15
-53,-79,15
-5,95,15
81,50,15
85,-43,15
41,-86,15
93,-21,15
-52,-80,15
-59,75,15
68,-67,15
-66,69,15
66,-69,15
-32,-90,15
-65,70,15
-95,11,15
-11,-95,15
86,-42,15
48,83,15
-74,-61,15
-19,-94,15
-96,-1,15
89,-36,15
-24,93,15
-3,-96,15
93,-24,15
-31,91,15
43,-86,15
86,-43,15
68,-68,15
67,-69,15
-34,-90,15
-65,71,15
94,-21,15
49,83,15
-96,9,15
-17,-95,15
-54,80,15
-62,74,15
94,-22,15
-51,82,15
-26,93,15
-42,-87,15
-75,-61,15
-84,48,15
-23,94,15
-56,79,15
-50,83,15
-59,77,15
94,-24,15
-97,2,15
-31,92,15
-93,28,15
-47,85,15
-34,-91,15
49,84,15
7,-97,15
-25,94,15
-75,-62,15
-62,75,15
90,-37,15
-32,92,15
-97,9,15
-93,29,15
-17,-96,15
44,-87,15
-42,-88,15
-26,94,15
69,-69,15
68,-70,15
48,-85,15
-56,80,15
80,-56,15
-66,72,15
90,-38,15
-93,30,15
-65,73,15
95,-23,15
-50,84,15
50,84,15
-59,78,15
43,-88,15
-47,86,15
47,-86,15
-6,-98,15
80,-57,15
-91,37,15
-51,-84,15
-51,84,15
-70,-69,15
-67,72,15
-94,29,15
-60,78,15
-89,-42,15
42,-89,15
-53,-83,15
-53,83,15
48,-86,15
-98,10,15
-91,38,15
85,50,15
76,-63,15
-52,84,15
-88,45,15
-43,-89,15
89,-43,15
-24,96,15
-94,31,15
-91,-39,15
-91,39,15
-69,71,15
91,-39,15
-28,95,15
-3,-99,15
-99,7,15
-89,-44,15
-16,-98,15
-84,53,15
-53,-84,15
-53,84,15
8,-99,15
-99,9,15
9,-99,15
-95,30,15
81,-58,15
-18,-98,15
-72,-69,15
-36,-93,15
-89,45,15
-90,-43,15
90,-43,15
-73,-68,15
-68,73,15
-47,88,15
-67,74,15
-92,-39,15
-24,97,15
-3,-100,15
-53,-85,15
-100,6,15
-89,46,15
-48,88,15
-95,32,15
-96,29,15
29,-96,15
-35,-94,15
-100,8,15
-92,40,15
-8,-100,15
-71,-71,15
71,-71,15
-72,-70,15
-26,97,15
38,-93,15
-10,-100,15
-90,-45,15
-18,-99,15
-54,-85,15
-13,-100,15
-51,87,15
-39,-93,15
-97,28,15
28,-97,15
-20,-99,15
-91,-44,15
-72,-71,15
-71,-72,15
-71,72,15
-48,89,15
-92,42,15
-25,98,15
-74,-69,15
-69,74,15
-96,32,15
-35,-95,15
-29,-97,15
-87,52,15
-52,-87,15
-52,87,15
78,-65,15
-54,-86,15
-95,-36,15
-89,49,15
-98,27,15
-64,-79,15
-39,-94,15
-72,-72,15
-71,73,15
96,34,15
-70,74,15
-53,-87,15
69,75,15
-91,-46,15
-92,-44,15
-68,76,15
-62,-81,15
-67,-77,15
-94,40,15
-96,35,15
-88,52,15
-65,-79,15
-92,45,15
-90,49,15
30,-98,15
-73,-72,15
73,-72,15
-75,-70,15
-69,-76,15
-69,76,15
76,-69,15
-95,39,15
-68,-77,15
-98,31,15
-91,48,15
-55,87,15
-90,50,15
-42,-94,15
-95,-40,15
-99,29,15
-73,-73,15
-96,-38,15
-93,-45,15
-76,-70,15
-91,49,15
-69,-77,15
30,-99,15
-36,-97,15
87,56,15
-89,53,15
-96,-39,15
-99,31,15
-93,-46,15
-92,48,15
-88,-55,15
-94,-44,15
-97,37,15
-50,91,15
28,-100,15
-96,40,15
-40,-96,15
87,57,15
-98,35,15
29,-100,15
-97,38,15
-63,-83,15
-88,-56,15
-67,80,15
-99,33,15
-96,-41,15
-41,-96,15
-98,36,15
-36,-98,15
-39,-97,15
89,55,15
-99,34,15
-100,31,15
-95,-44,15
31,-100,15
-37,-98,15
-78,-70,15
-70,78,15
-91,52,15
-64,-83,15
-35,-99,15
99,35,15
-47,-94,15
-98,38,15
-49,93,15
-100,33,15
-91,53,15
-53,91,15
76,-73,15
-72,-77,15
-61,-86,15
-98,39,15
-90,55,15
-71,-78,15
-48,-94,15
-95,-46,15
-95,46,15
-50,93,15
-64,-84,15
-34,-100,15
-92,52,15
-60,-87,15
-37,-99,15
-97,-42,15
-42,-97,15
-35,-100,15
-47,-95,15
-49,94,15
-62,-86,15
86,-62,15
-96,-45,15
-51,-93,15
-73,-77,15
-43,-97,15
73,77,15
-72,-78,15
-98,-41,15
-87,61,15
87,-61,15
-70,80,15
-48,95,15
-44,-97,15
52,-93,15
-100,37,15
-74,-77,15
74,77,15
62,-87,15
87,-62,15
-49,95,15
-97,45,15
-94,-51,15
-100,38,15
-38,-100,15
-43,-98,15
-88,61,15
-41,-99,15
-48,-96,15
-100,39,15
-39,-100,15
-46,-97,15
-63,-87,15
63,-87,15
-44,-98,15
-75,-77,15
-93,54,15
-42,-99,15
93,54,15
79,-73,15
-62,-88,15
88,-62,15
-92,56,15
-49,-96,15
-95,-51,15
95,51,15
-94,-53,15
75,78,15
-50,-96,15
56,-93,15
65,-87,15
-61,-90,15
76,78,15
-74,80,15
60,-91,15
91,-60,15
-86,67,15
-63,-89,15
89,-63,15
-96,-52,15
-44,-100,15
-95,-54,15
-95,54,15
-62,-90,15
62,-90,15
92,-59,15
65,-88,15
56,-94,15
61,-91,15
91,-61,15
-98,-49,15
76,79,15
-45,-100,15
-55,-95,15
-72,83,15
-94,57,15
84,-71,15
48,-99,15
96,54,15
-79,77,15
-77,79,15
-76,-80,15
80,76,15
61,-92,15
-75,81,15
64,-90,15
-82,-74,15
-74,82,15
-99,-49,15
-99,49,15
-73,83,15
-96,-55,15
48,-100,15
62,-92,15
65,-90,15
90,-65,15
-77,80,15
-87,69,15
87,-69,15
-75,-82,15
-74,-83,15
61,-93,15
95,-58,15
49,-100,15
98,53,15
97,55,15
-86,71,15
90,-66,15
-81,77,15
-76,-82,15
50,-100,15
-99,52,15
-98,-54,15
-98,54,15
97,56,15
-85,-73,15
85,-73,15
61,-94,15
-51,-100,15
-99,53,15
-98,-55,15
-85,74,15
-100,52,15
86,-73,15
91,-67,15
-80,80,15
80,-80,15
-100,-53,15
-99,-55,15
99,55,15
-75,-85,15
-86,74,15
65,-93,15
87,-73,15
-100,-54,15
-100,54,15
-88,72,15
-64,-94,15
-61,-96,15
99,56,15
92,-67,15
89,-71,15
-79,82,15
98,-58,15
-83,78,15
-78,83,15
-84,77,15
-70,-90,15
-76,-85,15
-86,-75,15
-86,75,15
-75,-86,15
86,-75,15
-100,-55,15
-62,-96,15
62,-96,15
88,-73,15
89,-72,15
82,-80,15
-79,83,15
-100,-56,15
90,-71,15
-85,77,15
-77,85,15
-99,-58,15
-87,75,15
-75,-87,15
87,75,15
92,-69,15
-100,-57,15
99,-59,15
-80,83,15
-91,71,15
-71,-91,15
91,-71,15
-67,-94,15
-76,-87,15
88,75,15
-66,-95,15
89,-74,15
60,-99,15
-73,-90,15
-72,-91,15
-85,-79,15
79,85,15
-86,-78,15
-86,78,15
-100,-59,15
-59,-100,15
-87,-77,15
88,76,15
-89,-75,15
-75,-89,15
89,-75,15
89,75,15
-70,-93,15
-74,-90,15
-84,-81,15
-79,-86,15
-87,-78,15
-77,-88,15
-76,-89,15
89,76,15
-70,-94,15
-74,-91,15
-66,-97,15
-83,-83,15
-82,-84,15
-87,79,15
-77,-89,15
-77,89,15
64,-99,15
92,-74,15
-84,-83,15
-83,-84,15
-81,-86,15
-63,-100,15
-69,-96,15
-93,73,15
-79,-88,15
-89,78,15
-78,-89,15
-94,72,15
-77,90,15
-68,-97,15
-75,92,15
-67,-98,15
-84,-84,15
82,86,15
-80,-88,15
-77,91,15
-76,92,15
-71,-96,15
-93,75,15
93,-75,15
-84,-85,15
85,-84,15
-86,-83,15
-83,-86,15
86,-83,15
-70,-97,15
-94,74,15
-95,73,15
-73,95,15
-76,-93,15
-76,93,15
-85,-85,15
-71,-97,15
-86,-84,15
-84,-86,15
86,-84,15
-87,-83,15
-83,-87,15
90,-80,15
-74,95,15
-73,-96,15
-77,93,15
-86,-85,15
86,-85,15
-84,-87,15
95,75,15
-78,-93,15
-87,-85,15
96,-75,15
96,75,15
-73,98,15
98,-73,15
-87,-86,15
88,-85,15
-89,-84,15
96,76,15
92,-81,15
97,75,15
-78,95,15
-86,-88,15
88,-86,15
89,-85,15
97,76,15
93,-81,15
98,-75,15
98,75,15
-74,99,15
99,-74,15
96,78,15
88,-87,15
91,-84,15
95,-80,15
99,-75,15
99,75,15
88,-88,15
97,78,15
-90,-86,15
92,-84,15
-98,77,15
93,-83,15
95,-81,15
96,80,15
90,-87,15
98,78,15
93,-84,15
96,81,15
-80,97,15
88,-90,15
90,-88,15
-99,78,15
-100,77,15
-81,97,15
97,81,15
90,-89,15
91,-88,15
-99,79,15
-100,78,15
91,-89,15
87,-93,15
94,-86,15
-85,-95,15
97,-83,15
98,-82,15
91,-90,15
92,-89,15
94,-87,15
86,-95,15
-85,-96,15
89,-93,15
88,-94,15
94,-88,15
97,-85,15
99,-83,15
87,-96,15
97,-86,15
-84,99,15
-85,99,15
99,-85,15
93,-92,15
97,-88,15
-87,98,15
-87,99,15
95,-92,15
97,-90,15
-95,-93,15
-96,-92,15
-97,-92,15
-96,-95,15
99,-92,15
-98,-94,15
-97,-96,15
99,-94,15
-100,-93,15
-97,-97,15
98,-96,15
-97,98,15
-98,-98,15
99,-98,15
-100,97,15
-100,-100,15
2,0,14
-1,-2,14
-3,0,14
0,-3,14
1,-3,14
0,-4,14
-2,-4,14
-5,-4,14
-4,-5,14
-3,-6,14
0,-9,14
-2,-9,14
-1,-10,14
10,2,14
1,-13,14
-3,-13,14
13,4,14
-1,-14,14
1,-14,14
-2,-14,14
-3,-14,14
1,-15,14
-2,-15,14
2,-15,14
3,-15,14
4,-15,14
-2,-16,14
-15,6,14
4,-16,14
15,7,14
16,5,14
15,8,14
-16,7,14
16,7,14
17,4,14
-16,8,14
-17,7,14
17,7,14
4,-18,14
18,4,14
5,-18,14
18,5,14
17,8,14
6,-18,14
18,6,14
19,5,14
3,-20,14
7,-19,14
19,7,14
20,5,14
-1,-21,14
1,-21,14
2,-21,14
21,2,14
20,7,14
21,3,14
-4,21,14
4,-21,14
-6,21,14
21,6,14
22,0,14
22,2,14
-7,21,14
3,-22,14
21,8,14
-9,21,14
-22,-7,14
-7,22,14
2,-23,14
-10,21,14
-20,-12,14
-8,22,14
23,5,14
-21,-11,14
-6,23,14
6,-23,14
-20,-13,14
24,2,14
4,-24,14
-22,-11,14
-23,-9,14
-19,-16,14
-24,-7,14
-22,-12,14
25,2,14
-22,-13,14
-21,-15,14
-24,-10,14
-22,-14,14
-20,-17,14
-6,26,14
7,26,14
27,2,14
-8,26,14
8,26,14
27,-5,14
12,25,14
-10,26,14
7,27,14
-27,-8,14
-8,27,14
28,3,14
13,25,14
11,26,14
28,-5,14
12,26,14
-10,27,14
10,27,14
29,2,14
8,28,14
-11,27,14
11,27,14
5,29,14
29,5,14
13,27,14
30,2,14
11,28,14
30,-3,14
9,29,14
5,30,14
0,31,14
31,0,14
11,29,14
8,30,14
3,31,14
31,-3,14
4,31,14
1,32,14
2,32,14
3,32,14
14,29,14
4,32,14
9,31,14
6,32,14
10,31,14
11,31,14
1,33,14
2,33,14
12,31,14
22,-25,14
33,-5,14
10,32,14
15,30,14
19,28,14
6,34,14
25,-24,14
26,-23,14
8,34,14
18,30,14
1,-35,14
35,-3,14
35,-4,14
17,31,14
25,-25,14
26,-24,14
27,-23,14
8,35,14
0,-36,14
-25,-26,14
26,-25,14
-24,-27,14
27,-24,14
-1,-37,14
23,-29,14
5,-37,14
10,36,14
21,-31,14
6,-37,14
-24,-29,14
-20,-32,14
-1,-38,14
21,-32,14
-25,-29,14
6,-38,14
-7,-38,14
-26,-29,14
26,29,14
-1,39,14
9,-38,14
-21,-33,14
-3,-39,14
21,-33,14
-4,-39,14
10,-38,14
-5,-39,14
-27,-29,14
27,29,14
8,-39,14
-1,40,14
10,-39,14
-28,-29,14
-5,-40,14
26,31,14
-25,-32,14
7,-40,14
25,32,14
19,-36,14
17,37,14
8,-40,14
-24,33,14
9,-40,14
29,-29,14
-30,28,14
-28,30,14
-2,-41,14
-3,-41,14
-6,-41,14
7,-41,14
19,-37,14
17,38,14
21,36,14
-29,-30,14
-29,30,14
30,29,14
-12,-40,14
-31,28,14
-32,27,14
-27,-32,14
-27,32,14
26,33,14
-2,-42,14
-3,-42,14
10,-41,14
-6,-42,14
30,30,14
-29,31,14
19,38,14
-32,28,14
-27,33,14
27,33,14
8,-42,14
26,34,14
-25,-35,14
-22,-37,14
-2,-43,14
-29,32,14
29,32,14
-33,28,14
19,-39,14
23,37,14
-25,36,14
20,-39,14
25,36,14
28,34,14
-3,-44,14
24,37,14
10,-43,14
-27,-35,14
-23,-38,14
-33,-30,14
-33,30,14
30,33,14
-25,-37,14
29,34,14
28,-35,14
-24,-38,14
24,38,14
-27,-36,14
-1,45,14
10,-44,14
-4,-45,14
21,-40,14
19,-41,14
30,34,14
29,-35,14
-25,-38,14
28,36,14
18,-42,14
8,-45,14
9,-45,14
-34,31,14
30,35,14
-23,-40,14
23,-40,14
4,-46,14
29,36,14
-5,-46,14
5,-46,14
-25,-39,14
-38,27,14
24,-40,14
-35,-31,14
31,-35,14
-26,-39,14
9,-46,14
26,-39,14
25,-40,14
-47,6,14
-33,34,14
-6,-47,14
20,-43,14
24,-41,14
-7,47,14
7,-47,14
-8,-47,14
47,8,14
-9,-47,14
21,-43,14
-23,-42,14
23,-42,14
19,-44,14
-28,-39,14
10,-47,14
-3,-48,14
-32,-36,14
-4,-48,14
-48,5,14
-27,-40,14
-6,-48,14
-38,-30,14
-45,-18,14
26,-41,14
-8,48,14
-34,-35,14
-36,-33,14
-33,-36,14
9,-48,14
48,9,14
19,-45,14
25,-42,14
-41,27,14
-4,-49,14
11,-48,14
48,11,14
-35,-35,14
-47,-16,14
8,-49,14
-45,-21,14
-21,-45,14
21,-45,14
39,-31,14
27,-42,14
4,50,14
-6,-50,14
6,50,14
7,-50,14
-46,-21,14
-48,-16,14
-31,-40,14
27,-43,14
-30,-41,14
9,-50,14
-34,38,14
50,10,14
20,-47,14
-5,-51,14
5,51,14
6,51,14
12,50,14
7,51,14
21,-47,14
51,9,14
22,-47,14
-52,-3,14
11,51,14
5,52,14
23,-47,14
-30,-43,14
7,52,14
8,52,14
-29,-44,14
22,-48,14
23,-48,14
25,-47,14
19,-50,14
-8,-53,14
-51,-17,14
36,-40,14
28,-46,14
35,-41,14
-54,-1,14
-54,1,14
-54,2,14
-30,-45,14
54,-3,14
-4,-54,14
54,-4,14
-9,-54,14
-55,-1,14
-55,2,14
23,50,14
-55,3,14
-3,-55,14
55,-3,14
-55,4,14
-45,-32,14
5,-55,14
55,-5,14
-55,6,14
-6,-55,14
35,-43,14
31,-46,14
30,-47,14
10,-55,14
25,50,14
23,51,14
-56,-1,14
32,-46,14
36,-43,14
56,-4,14
31,-47,14
26,50,14
-8,-56,14
14,55,14
27,50,14
36,-44,14
32,-47,14
-49,29,14
-57,-1,14
-57,-2,14
-57,2,14
-11,-56,14
-57,3,14
-57,-4,14
4,-57,14
57,-5,14
28,50,14
30,-49,14
-13,-56,14
-14,-56,14
31,-49,14
-3,-58,14
-4,-58,14
28,51,14
58,-5,14
-12,-57,14
-50,30,14
58,-7,14
-13,-57,14
-49,-32,14
29,51,14
-58,9,14
-14,-57,14
31,-50,14
31,50,14
21,-55,14
15,57,14
-59,0,14
1,-59,14
2,-59,14
-4,-59,14
30,51,14
-59,5,14
22,-55,14
32,50,14
59,-7,14
-59,8,14
29,52,14
59,-8,14
-14,-58,14
21,-56,14
-59,10,14
-10,-59,14
15,58,14
-1,-60,14
1,-60,14
-2,-60,14
-60,3,14
3,-60,14
-4,-60,14
-60,5,14
-5,-60,14
59,-12,14
-60,6,14
60,-7,14
-59,13,14
-13,-59,14
-60,8,14
-60,9,14
60,-9,14
-58,18,14
-51,-33,14
21,-57,14
-49,-36,14
28,54,14
60,-10,14
-53,-30,14
60,-11,14
-50,-35,14
-2,-61,14
22,-57,14
-5,-61,14
-54,-29,14
29,54,14
34,51,14
-58,20,14
60,-13,14
-53,-31,14
61,-7,14
-52,-33,14
-50,-36,14
36,50,14
-41,46,14
-59,18,14
21,-58,14
28,55,14
-10,-61,14
-15,-60,14
60,-15,14
35,51,14
-53,-32,14
-59,19,14
-1,-62,14
-62,2,14
-2,-62,14
3,-62,14
62,-4,14
-50,-37,14
-5,-62,14
62,-5,14
20,-59,14
60,-17,14
61,-13,14
23,-58,14
-53,-33,14
61,-14,14
-49,-39,14
-62,9,14
-50,-38,14
62,-10,14
-15,-61,14
61,-15,14
-62,11,14
62,-11,14
61,-16,14
-63,3,14
-3,-63,14
-4,-63,14
63,-4,14
31,-55,14
-63,5,14
36,52,14
-62,13,14
63,-7,14
-50,-39,14
30,56,14
-21,60,14
-61,18,14
61,-18,14
63,-11,14
-50,-40,14
62,-16,14
64,-4,14
33,-55,14
64,-5,14
23,-60,14
60,-23,14
38,52,14
64,-8,14
-21,61,14
63,14,14
-55,-34,14
-50,-41,14
41,50,14
64,-10,14
-22,-61,14
29,58,14
-54,-36,14
-56,-33,14
25,-60,14
-65,3,14
-45,47,14
-65,4,14
-4,-65,14
-4,65,14
38,53,14
-42,50,14
-65,-7,14
37,54,14
64,-15,14
64,15,14
-65,10,14
-63,19,14
-53,-39,14
39,53,14
-44,49,14
-56,35,14
-42,51,14
-3,-66,14
66,-3,14
63,-20,14
-66,4,14
-4,-66,14
66,-4,14
-64,-17,14
64,-17,14
-6,66,14
-55,-37,14
37,55,14
-7,-66,14
-7,66,14
-21,63,14
-48,46,14
36,-56,14
-54,-39,14
-9,-66,14
-58,33,14
-66,10,14
19,-64,14
-57,35,14
-67,2,14
-67,3,14
-23,-63,14
-3,-67,14
67,-3,14
66,-12,14
-56,-37,14
-4,-67,14
-48,47,14
67,-5,14
-54,-40,14
-6,-67,14
67,-6,14
-9,-67,14
-56,-38,14
-22,-64,14
38,-56,14
-54,-41,14
-66,-16,14
46,50,14
-2,-68,14
28,-62,14
-12,-67,14
-3,-68,14
44,52,14
-66,-17,14
-26,63,14
-5,-68,14
68,-5,14
-58,-36,14
68,7,14
-18,66,14
18,-66,14
-14,-67,14
-57,-38,14
-50,47,14
-22,-65,14
47,50,14
-15,67,14
46,51,14
-25,64,14
64,-25,14
-10,-68,14
-68,11,14
-16,-67,14
-16,67,14
-11,-68,14
-69,1,14
-12,-68,14
-57,-39,14
-3,-69,14
69,-3,14
64,26,14
-59,-36,14
-4,-69,14
69,-4,14
69,-5,14
-21,-66,14
48,50,14
38,-58,14
-7,69,14
47,51,14
18,-67,14
69,-8,14
-53,-45,14
-53,45,14
-22,-66,14
65,-25,14
-60,-36,14
-56,42,14
-1,70,14
1,-70,14
-70,3,14
-59,38,14
-5,70,14
70,-5,14
-57,41,14
-21,67,14
-24,-66,14
-24,66,14
24,-66,14
-8,-70,14
37,-60,14
-22,67,14
25,-66,14
-15,69,14
30,-64,14
-70,10,14
-10,70,14
50,50,14
-59,-39,14
-57,42,14
-16,69,14
-53,-47,14
-53,47,14
-23,67,14
20,-68,14
46,54,14
0,-71,14
-58,-41,14
-2,-71,14
2,-71,14
-17,69,14
-4,71,14
-24,-67,14
71,-5,14
-6,-71,14
-27,66,14
-57,-43,14
51,50,14
-8,71,14
-53,-48,14
32,-64,14
-60,39,14
-15,-70,14
-15,70,14
-58,-42,14
-58,42,14
36,-62,14
-55,46,14
-23,68,14
23,-68,14
-71,11,14
-12,71,14
-1,-72,14
1,-72,14
-60,-40,14
-4,72,14
24,-68,14
51,51,14
-5,-72,14
-5,72,14
-13,71,14
-58,43,14
27,-67,14
-54,48,14
-6,-72,14
72,-7,14
25,-68,14
32,-65,14
30,-66,14
-15,71,14
-28,67,14
28,-67,14
20,-70,14
-54,49,14
40,-61,14
-1,73,14
17,-71,14
29,-67,14
-2,-73,14
-2,73,14
-24,-69,14
-24,69,14
24,-69,14
-56,-47,14
-68,27,14
-27,68,14
-13,72,14
-5,-73,14
42,-60,14
-57,-46,14
-18,71,14
-6,-73,14
73,-7,14
66,32,14
67,-30,14
-64,36,14
36,-64,14
-28,68,14
28,-68,14
52,52,14
53,51,14
38,-63,14
-54,-50,14
50,54,14
-59,44,14
-55,-49,14
49,55,14
-23,70,14
-10,73,14
70,-23,14
-26,69,14
-56,-48,14
-60,43,14
-11,73,14
-29,68,14
-12,73,14
17,-72,14
-24,70,14
70,-24,14
-1,74,14
-3,74,14
-69,27,14
-27,69,14
-59,-45,14
-59,45,14
-6,74,14
51,54,14
-25,70,14
22,-71,14
-56,-49,14
-8,74,14
-48,57,14
23,-71,14
16,-73,14
42,-62,14
-64,39,14
-24,71,14
71,-24,14
-53,53,14
-60,45,14
-2,75,14
2,75,14
50,56,14
-13,74,14
-75,-5,14
41,-63,14
36,-66,14
44,-61,14
-58,-48,14
22,-72,14
-75,-7,14
75,-7,14
-59,-47,14
-62,43,14
40,-64,14
-9,75,14
-60,46,14
-26,71,14
-53,54,14
-55,-52,14
73,-20,14
24,-72,14
-58,-49,14
74,-17,14
-71,27,14
0,76,14
-1,76,14
1,76,14
41,-64,14
-67,36,14
-3,76,14
36,-67,14
-4,76,14
4,76,14
-13,75,14
74,-18,14
-6,76,14
76,-7,14
-54,54,14
-61,46,14
74,-19,14
-67,37,14
23,-73,14
20,-74,14
74,-20,14
16,75,14
-59,-49,14
-11,76,14
17,75,14
-68,36,14
-12,76,14
2,77,14
-55,-54,14
-55,54,14
-64,43,14
-13,76,14
77,-6,14
-59,-50,14
75,-19,14
76,-15,14
-23,74,14
-72,29,14
-11,77,14
-56,54,14
-54,56,14
17,76,14
-72,30,14
1,78,14
2,78,14
40,-67,14
77,-13,14
-60,-50,14
-25,74,14
-78,6,14
-6,78,14
-64,45,14
-69,37,14
78,-7,14
-68,39,14
-62,48,14
77,-15,14
-55,56,14
41,-67,14
-63,47,14
-70,36,14
-30,73,14
0,79,14
-1,79,14
1,79,14
78,-13,14
-74,28,14
76,-22,14
-56,-56,14
-56,56,14
-55,57,14
-6,79,14
-14,78,14
58,54,14
-26,75,14
79,-8,14
-61,-51,14
-72,34,14
-79,10,14
-75,27,14
40,-69,14
-11,79,14
-63,49,14
-74,30,14
-57,-56,14
-12,79,14
79,-12,14
-58,55,14
-59,54,14
1,-80,14
-75,28,14
-13,79,14
-80,8,14
-8,-80,14
-15,79,14
-9,80,14
73,-34,14
-64,-49,14
-58,56,14
-56,-58,14
58,56,14
-67,-45,14
-60,54,14
-73,35,14
-76,28,14
-1,81,14
-75,31,14
31,75,14
-7,-81,14
-56,-59,14
-81,8,14
-55,60,14
-8,81,14
60,55,14
-81,9,14
81,9,14
80,-16,14
-77,27,14
-30,76,14
81,-12,14
81,12,14
-75,33,14
-82,-1,14
-82,1,14
-1,82,14
-82,2,14
-58,58,14
-57,59,14
60,56,14
-31,76,14
82,-4,14
55,-61,14
61,55,14
-7,82,14
82,-8,14
-76,32,14
-9,82,14
-79,24,14
81,-16,14
82,-10,14
-58,59,14
-11,82,14
59,-58,14
59,58,14
82,11,14
57,-60,14
-61,56,14
-12,82,14
82,12,14
-67,-49,14
-31,77,14
31,77,14
77,-31,14
-83,3,14
-14,-82,14
-75,36,14
76,-34,14
83,-7,14
-77,32,14
83,-8,14
-20,81,14
-59,59,14
-9,83,14
57,-61,14
-56,62,14
82,-16,14
-67,-50,14
83,-10,14
-68,-49,14
83,12,14
-1,84,14
-84,2,14
66,52,14
-84,3,14
-76,36,14
-60,-59,14
-60,59,14
60,-59,14
-32,78,14
78,-32,14
83,-15,14
-68,-50,14
-9,84,14
-76,37,14
77,-35,14
-33,78,14
84,-11,14
-52,-67,14
-61,-59,14
-61,59,14
59,-61,14
-48,-70,14
0,85,14
-1,85,14
85,2,14
-69,-50,14
-32,79,14
84,-15,14
39,76,14
46,-72,14
78,-35,14
-16,-84,14
-60,61,14
-62,59,14
-10,85,14
59,-62,14
85,-10,14
21,83,14
79,-33,14
48,-71,14
85,-12,14
76,-40,14
84,-18,14
-29,81,14
86,3,14
61,-61,14
60,-62,14
-15,-85,14
84,-20,14
-58,64,14
-30,81,14
-57,65,14
-9,86,14
-56,-66,14
86,-10,14
84,-21,14
-11,-86,14
-31,81,14
-12,-86,14
86,-12,14
-62,61,14
-13,-86,14
86,-13,14
87,1,14
-87,2,14
87,2,14
87,-3,14
85,-19,14
70,52,14
77,-41,14
86,-16,14
72,50,14
82,-31,14
86,-17,14
-64,60,14
-59,65,14
-12,-87,14
87,-13,14
46,-75,14
88,0,14
-88,1,14
-71,-52,14
82,-32,14
86,-19,14
-88,4,14
88,-4,14
-14,-87,14
78,-41,14
88,-5,14
-6,-88,14
88,-6,14
-27,84,14
72,51,14
-30,83,14
-7,88,14
-15,-87,14
87,-15,14
-8,88,14
-63,-62,14
82,-33,14
-60,65,14
-9,88,14
59,-66,14
88,-10,14
-71,-53,14
-53,-71,14
-25,85,14
-11,-88,14
49,-74,14
87,-18,14
-26,85,14
-13,-88,14
83,-32,14
89,0,14
48,75,14
87,-19,14
-89,4,14
88,-14,14
-65,61,14
-5,89,14
-89,6,14
-15,-88,14
-7,-89,14
89,-7,14
-28,85,14
-83,34,14
-64,63,14
-29,85,14
41,-80,14
87,-23,14
-90,1,14
-1,90,14
-30,85,14
50,-75,14
-73,-53,14
87,-24,14
-15,89,14
-90,8,14
-8,90,14
42,-80,14
-28,86,14
-64,64,14
87,-25,14
-62,66,14
90,-11,14
-60,68,14
88,-22,14
-29,86,14
41,-81,14
-12,-90,14
-73,-54,14
89,-18,14
85,-32,14
45,-79,14
-91,-1,14
-91,1,14
2,-91,14
-27,87,14
-65,-64,14
-64,65,14
-63,66,14
-15,-90,14
42,-81,14
-52,-75,14
-49,-77,14
-7,-91,14
-62,67,14
44,-80,14
91,-8,14
-73,-55,14
86,-31,14
-60,69,14
88,-25,14
-59,70,14
85,-34,14
91,-10,14
-54,-74,14
-58,71,14
81,-43,14
77,50,14
-53,-75,14
-65,65,14
85,-35,14
-67,-63,14
-92,0,14
-92,-2,14
-68,-62,14
-62,68,14
3,-92,14
4,-92,14
42,-82,14
89,-24,14
-60,70,14
-6,-92,14
-6,92,14
-15,-91,14
-7,-92,14
-8,-92,14
-51,77,14
-9,-92,14
92,-9,14
89,-25,14
-72,-58,14
86,-34,14
43,-82,14
90,-22,14
-67,-64,14
-32,87,14
87,-32,14
-62,69,14
-93,0,14
42,-83,14
-59,72,14
-4,-93,14
4,-93,14
93,-4,14
-5,-93,14
-54,-76,14
86,-36,14
73,58,14
-7,-93,14
-31,88,14
-74,-57,14
90,-25,14
-50,-79,14
-62,70,14
-61,71,14
88,-32,14
-93,11,14
47,-81,14
-73,-59,14
-13,-93,14
42,-84,14
-30,89,14
89,-30,14
-94,1,14
-51,-79,14
79,51,14
91,-24,14
94,-5,14
87,-36,14
89,-31,14
-71,-62,14
88,-34,14
-52,-79,14
-18,-93,14
67,-67,14
42,-85,14
80,51,14
-13,-94,14
-62,72,14
-95,2,14
92,-24,14
5,-95,14
-31,90,14
95,-6,14
-34,-89,14
84,-45,14
-95,8,14
92,-25,14
80,52,14
-95,9,14
93,-22,14
-18,-94,14
-12,-95,14
-62,73,14
-61,74,14
-96,2,14
-5,-96,14
-5,96,14
85,-45,14
-6,-96,14
-66,70,14
-59,76,14
-7,-96,14
81,52,14
-25,93,14
93,-25,14
-64,72,14
-8,-96,14
89,-37,14
-74,-62,14
-11,-96,14
68,-69,14
-66,71,14
-65,72,14
-24,94,14
-2,-97,14
-3,-97,14
-52,-82,14
5,-97,14
-58,78,14
-97,8,14
-57,79,14
79,-57,14
-60,77,14
-48,85,14
85,-48,14
-67,71,14
-12,-97,14
-52,-83,14
-24,95,14
-2,-98,14
-3,-98,14
-94,28,14
-7,-98,14
-16,-97,14
-98,9,14
-66,73,14
-17,-97,14
-90,-40,14
90,-40,14
-85,50,14
-18,-97,14
-92,36,14
45,-88,14
-13,-98,14
90,-41,14
96,-24,14
-93,34,14
-2,-99,14
81,-57,14
-67,73,14
-51,85,14
-5,-99,14
-92,37,14
-6,-99,14
-44,-89,14
-94,32,14
90,-42,14
-8,-99,14
-35,-93,14
-91,-40,14
-9,-99,14
-10,-99,14
-94,33,14
-52,85,14
-93,36,14
-19,-98,14
-13,-99,14
-2,-100,14
-100,5,14
-5,-100,14
-25,97,14
7,-100,14
-9,-100,14
-73,-69,14
-69,73,14
-17,-99,14
-74,-68,14
-95,33,14
30,-96,14
80,-61,14
-36,-94,14
-96,31,14
-14,-100,14
-53,-86,14
-89,48,14
-62,80,14
-38,-94,14
-91,-45,14
-97,30,14
30,-97,14
-49,89,14
-94,39,14
-96,34,14
28,-98,14
-37,-95,14
-50,89,14
-97,32,14
-35,-96,14
-98,29,14
-92,-45,14
-72,-73,14
28,-99,14
-66,-79,14
-50,90,14
-40,-95,14
-97,35,14
29,-99,14
-54,88,14
26,-100,14
76,-70,14
-99,30,14
-51,90,14
-97,36,14
27,-100,14
-92,-48,14
74,-73,14
-76,-71,14
-64,-82,14
-99,32,14
-54,89,14
-69,-78,14
-51,91,14
-90,53,14
87,58,14
-55,89,14
-93,48,14
-70,-78,14
-52,91,14
-54,90,14
-94,-47,14
-38,-98,14
-95,-45,14
89,56,14
-43,-96,14
-97,-41,14
-99,36,14
-36,99,14
-39,-98,14
-48,94,14
-70,79,14
-99,37,14
-91,54,14
-95,-47,14
-38,-99,14
-51,93,14
75,75,14
-61,-87,14
-36,-100,14
91,55,14
-99,39,14
-69,81,14
-39,-99,14
-48,-95,14
-50,94,14
-52,93,14
92,54,14
-73,-78,14
-62,-87,14
-49,-95,14
-51,-94,14
-71,80,14
-92,55,14
-95,-50,14
-94,-52,14
-52,-94,14
75,77,14
90,-59,14
62,-88,14
-40,-100,14
-97,-47,14
89,-61,14
64,-87,14
90,-60,14
-75,-78,14
78,75,14
-63,-88,14
63,-88,14
-96,-50,14
74,79,14
-52,-95,14
95,52,14
-44,-99,14
91,-59,14
-42,-100,14
-93,56,14
-97,-49,14
-96,-51,14
92,58,14
95,53,14
-43,-100,14
77,77,14
-98,-48,14
96,52,14
-71,83,14
-70,84,14
-94,56,14
-61,-91,14
49,-98,14
-97,-51,14
-77,-78,14
77,78,14
89,-64,14
-96,-53,14
96,53,14
-95,-55,14
-95,55,14
92,-60,14
-63,-90,14
63,-90,14
57,-94,14
-71,84,14
-62,-91,14
91,-62,14
65,-89,14
-78,78,14
-87,68,14
90,-64,14
-74,-82,14
-98,-51,14
84,-72,14
-96,55,14
96,55,14
-63,-91,14
-98,-52,14
-97,-54,14
79,78,14
97,54,14
-83,-74,14
64,-91,14
-84,-73,14
85,-72,14
-98,-53,14
-63,-92,14
-97,-55,14
-97,55,14
60,-94,14
-96,-57,14
-79,79,14
-80,78,14
-78,80,14
88,-69,14
91,-65,14
95,-59,14
86,-72,14
96,-58,14
-99,-53,14
87,-71,14
60,-95,14
98,55,14
88,-70,14
-78,81,14
-97,-57,14
97,57,14
-83,-76,14
-69,-89,14
92,-65,14
-98,-56,14
-64,-93,14
88,-71,14
-81,79,14
-83,77,14
-84,-76,14
-98,-57,14
-74,-86,14
97,-59,14
-68,-91,14
-99,-56,14
-81,80,14
-82,79,14
-85,76,14
97,-60,14
-69,-91,14
87,-74,14
-65,-94,14
-64,-95,14
-81,81,14
-80,82,14
-83,79,14
-58,-99,14
-86,76,14
-66,-94,14
-88,74,14
88,-74,14
-69,-92,14
-89,73,14
-73,-89,14
-65,-95,14
89,-73,14
93,-68,14
-99,-59,14
-72,-90,14
83,-80,14
-85,-78,14
-86,-77,14
-77,86,14
98,-61,14
-70,-92,14
92,-70,14
-75,-88,14
88,-75,14
-89,74,14
-74,-89,14
-90,73,14
-68,-94,14
-78,-86,14
-77,-87,14
92,-71,14
-67,-95,14
99,-61,14
63,-98,14
90,-74,14
-69,-94,14
-91,73,14
84,-81,14
-79,86,14
88,77,14
-75,90,14
-63,-99,14
99,-63,14
-84,-82,14
84,-82,14
-85,-81,14
-69,-95,14
85,-81,14
87,79,14
-78,-88,14
88,78,14
-65,-98,14
-93,72,14
-62,-100,14
-75,-91,14
-75,91,14
-70,-95,14
-92,74,14
-85,-82,14
85,-82,14
-66,-98,14
-76,91,14
-92,75,14
-64,-100,14
-85,-83,14
-86,-82,14
-93,74,14
88,80,14
-79,-89,14
-94,73,14
-69,-97,14
-91,77,14
-85,-84,14
87,-82,14
89,-80,14
-66,-100,14
-69,-98,14
98,-69,14
-93,76,14
99,-68,14
87,-83,14
-75,94,14
94,-75,14
99,-69,14
-76,94,14
-85,-86,14
88,-83,14
90,-81,14
99,-70,14
97,-73,14
-85,-87,14
-95,76,14
89,-83,14
91,-81,14
-86,-87,14
89,-84,14
99,-72,14
90,-83,14
99,-73,14
90,-84,14
-78,96,14
89,-86,14
97,77,14
98,76,14
-75,99,14
-78,97,14
90,-86,14
91,-85,14
-77,98,14
94,-82,14
-79,97,14
95,-82,14
89,-89,14
95,-83,14
92,-87,14
-84,95,14
96,-83,14
-80,99,14
93,-87,14
-85,95,14
-84,96,14
97,-84,14
-85,98,14
98,-85,14
-86,98,14
-86,99,14
96,-91,14
96,-92,14
96,-93,14
97,-92,14
95,-96,14
96,-96,14
-97,-95,14
96,-97,14
97,-96,14
-98,-95,14
-97,-98,14
-98,-100,14
-100,-99,14
-1,-1,13
-2,0,13
-1,-3,13
2,-3,13
-1,-4,13
1,-4,13
-1,-5,13
-3,-5,13
-2,-6,13
0,-7,13
-3,-7,13
6,5,13
0,-8,13
-3,-8,13
-3,-9,13
-2,-10,13
-2,-12,13
-1,-13,13
-2,-13,13
13,6,13
14,6,13
16,4,13
1,-17,13
-16,6,13
2,-17,13
4,-17,13
15,9,13
0,-18,13
2,-18,13
3,-18,13
16,9,13
0,-19,13
1,-19,13
4,-19,13
1,-20,13
2,-20,13
5,-21,13
0,-22,13
-1,-22,13
22,3,13
22,4,13
1,-23,13
23,4,13
22,8,13
-9,22,13
-21,-12,13
-20,-15,13
25,1,13
-21,-14,13
-9,24,13
-6,25,13
-7,25,13
26,2,13
-8,25,13
-10,25,13
-7,26,13
28,0,13
28,2,13
8,27,13
-11,26,13
28,4,13
6,28,13
7,28,13
-8,28,13
29,3,13
9,28,13
12,27,13
6,29,13
7,29,13
30,4,13
6,30,13
31,-4,13
12,29,13
6,31,13
15,28,13
17,27,13
8,31,13
32,-3,13
32,-4,13
12,30,13
15,29,13
13,30,13
16,29,13
3,33,13
7,33,13
18,29,13
9,33,13
34,-5,13
17,30,13
3,-35,13
9,34,13
20,29,13
19,30,13
2,-36,13
17,32,13
-25,-27,13
-24,-28,13
4,-37,13
-27,-26,13
-25,-28,13
9,-37,13
-27,-27,13
25,-29,13
29,-25,13
7,-38,13
8,-38,13
30,-25,13
20,34,13
-28,-28,13
-26,-30,13
-3,-40,13
20,35,13
-27,-30,13
6,-40,13
-29,-29,13
28,30,13
27,31,13
20,-36,13
-4,-41,13
26,32,13
-5,-41,13
33,-25,13
6,-41,13
-28,31,13
8,-41,13
27,32,13
9,-41,13
-1,42,13
18,38,13
-30,-30,13
-30,30,13
6,-42,13
-31,29,13
19,-38,13
-28,-32,13
21,37,13
-27,-33,13
20,38,13
9,-42,13
18,39,13
-1,43,13
-2,43,13
22,37,13
-31,-30,13
-31,30,13
-30,31,13
-32,29,13
4,-43,13
-27,-34,13
27,34,13
20,39,13
-32,-30,13
-32,30,13
-30,32,13
30,32,13
22,38,13
29,33,13
-24,-37,13
21,39,13
26,36,13
23,38,13
-30,33,13
20,-40,13
18,-41,13
-2,-45,13
-3,-45,13
4,-45,13
-31,33,13
-5,-45,13
28,-36,13
20,-41,13
22,-40,13
-37,27,13
-27,-37,13
27,-37,13
-35,-30,13
-4,-46,13
29,-36,13
-6,-46,13
-28,-37,13
-27,-38,13
27,38,13
-32,-34,13
-32,34,13
-36,-30,13
-37,-29,13
23,-41,13
29,37,13
-38,28,13
28,38,13
-47,5,13
5,-47,13
-34,-33,13
-35,-32,13
27,-39,13
-36,-31,13
31,-36,13
-7,-47,13
-30,-37,13
8,-47,13
-29,-38,13
29,38,13
25,-41,13
-33,-35,13
-5,-48,13
5,-48,13
22,-43,13
20,-44,13
29,-39,13
-46,-16,13
21,-44,13
-28,-40,13
-32,-37,13
48,10,13
22,-44,13
20,-45,13
5,-49,13
6,-49,13
29,-40,13
-37,-33,13
-33,-37,13
-33,37,13
23,-44,13
28,-41,13
31,-39,13
49,9,13
-30,-40,13
0,50,13
10,-49,13
2,50,13
3,50,13
-46,-20,13
20,-46,13
-29,-41,13
29,-41,13
5,-50,13
-48,-15,13
6,-50,13
23,-45,13
19,-47,13
-48,-17,13
-49,-14,13
24,-45,13
1,51,13
-4,-51,13
4,51,13
-49,-15,13
-49,-16,13
-30,-42,13
-4,-52,13
28,-44,13
-5,-52,13
6,52,13
51,12,13
20,-49,13
-4,-53,13
-5,-53,13
24,-48,13
22,-49,13
20,-50,13
25,-48,13
21,50,13
35,-42,13
30,-46,13
-55,0,13
55,0,13
-55,1,13
1,-55,13
-4,-55,13
55,-4,13
-5,-55,13
22,51,13
-10,-55,13
-56,0,13
0,-56,13
-56,1,13
-2,-56,13
-3,-56,13
-56,4,13
-4,-56,13
-9,-56,13
-10,-56,13
-1,-57,13
3,-57,13
-57,4,13
-4,-57,13
-57,6,13
-6,-57,13
57,-6,13
27,51,13
-10,-57,13
-58,0,13
0,-58,13
-58,-1,13
-58,1,13
-1,-58,13
1,-58,13
2,-58,13
-58,4,13
-58,5,13
-5,-58,13
58,-6,13
-58,8,13
-59,3,13
3,-59,13
-59,6,13
-59,7,13
33,50,13
-60,0,13
-60,1,13
2,-60,13
-3,-60,13
-60,4,13
16,58,13
22,-56,13
-12,-59,13
32,51,13
-49,-35,13
-60,7,13
34,50,13
60,-8,13
-10,-60,13
24,-56,13
35,50,13
-61,3,13
-61,4,13
-4,-61,13
60,-12,13
-61,5,13
27,55,13
-13,-60,13
-7,-61,13
23,-57,13
61,-8,13
-14,-60,13
-61,10,13
61,-10,13
24,-57,13
-51,-35,13
-11,-61,13
61,-11,13
22,-58,13
-62,3,13
-3,-62,13
-16,-60,13
60,-16,13
29,-55,13
-62,5,13
37,50,13
-20,59,13
-41,47,13
-62,7,13
-51,-36,13
36,51,13
-62,8,13
-14,-61,13
-21,59,13
30,-55,13
62,-9,13
-54,-32,13
-62,10,13
-53,-34,13
22,-59,13
-63,1,13
-51,-37,13
-63,2,13
-42,47,13
63,-5,13
-63,6,13
63,-6,13
59,-23,13
61,-17,13
-13,-62,13
39,50,13
-8,-63,13
-53,-35,13
62,-14,13
21,-60,13
32,-55,13
-44,46,13
24,-59,13
-19,-61,13
19,-61,13
29,57,13
40,50,13
-53,-36,13
63,-12,13
20,-61,13
-51,-39,13
-13,-63,13
-54,-35,13
-45,46,13
-44,47,13
-21,-61,13
21,-61,13
63,-14,13
62,-18,13
24,-60,13
60,-24,13
64,-9,13
-53,-37,13
63,-15,13
-51,-40,13
19,-62,13
62,-19,13
64,-12,13
65,-4,13
62,-20,13
-55,-35,13
65,-5,13
-53,-38,13
26,-60,13
-54,-37,13
-8,-65,13
34,-56,13
64,-14,13
-55,-36,13
-22,-62,13
27,-60,13
19,-63,13
-50,-43,13
-66,1,13
-1,66,13
-54,-38,13
-2,66,13
35,-56,13
-3,66,13
20,-63,13
-23,62,13
66,-5,13
-55,37,13
65,-13,13
26,-61,13
-57,-34,13
-53,-40,13
63,-21,13
-47,47,13
-24,62,13
-8,-66,13
24,-62,13
-22,-63,13
-22,63,13
62,-25,13
-57,-35,13
35,-57,13
-3,67,13
28,-61,13
67,-4,13
-5,-67,13
-6,67,13
45,50,13
66,-13,13
44,51,13
64,-21,13
-7,-67,13
63,-24,13
-18,65,13
19,-65,13
35,-58,13
25,-63,13
63,-25,13
-67,11,13
-57,-37,13
-55,-40,13
68,-3,13
-4,68,13
-17,66,13
-56,-39,13
-13,-67,13
-58,36,13
-6,-68,13
68,-6,13
-18,-66,13
-8,-68,13
-57,38,13
27,-63,13
-55,-41,13
-19,-66,13
19,-66,13
-68,10,13
-56,-40,13
30,-62,13
28,-63,13
65,-23,13
-3,69,13
36,-59,13
-17,67,13
-55,-42,13
24,-65,13
69,-7,13
-56,-41,13
-8,-69,13
-8,69,13
-9,69,13
69,-9,13
-57,-40,13
-25,65,13
19,-67,13
-69,10,13
-10,69,13
30,-63,13
-23,-66,13
23,-66,13
20,-67,13
-26,65,13
-70,2,13
48,51,13
-3,-70,13
-3,70,13
-4,70,13
-53,46,13
-57,-41,13
70,-6,13
-14,69,13
-58,-40,13
-8,70,13
-22,-67,13
22,-67,13
-70,9,13
-25,66,13
-9,70,13
-19,68,13
48,52,13
-23,-67,13
23,-67,13
47,53,13
-70,11,13
-11,70,13
-54,46,13
38,-60,13
-4,-71,13
31,-64,13
33,-63,13
-24,67,13
-21,68,13
21,-68,13
24,-67,13
-5,-71,13
-5,71,13
-59,-40,13
-18,69,13
27,-66,13
37,-61,13
50,51,13
48,53,13
25,-67,13
-54,47,13
30,-65,13
-23,-68,13
-56,-45,13
38,-61,13
33,-64,13
-4,-72,13
49,53,13
71,13,13
37,-62,13
43,-58,13
-27,67,13
-6,72,13
-7,-72,13
47,55,13
-14,71,13
39,-61,13
22,-69,13
-8,72,13
65,32,13
-56,-46,13
38,-62,13
23,-69,13
69,-23,13
53,50,13
35,-64,13
-4,-73,13
-4,73,13
72,13,13
39,-62,13
-14,72,13
-25,69,13
41,-61,13
-15,72,13
51,53,13
40,-62,13
72,-17,13
-58,-46,13
71,-21,13
42,-61,13
-5,74,13
53,52,13
36,-65,13
-25,-70,13
-7,74,13
43,-61,13
-10,74,13
72,-20,13
-24,-71,13
53,53,13
-55,-51,13
51,55,13
-27,70,13
3,75,13
4,75,13
-57,-49,13
73,-18,13
-75,-6,13
-6,75,13
-25,-71,13
-25,71,13
73,-19,13
75,-9,13
-26,-71,13
-66,37,13
-54,53,13
-10,75,13
52,55,13
74,-16,13
-63,42,13
-11,75,13
39,-65,13
-24,72,13
-12,75,13
-1,-76,13
-5,76,13
-63,43,13
-55,-53,13
-8,76,13
-57,-51,13
76,-9,13
-58,-50,13
-10,76,13
75,-16,13
44,-63,13
-67,38,13
43,-64,13
-5,77,13
-7,77,13
42,-65,13
68,-37,13
-9,77,13
39,-67,13
77,-9,13
41,-66,13
-55,55,13
-62,47,13
-63,46,13
-13,77,13
42,-66,13
-56,-55,13
-56,55,13
-73,29,13
-58,-53,13
-60,-51,13
-12,78,13
78,-12,13
-62,-49,13
-2,79,13
-13,78,13
4,-79,13
-5,79,13
-63,-48,13
78,-14,13
78,-15,13
-74,29,13
-79,9,13
-10,79,13
-79,11,13
-63,-49,13
-55,-58,13
-55,58,13
3,-80,13
-5,80,13
-6,80,13
-7,80,13
80,-7,13
-8,80,13
-63,-50,13
-58,-56,13
-10,80,13
-2,81,13
80,13,13
-5,81,13
81,-7,13
-57,58,13
-59,56,13
-56,59,13
-8,-81,13
80,-15,13
80,15,13
32,75,13
81,10,13
-82,0,13
-65,-50,13
-2,82,13
59,57,13
81,-13,13
81,13,13
-56,60,13
-76,31,13
-4,82,13
-66,-49,13
81,14,13
62,54,13
-77,29,13
75,-34,13
82,-9,13
-77,30,13
-59,58,13
82,-11,13
-57,60,13
60,57,13
-56,61,13
-76,33,13
76,-33,13
-63,-54,13
-83,0,13
-83,1,13
-2,83,13
82,-13,13
82,13,13
-4,83,13
-7,83,13
82,-15,13
-32,77,13
-8,83,13
-58,60,13
76,-35,13
-33,77,13
-31,78,13
-2,84,13
58,-61,13
77,-34,13
-57,62,13
-7,84,13
-8,84,13
-16,-83,13
76,-37,13
83,-16,13
-69,-49,13
-60,60,13
76,-38,13
-68,-51,13
-34,78,13
78,-34,13
79,-32,13
-15,-84,13
-9,85,13
84,-16,13
60,-61,13
-33,79,13
-58,63,13
84,-17,13
-69,-51,13
78,-36,13
-13,-85,13
0,86,13
-32,80,13
-62,60,13
-60,62,13
46,-73,13
-59,63,13
-8,86,13
85,-16,13
48,-72,13
81,-31,13
47,-73,13
-61,62,13
-63,60,13
-60,63,13
2,87,13
-59,64,13
-32,81,13
81,-32,13
-30,82,13
-8,87,13
48,-73,13
-28,83,13
-31,82,13
-63,61,13
-61,63,13
-60,64,13
87,-12,13
-29,83,13
-13,-87,13
-1,-88,13
-32,82,13
88,-3,13
-5,88,13
48,-74,13
83,-30,13
86,-20,13
-63,62,13
-64,61,13
-61,64,13
-9,-88,13
88,-9,13
-28,84,13
71,53,13
83,-31,13
85,-25,13
88,-11,13
-72,-52,13
-12,-88,13
72,52,13
88,-13,13
0,-89,13
-89,2,13
-3,-89,13
-4,-89,13
89,-4,13
-63,63,13
-14,-88,13
89,-5,13
-6,-89,13
-6,89,13
87,-20,13
-7,89,13
74,50,13
89,-8,13
-72,-53,13
89,-9,13
89,-10,13
83,-34,13
-62,65,13
84,-32,13
-13,-89,13
89,-13,13
-72,-54,13
0,-90,13
-2,-90,13
-90,3,13
90,-3,13
-90,4,13
-27,86,13
-5,-90,13
-5,90,13
85,-30,13
90,-5,13
-90,6,13
-6,90,13
84,-33,13
-90,9,13
90,-9,13
85,-31,13
-65,-63,13
90,-10,13
-61,67,13
84,-34,13
-11,-90,13
-26,87,13
-58,70,13
90,-13,13
88,-23,13
76,50,13
-91,-2,13
-91,2,13
-53,-74,13
-2,91,13
-3,91,13
91,-3,13
86,-30,13
-4,91,13
85,-33,13
81,-42,13
-7,91,13
-67,-62,13
-31,86,13
46,-79,13
82,-41,13
45,-80,13
47,-79,13
64,-66,13
-92,-1,13
-73,-56,13
92,-3,13
-52,-76,13
-61,69,13
-92,5,13
92,-5,13
-92,6,13
92,-6,13
46,-80,13
-71,-59,13
-59,71,13
-31,87,13
-58,72,13
-10,-92,13
82,-43,13
-50,-78,13
-11,-92,13
64,-67,13
-68,-63,13
-63,68,13
-69,-62,13
-12,-92,13
-61,70,13
-52,-77,13
-60,71,13
-49,-79,13
-93,2,13
3,-93,13
-14,-92,13
-72,-59,13
-93,5,13
93,-5,13
90,-24,13
-93,6,13
-6,-93,13
65,-67,13
84,-41,13
43,-83,13
79,50,13
-10,-93,13
84,-42,13
-94,2,13
-74,-58,13
-94,3,13
65,-68,13
-94,4,13
-4,-94,13
4,-94,13
-94,6,13
-7,-94,13
-53,78,13
80,50,13
84,-43,13
91,-25,13
-10,-94,13
-74,-59,13
85,-42,13
-54,78,13
-3,-95,13
-4,-95,13
-61,73,13
-95,7,13
-7,-95,13
43,-85,13
-8,-95,13
-9,-95,13
-54,79,13
93,-23,13
-2,-96,13
-96,6,13
47,-84,13
-96,8,13
-32,91,13
-10,-96,13
81,53,13
-1,-97,13
-4,-97,13
-6,-97,13
6,-97,13
-97,7,13
-7,-97,13
-51,83,13
88,-42,13
89,-40,13
-43,-88,13
-98,3,13
90,-39,13
-5,-98,13
7,-98,13
-68,71,13
-8,-98,13
46,-87,13
89,-42,13
-48,86,13
-11,-98,13
-94,30,13
-12,-98,13
-1,-99,13
-99,4,13
-99,6,13
-7,-99,13
7,-99,13
-99,8,13
-48,87,13
-93,35,13
-17,-98,13
-92,38,13
-69,72,13
-95,31,13
-51,86,13
-4,-100,13
8,-100,13
-52,86,13
-11,-100,13
-12,-100,13
-93,39,13
-73,-70,13
-70,73,13
-93,40,13
-97,29,13
-95,35,13
-94,38,13
-51,88,13
-97,31,13
-53,87,13
-75,-69,13
-55,-86,13
29,-98,13
-95,38,13
-98,30,13
-96,36,13
-36,-96,13
-51,89,13
-76,-69,13
-39,-95,13
-53,88,13
-97,34,13
-52,89,13
-92,-47,13
-98,33,13
-66,-80,13
-98,34,13
-37,-97,13
-52,90,13
-67,-80,13
-53,90,13
-93,-48,13
-69,-79,13
-68,-80,13
-63,-84,13
-93,-49,13
-51,92,13
88,58,13
-65,-83,13
-70,-79,13
89,57,13
-68,-81,13
-63,-85,13
90,56,13
-94,-49,13
-71,-79,13
89,58,13
-70,-80,13
-95,-48,13
-94,-50,13
-37,-100,13
-40,-99,13
76,75,13
89,-59,13
91,56,13
-96,-47,13
-70,81,13
92,55,13
-64,-86,13
91,57,13
76,76,13
77,75,13
-74,-78,13
-73,-79,13
-72,80,13
-71,81,13
-96,-49,13
91,58,13
-41,-100,13
76,77,13
-97,-48,13
88,-63,13
92,57,13
-73,80,13
-72,81,13
94,54,13
-71,82,13
89,-62,13
90,-61,13
-94,55,13
94,55,13
-74,-80,13
-73,-81,13
-73,81,13
93,57,13
-72,82,13
95,54,13
90,-62,13
94,56,13
-76,-79,13
-76,79,13
64,-89,13
79,76,13
-75,-80,13
-75,80,13
-72,-83,13
-71,-84,13
97,52,13
-96,54,13
78,78,13
79,77,13
-76,80,13
92,-61,13
-64,-90,13
-97,-53,13
-73,-83,13
97,53,13
93,-60,13
91,-63,13
92,-62,13
96,56,13
93,-61,13
91,-64,13
94,-60,13
93,-62,13
-65,-91,13
-83,-75,13
-84,-74,13
-74,-84,13
-97,-56,13
-68,-89,13
-64,-92,13
92,-64,13
96,58,13
95,-60,13
-79,80,13
-81,78,13
96,-59,13
-74,-85,13
-99,-54,13
-68,-90,13
98,56,13
87,-72,13
97,58,13
-79,81,13
-82,78,13
-78,82,13
-100,53,13
-83,-77,13
98,57,13
-69,-90,13
-86,-74,13
-85,-76,13
93,-66,13
-74,-87,13
99,57,13
-68,-92,13
-72,-89,13
93,-67,13
-84,-78,13
-86,-76,13
98,-60,13
90,-72,13
-86,77,13
94,-67,13
-87,76,13
-88,75,13
93,-69,13
90,-73,13
83,-81,13
91,-72,13
87,77,13
93,-70,13
-66,-96,13
85,-80,13
-87,78,13
-78,-87,13
92,-73,13
-64,-99,13
93,-73,13
-65,-99,13
-90,77,13
-83,-85,13
96,-70,13
-82,-86,13
86,-82,13
93,-74,13
88,-80,13
88,-81,13
97,-70,13
97,-71,13
-67,-100,13
98,-70,13
87,-84,13
89,-82,13
-75,95,13
95,-75,13
-77,94,13
-86,-86,13
87,-85,13
90,-82,13
99,-71,13
-74,97,13
97,-74,13
-77,95,13
91,-82,13
-75,97,13
97,-75,13
98,-74,13
-87,-87,13
91,-83,13
92,-82,13
92,-83,13
93,-82,13
98,77,13
99,76,13
89,-88,13
-99,77,13
-77,99,13
-79,98,13
92,-86,13
93,-85,13
-78,99,13
-79,99,13
-81,98,13
-81,99,13
88,-99,13
95,-93,13
97,-91,13
88,-100,13
95,-94,13
95,-95,13
-97,-93,13
96,-95,13
-97,-94,13
97,-94,13
98,-93,13
97,-95,13
98,-95,13
-98,-96,13
-99,-100,13
-1,0,12
-2,-7,12
-1,-9,12
0,-11,12
-1,-11,12
-2,-11,12
-1,-12,12
0,-14,12
2,-16,12
3,-16,12
3,-17,12
1,-18,12
4,-20,12
21,7,12
0,-23,12
4,-23,12
5,-23,12
-7,23,12
24,3,12
-8,23,12
-6,24,12
-7,24,12
-10,23,12
25,3,12
-8,24,12
26,1,12
-25,-9,12
27,1,12
-9,26,12
28,-4,12
-9,27,12
29,1,12
29,-3,12
30,0,12
8,29,12
12,28,12
13,28,12
15,27,12
13,29,12
16,28,12
14,30,12
18,28,12
8,33,12
34,-3,12
16,31,12
1,-36,12
-26,-26,12
-26,-27,12
0,-38,12
-26,-28,12
-1,-39,12
-1,-40,12
-2,-40,12
-4,-40,12
32,-25,12
-29,29,12
-1,-41,12
-28,-30,12
-2,41,12
5,-41,12
25,33,12
-30,29,12
29,30,12
-28,-31,12
-1,-42,12
-2,42,12
3,-42,12
5,-42,12
29,31,12
28,32,12
-30,-31,12
-28,-33,12
28,33,12
5,-43,12
-31,-31,12
-31,31,12
-30,-32,12
-1,-44,12
2,-44,12
4,-44,12
-26,-36,12
-32,-31,12
-30,-33,12
-29,-34,12
3,-45,12
-33,-31,12
-30,34,12
-34,-31,12
-31,34,12
-2,-46,12
-3,-46,12
3,-46,12
19,-42,12
-29,-36,12
28,37,12
20,-42,12
22,-41,12
27,-38,12
-33,-33,12
-31,-35,12
30,-36,12
-29,-37,12
-4,-47,12
4,-47,12
-5,-47,12
-33,-34,12
22,-42,12
-32,-35,12
-31,-36,12
30,-37,12
26,-40,12
29,-38,12
9,-47,12
-34,-34,12
-36,-32,12
4,-48,12
24,-42,12
-7,-48,12
28,-40,12
31,-38,12
-3,-49,12
27,-41,12
38,-32,12
30,-40,12
-3,-50,12
-4,-50,12
26,-43,12
21,-46,12
25,-44,12
8,-50,12
2,51,12
3,51,12
25,-45,12
27,-44,12
-3,-52,12
25,-46,12
-50,-16,12
28,-45,12
-53,1,12
-3,-53,12
21,-49,12
-54,0,12
-2,-54,12
23,-49,12
21,-50,12
-1,-55,12
-2,-55,12
2,-55,12
4,-55,12
24,50,12
-1,-56,12
1,-56,12
2,-56,12
-5,-56,12
-6,-56,12
-57,0,12
-57,1,12
-2,-57,12
2,-57,12
-3,-57,12
-5,-57,12
-2,-58,12
-6,-58,12
30,-50,12
30,50,12
-9,-58,12
-59,1,12
-11,-58,12
-5,-59,12
-12,-58,12
-59,9,12
24,-55,12
-11,-59,12
-60,2,12
-9,-60,12
-11,-60,12
-61,1,12
-3,-61,12
-61,6,12
-6,-61,12
-49,-37,12
-8,-61,12
-9,-61,12
28,-55,12
-62,1,12
-62,4,12
-12,-61,12
-42,46,12
-6,-62,12
-13,-61,12
-7,-62,12
28,-56,12
28,56,12
21,-59,12
-9,-62,12
24,-58,12
-10,-62,12
62,-12,12
-5,-63,12
20,-60,12
-54,-33,12
-6,-63,12
23,-59,12
62,-13,12
-7,-63,12
28,57,12
-14,-62,12
-51,-38,12
63,-9,12
-15,-62,12
-10,-63,12
62,-15,12
-54,-34,12
-22,60,12
-64,1,12
-64,3,12
-4,-64,12
-55,-33,12
-6,-64,12
64,-6,12
62,-17,12
63,-13,12
-52,-38,12
30,57,12
-8,-64,12
-15,-63,12
-10,-64,12
-22,61,12
61,-22,12
-52,-39,12
33,-56,12
-65,1,12
-12,-64,12
20,-62,12
-5,-65,12
61,-23,12
63,-17,12
-6,-65,12
-13,-64,12
64,-13,12
-21,-62,12
21,-62,12
-56,-34,12
63,-18,12
24,-61,12
61,-24,12
-9,-65,12
-10,-65,12
22,-62,12
62,-22,12
63,-19,12
-25,61,12
25,-61,12
64,-16,12
-66,3,12
62,-23,12
-5,66,12
-17,-64,12
-6,-66,12
34,-57,12
62,-24,12
64,-18,12
-56,-36,12
-56,36,12
65,-15,12
63,-22,12
64,-19,12
-11,-66,12
-1,67,12
-17,-65,12
26,-62,12
-57,-36,12
-55,-39,12
66,-14,12
64,-22,12
-19,-65,12
-67,10,12
-11,-67,12
67,-11,12
-20,-65,12
-3,68,12
34,-59,12
68,-4,12
-17,-66,12
26,-63,12
67,-13,12
-6,68,12
-21,-65,12
65,-21,12
64,-24,12
-7,68,12
29,-62,12
-15,-67,12
25,-64,12
68,-11,12
-23,-65,12
-20,-66,12
-2,69,12
-59,36,12
-4,69,12
21,-66,12
69,-6,12
65,-24,12
31,-62,12
29,-63,12
22,-66,12
-15,68,12
-59,37,12
25,-65,12
-54,-44,12
69,-10,12
-55,-43,12
-16,68,12
28,-64,12
69,-11,12
67,-20,12
-2,-70,12
-17,68,12
-4,-70,12
31,-63,12
-6,70,12
29,-64,12
-54,-45,12
-18,68,12
-7,-70,12
-7,70,12
27,-65,12
66,-25,12
-56,-43,12
32,-63,12
49,51,12
-57,-42,12
26,-66,12
1,-71,12
-71,2,12
-56,-44,12
-6,71,12
-7,71,12
49,52,12
22,-68,12
-9,71,12
-54,-47,12
47,54,12
28,-66,12
-55,-46,12
-10,71,12
20,-69,12
26,-67,12
-57,-44,12
31,-65,12
-3,-72,12
35,-63,12
-24,-68,12
68,-24,12
-54,-48,12
48,54,12
-7,72,12
-55,-47,12
34,-64,12
-57,-45,12
-10,72,12
-58,-44,12
52,51,12
50,53,12
49,54,12
-3,-73,12
70,-21,12
-6,73,12
22,-70,12
70,-22,12
-58,-45,12
73,-8,12
-9,73,12
72,-16,12
71,-20,12
52,53,12
-54,-51,12
-55,-50,12
72,-19,12
-9,74,12
74,-9,12
-61,43,12
-26,70,12
73,-16,12
37,-65,12
-11,74,12
74,-11,12
52,54,12
-56,-50,12
-61,44,12
-7,75,12
-8,75,12
-56,-51,12
-61,45,12
-57,-50,12
-2,76,12
-71,28,12
40,-65,12
-56,-52,12
75,-15,12
76,-10,12
-63,44,12
-1,77,12
-2,77,12
-56,-53,12
-62,46,12
-58,-51,12
76,-14,12
-68,37,12
-8,77,12
-63,45,12
77,-10,12
77,-12,12
-59,-51,12
-1,78,12
-3,78,12
77,-14,12
-59,-52,12
-11,78,12
78,-11,12
-63,48,12
39,-69,12
-59,-53,12
-60,-52,12
-56,57,12
-2,80,12
-60,-53,12
79,-13,12
80,-5,12
80,-6,12
79,-14,12
-62,-51,12
79,-15,12
-56,58,12
-60,-54,12
80,-11,12
-75,30,12
80,-12,12
81,-5,12
-6,81,12
81,-6,12
-58,-57,12
-58,57,12
-65,-49,12
81,-9,12
-75,32,12
-66,-48,12
-76,30,12
81,-11,12
-77,28,12
-5,82,12
82,-5,12
81,-14,12
-6,82,12
58,-59,12
-66,-50,12
-83,2,12
-3,83,12
-5,83,12
-6,83,12
-66,-51,12
-60,-58,12
58,-60,12
-57,61,12
-63,-55,12
82,-17,12
-84,1,12
75,-38,12
-4,84,12
-59,60,12
-5,84,12
59,-60,12
-61,-58,12
-67,-51,12
60,-60,12
-59,61,12
-6,85,12
-7,85,12
-8,85,12
76,-39,12
77,-37,12
-61,60,12
-59,62,12
77,-38,12
79,-34,12
80,-32,12
-61,61,12
-7,86,12
77,-39,12
85,-15,12
76,-41,12
-69,-52,12
80,-33,12
-66,-56,12
71,50,12
0,87,12
-14,-86,12
46,-74,12
-5,87,12
-6,87,12
-15,-86,12
-67,-56,12
47,-74,12
-62,62,12
-63,-61,12
87,-11,12
81,-34,12
86,-18,12
-68,-56,12
-62,63,12
47,-75,12
-29,84,12
-1,-89,12
79,-41,12
-2,-89,12
48,-75,12
-64,62,12
-89,5,12
82,-35,12
89,-6,12
84,-31,12
-10,-89,12
49,-75,12
-11,-89,12
89,-12,12
-65,-62,12
-1,-90,12
-90,2,12
-2,90,12
-3,90,12
-4,90,12
89,-14,12
-90,5,12
75,50,12
90,-6,12
90,-7,12
90,-8,12
-52,-74,12
-9,-90,12
-66,-62,12
-67,-61,12
90,-12,12
-91,0,12
0,-91,12
-1,-91,12
-71,-57,12
-14,-90,12
91,-4,12
-91,5,12
-72,-56,12
-66,-63,12
-9,-91,12
-10,-91,12
-71,-58,12
-72,-57,12
-13,-91,12
89,-23,12
1,-92,12
2,-92,12
-30,87,12
-92,-3,12
-14,-91,12
-92,4,12
92,-4,12
82,-42,12
44,-81,12
-51,-77,12
83,-41,12
-73,-57,12
-70,-61,12
90,-23,12
-13,-92,12
-71,-60,12
-30,88,12
-93,1,12
83,-42,12
-93,3,12
-3,-93,12
-73,-58,12
-8,-93,12
-63,69,12
-53,-77,12
-70,-62,12
45,-82,12
-60,72,12
-12,-93,12
91,-23,12
44,-83,12
-2,-94,12
-3,-94,12
-94,5,12
-8,-94,12
-72,-61,12
-61,72,12
43,-84,12
85,-41,12
47,-82,12
44,-84,12
-2,-95,12
-95,4,12
-95,5,12
-95,6,12
86,-41,12
87,-39,12
47,-83,12
88,-38,12
-96,3,12
5,-96,12
-96,7,12
-9,-96,12
44,-86,12
87,-42,12
88,-40,12
89,-38,12
88,-41,12
47,-85,12
-97,6,12
-10,-97,12
-11,-97,12
45,-87,12
-49,85,12
-98,5,12
-98,6,12
6,-98,12
-98,8,12
-50,85,12
0,-99,12
6,-99,12
-11,-99,12
-12,-99,12
-49,87,12
-1,-100,12
-70,72,12
-93,38,12
-94,36,12
-49,88,12
-50,88,12
-95,36,12
-36,-95,12
-52,88,12
27,-99,12
-92,-46,12
-96,37,12
-65,-80,12
-96,38,12
-53,89,12
-65,-81,12
-38,-97,12
-66,-81,12
-94,-46,12
-67,-81,12
-69,-80,12
-69,-81,12
-68,-82,12
90,57,12
-63,-86,12
-72,-79,12
-95,-49,12
-71,-80,12
-69,-82,12
-96,-48,12
-72,-80,12
-88,62,12
92,56,12
-70,-82,12
-69,-83,12
-64,-87,12
93,55,12
77,76,12
-73,-80,12
-72,-81,12
64,-88,12
78,76,12
79,75,12
63,-89,12
-72,-82,12
-70,-84,12
-77,78,12
78,77,12
93,58,12
95,55,12
94,57,12
-95,56,12
-75,-81,12
-71,-85,12
-78,79,12
-65,-90,12
-76,-81,12
-96,-56,12
-64,-91,12
92,-63,12
86,-71,12
96,57,12
87,-70,12
-69,-88,12
94,-61,12
-72,-86,12
-67,-90,12
-66,-91,12
-80,79,12
-84,-75,12
-65,-92,12
-85,-74,12
-73,-86,12
93,-64,12
95,-61,12
-67,-91,12
96,-60,12
-66,-92,12
-73,-87,12
-72,-88,12
96,-61,12
-67,-92,12
-71,-89,12
98,58,12
96,-62,12
-73,-88,12
97,-61,12
-67,-93,12
-85,-77,12
99,58,12
87,-75,12
-74,-88,12
97,-62,12
99,-60,12
98,-62,12
94,-68,12
95,-67,12
-90,74,12
91,-73,12
92,-72,12
-91,74,12
-88,78,12
96,-68,12
-82,-85,12
96,-69,12
94,-72,12
97,-68,12
98,-67,12
94,-73,12
97,-69,12
98,-68,12
-92,76,12
99,-67,12
94,-74,12
95,-73,12
88,-82,12
89,-81,12
97,-72,12
-68,-100,12
98,-71,12
-74,96,12
98,-72,12
88,-84,12
-76,95,12
-74,98,12
-75,98,12
-77,97,12
-76,98,12
-76,99,12
-78,98,12
96,-82,12
-80,98,12
93,-86,12
96,-94,12
98,-94,12
-1,-8,11
-2,-8,11
0,-12,11
0,-13,11
23,3,11
-9,23,11
-10,24,11
26,0,11
-9,25,11
27,0,11
28,1,11
28,-3,11
29,0,11
14,27,11
14,28,11
16,27,11
7,32,11
17,28,11
8,32,11
33,-3,11
9,32,11
33,-4,11
34,-4,11
19,29,11
0,-37,11
2,-37,11
24,-29,11
5,-38,11
-27,-28,11
3,-39,11
6,-39,11
7,-39,11
-1,41,11
1,-42,11
2,-42,11
-3,42,11
-1,-43,11
2,-43,11
3,-43,11
-29,-32,11
21,38,11
-25,-36,11
0,-44,11
-28,-34,11
-2,-44,11
3,-44,11
-32,31,11
-31,32,11
-28,-35,11
0,-45,11
-1,-45,11
2,-45,11
-32,-32,11
-31,-33,11
-28,-36,11
-33,-32,11
-32,-33,11
-31,-34,11
-1,-46,11
21,-41,11
-30,-35,11
-33,33,11
-34,-32,11
21,-42,11
-1,-47,11
-3,-47,11
3,-47,11
-28,-38,11
-37,-30,11
28,-39,11
-2,-48,11
27,-40,11
31,-37,11
30,-38,11
-2,-49,11
4,-49,11
30,-39,11
24,-43,11
25,-43,11
1,50,11
-2,-50,11
2,-50,11
24,-44,11
-3,-51,11
26,-44,11
26,-45,11
27,-45,11
26,-46,11
27,-46,11
29,-45,11
26,-47,11
-1,-54,11
-3,-54,11
4,-54,11
24,-49,11
22,-50,11
23,-50,11
29,-47,11
24,-50,11
-56,3,11
4,-56,11
-7,-56,11
30,-48,11
0,-57,11
1,-57,11
-7,-57,11
-9,-57,11
-58,2,11
-11,-57,11
-58,3,11
-7,-58,11
-8,-58,11
-59,2,11
-6,-59,11
-9,-59,11
-7,-60,11
25,-55,11
-8,-60,11
33,51,11
26,-55,11
25,-56,11
61,-12,11
-8,-62,11
62,-8,11
-16,-61,11
29,56,11
-12,-62,11
25,-58,11
-52,-36,11
-17,-61,11
28,-57,11
63,-8,11
30,-56,11
-9,-63,11
-52,-37,11
22,-60,11
-11,-63,11
29,-57,11
31,-56,11
-64,2,11
-16,-62,11
25,-59,11
-20,-61,11
-5,-64,11
-17,-62,11
-7,-64,11
26,-59,11
32,-56,11
-18,-62,11
-9,-64,11
22,-61,11
29,-58,11
27,-59,11
31,-57,11
-11,-64,11
-16,-63,11
63,-16,11
-65,2,11
-44,48,11
-20,-62,11
23,-61,11
-14,-64,11
-15,-64,11
31,-58,11
-11,-65,11
-16,-64,11
-66,2,11
-12,-65,11
23,-62,11
30,-59,11
28,-60,11
-13,-65,11
21,-63,11
-18,-64,11
-14,-65,11
65,-14,11
27,-61,11
22,-63,11
-10,-66,11
25,-62,11
-16,-65,11
-2,67,11
64,-20,11
23,-63,11
-4,67,11
-5,67,11
65,-17,11
34,-58,11
-13,-66,11
-21,-64,11
-57,36,11
24,-63,11
-18,-65,11
65,-18,11
31,-60,11
29,-61,11
-56,38,11
-15,-66,11
-10,-67,11
-16,-66,11
-57,37,11
64,-23,11
-2,68,11
67,-12,11
-5,68,11
24,-64,11
65,-22,11
23,-65,11
66,-20,11
-1,69,11
-69,2,11
-2,-69,11
26,-64,11
-5,-69,11
-5,69,11
68,-13,11
-6,-69,11
-6,69,11
33,-61,11
-18,67,11
68,-14,11
27,-64,11
66,-22,11
32,-62,11
34,-61,11
66,-23,11
36,-60,11
-56,-42,11
26,-65,11
-5,-70,11
21,-67,11
-6,-70,11
35,-61,11
70,-7,11
-55,-44,11
70,-8,11
70,-10,11
36,-61,11
-3,-71,11
29,-65,11
35,-62,11
71,-7,11
68,-22,11
67,-25,11
71,-9,11
34,-63,11
71,-10,11
68,-23,11
69,-20,11
-26,67,11
-2,-72,11
21,-69,11
69,-21,11
50,52,11
-58,-43,11
-9,72,11
71,-16,11
-54,-49,11
-55,-48,11
71,-17,11
37,-63,11
71,-18,11
-7,73,11
-8,73,11
72,-15,11
73,-9,11
73,-10,11
72,-18,11
-60,44,11
38,-64,11
73,-15,11
74,-10,11
39,-64,11
73,-17,11
74,-15,11
-62,44,11
75,-13,11
75,-14,11
-7,76,11
-62,45,11
-3,77,11
-4,77,11
76,-13,11
-57,-52,11
-6,77,11
-56,-54,11
-57,-53,11
-58,-52,11
-12,77,11
-2,78,11
-4,78,11
-5,78,11
-8,78,11
-57,-54,11
-9,78,11
78,-9,11
-4,79,11
-57,-55,11
-7,79,11
-8,79,11
-9,79,11
79,-9,11
79,-10,11
79,-11,11
-3,80,11
-4,80,11
-57,57,11
80,-10,11
80,-13,11
-63,-51,11
-4,81,11
-64,-50,11
-76,29,11
-59,-56,11
-60,-55,11
81,-8,11
81,-10,11
-59,-57,11
-3,82,11
31,76,11
-61,-55,11
-62,-54,11
81,-15,11
-59,-58,11
-62,-55,11
-64,-54,11
-3,84,11
-58,61,11
-6,84,11
-64,-55,11
-62,-58,11
83,-18,11
-2,85,11
-62,-59,11
-68,-52,11
-65,-56,11
-66,-55,11
47,-72,11
-5,86,11
-6,86,11
78,-37,11
79,-35,11
-67,-55,11
77,-40,11
-68,-54,11
80,-34,11
-69,-53,11
-2,87,11
-66,-57,11
78,-39,11
79,-37,11
80,-35,11
81,-33,11
-69,-54,11
78,-40,11
-64,-60,11
-70,-53,11
-67,-57,11
71,52,11
-2,88,11
-3,88,11
-6,88,11
81,-35,11
-70,-54,11
-64,-61,11
-10,-88,11
-67,-58,11
-68,-57,11
82,-34,11
88,-12,11
-69,-56,11
-1,89,11
-70,-55,11
-2,89,11
-89,3,11
89,-3,11
-4,89,11
-64,-62,11
-65,-61,11
84,-30,11
-71,-54,11
-70,-56,11
89,-11,11
-12,-89,11
-71,-55,11
-66,-61,11
-67,-60,11
83,-35,11
-14,-89,11
81,-40,11
-63,65,11
-10,-90,11
-72,-55,11
81,-41,11
-13,-90,11
1,-91,11
-91,3,11
91,-5,11
91,-6,11
88,-24,11
-68,-61,11
-70,-59,11
-11,-91,11
-92,3,11
-69,-61,11
85,-36,11
-54,-75,11
-53,-76,11
45,-81,11
85,-37,11
47,-80,11
-2,-93,11
84,-40,11
44,-82,11
-93,4,11
46,-81,11
-9,-93,11
86,-37,11
-1,-94,11
46,-82,11
86,-38,11
-9,-94,11
87,-37,11
-95,3,11
4,-95,11
88,-37,11
87,-40,11
0,-96,11
-1,-96,11
-96,5,11
87,-41,11
88,-39,11
-97,3,11
45,-86,11
-97,5,11
-9,-97,11
89,-41,11
5,-98,11
-98,7,11
-9,-98,11
-10,-98,11
1,-100,11
-93,37,11
-94,35,11
-50,87,11
-94,37,11
-37,-96,11
-39,-96,11
-93,-47,11
-65,-82,11
-94,-48,11
-67,-82,11
-65,-84,11
-64,-85,11
-70,-81,11
90,58,11
-71,-81,11
-65,-86,11
-74,-79,11
-71,-82,11
93,56,11
-70,-83,11
-65,-87,11
-69,-84,11
-74,-81,11
-73,-82,11
-70,-85,11
95,56,11
94,58,11
-72,-84,11
-68,-88,11
95,58,11
-72,-85,11
-67,-89,11
-66,-90,11
-73,-85,11
-71,-87,11
-70,-88,11
94,-62,11
-72,-87,11
-71,-88,11
-70,-89,11
95,-62,11
-65,-93,11
93,-65,11
-84,-77,11
-66,-93,11
84,-80,11
-88,76,11
-89,75,11
98,-63,11
94,-69,11
-88,77,11
93,-71,11
86,-80,11
-89,77,11
94,-71,11
99,-64,11
97,-67,11
95,-70,11
86,-81,11
87,-80,11
-91,76,11
95,-71,11
87,-81,11
95,-72,11
-65,-100,11
96,-72,11
95,-74,11
96,-73,11
96,-74,11
-75,96,11
-76,96,11
-77,96,11
91,-87,11
-96,-93,11
97,-93,11
1,-37,10
2,-38,10
3,-38,10
0,-40,10
5,-40,10
0,-41,10
3,-41,10
4,-41,10
0,-42,10
4,-42,10
-29,-31,10
-29,-33,10
-31,-32,10
-32,32,10
-33,32,10
-32,33,10
28,-37,10
-30,-36,10
1,-47,10
29,-37,10
-2,-47,10
28,-38,10
2,-48,10
-37,-31,10
3,-49,10
-1,-51,10
-2,-51,10
-1,-52,10
-2,-52,10
-2,-53,10
0,-54,10
27,-47,10
29,-46,10
28,-47,10
0,-55,10
3,-55,10
25,-50,10
3,-56,10
29,-48,10
-8,-57,10
29,50,10
-10,-58,10
-7,-59,10
-6,-60,10
-61,2,10
27,-55,10
27,-56,10
26,-57,10
-11,-62,10
-12,-63,10
28,-58,10
30,-57,10
-14,-63,10
-19,-62,10
-17,-63,10
28,-59,10
-7,-65,10
29,-59,10
-19,-63,10
-20,-63,10
32,-58,10
-21,-63,10
31,-59,10
-15,-65,10
33,-58,10
65,-16,10
20,-64,10
-12,-66,10
-56,37,10
32,-59,10
21,-64,10
-14,-66,10
66,-15,10
65,-19,10
66,-16,10
30,-61,10
32,-60,10
-1,68,10
20,-65,10
23,-64,10
65,-20,10
-7,-68,10
31,-61,10
67,-14,10
33,-60,10
35,-59,10
22,-65,10
66,-19,10
32,-61,10
20,-66,10
66,-21,10
-7,-69,10
35,-60,10
69,-13,10
66,-24,10
33,-62,10
69,-14,10
67,-22,10
70,-9,10
68,-19,10
69,-15,10
28,-65,10
69,-16,10
67,-23,10
70,-11,10
-54,-46,10
-55,-45,10
69,-17,10
68,-21,10
71,-8,10
70,-16,10
29,-66,10
70,-18,10
69,-22,10
68,-25,10
70,-19,10
70,-20,10
21,-70,10
71,-19,10
37,-64,10
73,-14,10
74,-12,10
74,-14,10
75,-10,10
75,-12,10
76,-12,10
-7,78,10
-3,79,10
-58,-54,10
-59,-54,10
-61,-52,10
80,-8,10
-61,-53,10
-3,81,10
80,-14,10
-61,-54,10
-62,-53,10
-64,-51,10
-60,-56,10
-63,-53,10
-65,-51,10
-60,-57,10
-61,-56,10
-61,-57,10
-62,-57,10
-67,-52,10
-58,62,10
-63,-57,10
-64,-56,10
-65,-55,10
-5,85,10
-63,-58,10
-1,86,10
-67,-54,10
-68,-53,10
-63,-59,10
-63,-60,10
-1,87,10
1,87,10
-4,87,10
-7,87,10
-68,-55,10
-4,88,10
80,-37,10
-69,-55,10
79,-40,10
81,-36,10
-62,64,10
-69,-57,10
82,-36,10
-63,64,10
80,-41,10
-68,-59,10
90,-4,10
-69,-58,10
-71,-56,10
-68,-60,10
-69,-59,10
83,-37,10
-70,-58,10
-91,4,10
84,-36,10
83,-39,10
84,-37,10
-92,1,10
-92,2,10
-2,-92,10
-70,-60,10
0,-93,10
2,-93,10
-71,-61,10
85,-40,10
45,-83,10
87,-38,10
-1,-95,10
45,-84,10
44,-85,10
-96,4,10
-97,4,10
4,-97,10
-8,-97,10
-1,-98,10
-49,86,10
2,-99,10
-50,86,10
0,-100,10
2,-100,10
-95,37,10
-38,-95,10
-38,-96,10
-66,-82,10
-66,-83,10
-67,-83,10
-68,-83,10
-68,-84,10
-67,-85,10
-75,-79,10
-71,-83,10
-64,-89,10
-67,-88,10
95,57,10
-66,-89,10
-73,-84,10
-71,-86,10
-70,-87,10
93,-63,10
94,-63,10
-85,-75,10
95,-63,10
94,-65,10
95,-65,10
97,-63,10
-87,77,10
95,-68,10
-89,76,10
96,-67,10
94,-70,10
95,-69,10
93,-72,10
-91,75,10
99,-65,10
96,-71,10
-76,97,10
99,77,10
